کد درس,نام درس,نوع درس,تعداد واحد نظري,تعداد واحد عملي,کد ارائه کلاس درس,نام كلاس درس,زمانبندي تشکيل کلاس,استاد,ساير اساتيد,حداكثر ظرفيت,تعداد ثبت نامي تاکنون,زمان امتحان,مکان برگزاري,مقطع ارائه درس,نوع ارائه,سطح ارائه,دانشجويان مجاز به اخذ کلاس,گروه آموزشی,دانشکده,واحد,استان
5449136354,شیمی عمومی و آزمایشگاه,آزمايشگاهي,2,1,9905,,سه شنبه از 07:30 تا 10:00,امیر محسنی آهویی,,20,,1405/04/07 از 08:00 تا 10:00,,کاردانی پیوسته,حضوري,ارائه در سطح دانشکده,,گروه آموزشي علوم تغذيه و صنايع غذايي(7116320),163 - شيراز(163),163 - شيراز(71163),71 - فارس(71)
7000039564,شیمی مواد غذایی,نظري,2,0,99915,,,,,25,,1405/03/23 از 08:00 تا 10:00,,کاردانی پیوسته,حضوري,ارائه در سطح دانشکده,,گروه آموزشي علوم تغذيه و صنايع غذايي(7116320),163 - شيراز(163),163 - شيراز(71163),71 - فارس(71)
5449130423,زبان‌ فنی‌,نظري,2,0,9902,,دوشنبه از 07:30 تا 09:15,حجت اله گل کاری,,25,,1405/03/25 از 08:00 تا 10:00,,کاردانی پیوسته,حضوري,ارائه در سطح دانشکده,,گروه آموزشي علوم تغذيه و صنايع غذايي(7116320),163 - شيراز(163),163 - شيراز(71163),71 - فارس(71)
5449136450,شیمی موادغذایی,نظري,2,0,9901,,پنج شنبه از 07:30 تا 09:15,محمد هادی ناجی,,25,,1405/03/23 از 08:00 تا 10:00,,کاردانی پیوسته,حضوري,ارائه در سطح دانشکده,,گروه آموزشي علوم تغذيه و صنايع غذايي(7116320),163 - شيراز(163),163 - شيراز(71163),71 - فارس(71)
1338136368,شیمی فیزیک,نظري,2,0,6602,,,,,25,,1405/04/07 از 08:00 تا 10:00,,کارداني ناپیوسته,حضوري,ارائه در سطح دانشکده,,گروه آموزشي علوم تغذيه و صنايع غذايي(7116320),163 - شيراز(163),163 - شيراز(71163),71 - فارس(71)
3804100710,اخلاق حرفه ای,نظري,2,0,881-05,,,,,50,,1405/03/26 از 08:00 تا 10:00,,کاردانی پیوسته,حضوري,ارائه در سطح دانشکده,,گروه آموزشي مکانيک(7116326),163 - شيراز(163),163 - شيراز(71163),71 - فارس(71)
7000016492,اصول سرپرستی,نظري,2,0,851-03,,,,,50,,1405/04/07 از 08:00 تا 10:00,,کاردانی پیوسته,حضوري,ارائه در سطح دانشکده,,گروه آموزشي مکانيک(7116326),163 - شيراز(163),163 - شيراز(71163),71 - فارس(71)
3804181271,هیدرولیک و نیوماتیک و آزمایشگاه,آزمايشگاهي,1,1,881-44,,,,,50,,1405/03/23 از 13:00 تا 15:00,,کاردانی پیوسته,حضوري,ارائه در سطح دانشکده,,گروه آموزشي مکانيک(7116326),163 - شيراز(163),163 - شيراز(71163),71 - فارس(71)
3804160314,کارگاه مکانیک عمومی,كارگاهي,0,1,881-42,,,,,50,,,,کاردانی پیوسته,حضوري,ارائه در سطح دانشکده,,گروه آموزشي مکانيک(7116326),163 - شيراز(163),163 - شيراز(71163),71 - فارس(71)
3804181335,الکترومکانیک کاربردی,نظري,2,0,881-30,,,,,50,,1405/03/18 از 08:00 تا 10:00,,کاردانی پیوسته,حضوري,ارائه در سطح دانشکده,,گروه آموزشي مکانيک(7116326),163 - شيراز(163),163 - شيراز(71163),71 - فارس(71)
7000005125,روش تحقیق,نظري,2,0,163332630,,پنج شنبه از 07:30 تا 10:15,زهرا عادل پور,,6,,1405/04/08 از 08:00 تا 10:00,,كارشناسي ارشد ناپيوسته,حضوري,ارائه در سطح گروه آموزشی,,گروه آموزشي برق(7116336),163 - شيراز(163),163 - شيراز(71163),71 - فارس(71)
55099,مبانی مخابرات و رادیو (جبرانی),نظري,2,0,851-99,,يكشنبه از 15:45 تا 17:30,آذر محمودزاده,,50,,1405/04/13 از 08:00 تا 10:00,,کاردانی پیوسته,حضوري,ارائه در سطح دانشکده,,گروه آموزشي برق(7116336),163 - شيراز(163),163 - شيراز(71163),71 - فارس(71)
3733107521,الکترونیک عمومی,نظري,2,0,851-97,,چهارشنبه از 18:15 تا 20:00,زهرا کرمی هرستانی,,50,,1405/04/11 از 10:00 تا 12:00,,کاردانی پیوسته,حضوري,ارائه در سطح دانشکده,,گروه آموزشي برق(7116336),163 - شيراز(163),163 - شيراز(71163),71 - فارس(71)
55231,مبانی دیجیتال (جبرانی),نظري,2,0,881-92,,چهارشنبه از 16:45 تا 18:15,زهرا کرمی هرستانی,,50,,1405/04/16 از 08:00 تا 10:00,,کاردانی پیوسته,حضوري,ارائه در سطح دانشکده,,گروه آموزشي برق(7116336),163 - شيراز(163),163 - شيراز(71163),71 - فارس(71)
7000014012,مدار منطقی و میکروکنترلر,نظري,3,0,530-31,,,,,40,,1405/04/10 از 10:00 تا 12:00,,کارداني ناپیوسته,حضوري,ارائه در سطح دانشکده,,گروه آموزشي برق(7116336),163 - شيراز(163),163 - شيراز(71163),71 - فارس(71)
7000014001,مدارها و ماشین های الکتریکی,نظري,3,0,530-19,,,,,50,,1405/04/16 از 10:00 تا 12:00,,کارداني ناپیوسته,حضوري,ارائه در سطح دانشکده,,گروه آموزشي برق(7116336),163 - شيراز(163),163 - شيراز(71163),71 - فارس(71)
7000014002,الکترونیک کاربردی,نظري,2,0,530-21,,,,,40,,1405/04/09 از 10:00 تا 12:00,,کارداني ناپیوسته,حضوري,ارائه در سطح دانشکده,,گروه آموزشي برق(7116336),163 - شيراز(163),163 - شيراز(71163),71 - فارس(71)
55231,مبانی دیجیتال (جبرانی),نظري,2,0,530-12,,,,,50,,1405/04/16 از 08:00 تا 10:00,,کارداني ناپیوسته,حضوري,ارائه در سطح دانشکده,,گروه آموزشي برق(7116336),163 - شيراز(163),163 - شيراز(71163),71 - فارس(71)
55233,مبانی مخابرات و رادیو (جبرانی),نظري,2,0,530-13,,,,,50,,1405/04/13 از 08:00 تا 10:00,,کارداني ناپیوسته,حضوري,ارائه در سطح دانشکده,,گروه آموزشي برق(7116336),163 - شيراز(163),163 - شيراز(71163),71 - فارس(71)
55067,الکترونیک عمومی (جبرانی),نظري,2,0,530-11,,,,,50,,1405/04/11 از 10:00 تا 12:00,,کارداني ناپیوسته,حضوري,ارائه در سطح دانشکده,,گروه آموزشي برق(7116336),163 - شيراز(163),163 - شيراز(71163),71 - فارس(71)
7000031555,آزمایشگاه مدارهای الکتریکی و الکترونیکی,عملي,0,1,16342544677,,,,,3,,1405/03/30 از 08:00 تا 09:00,,كارشناسي پيوسته,حضوري,ارائه در سطح گروه آموزشی,,گروه آموزشي برق(7116336),163 - شيراز(163),163 - شيراز(71163),71 - فارس(71)
7000031555,آزمایشگاه مدارهای الکتریکی و الکترونیکی,عملي,0,1,16342544688,,,,,0,,1405/03/30 از 09:15 تا 11:00,,كارشناسي پيوسته,حضوري,ارائه در سطح گروه آموزشی,,گروه آموزشي برق(7116336),163 - شيراز(163),163 - شيراز(71163),71 - فارس(71)
4628102805,آزمایشگاه مدارهای الکتریکی,عملي,0,1,16342544677,,,,,0,,1405/03/30 از 08:00 تا 09:00,,كارشناسي پيوسته,حضوري,ارائه در سطح گروه آموزشی,,گروه آموزشي برق(7116336),163 - شيراز(163),163 - شيراز(71163),71 - فارس(71)
7000031537,مدارهای منطقی,نظري,3,0,1634254399,,,,,0,,1405/04/13 از 08:00 تا 10:00,,كارشناسي پيوسته,حضوري,ارائه در سطح گروه آموزشی,,گروه آموزشي برق(7116336),163 - شيراز(163),163 - شيراز(71163),71 - فارس(71)
7000031537,مدارهای منطقی,نظري,3,0,1634254398,,,,,0,,1405/04/13 از 08:00 تا 10:00,,كارشناسي پيوسته,حضوري,ارائه در سطح گروه آموزشی,,گروه آموزشي برق(7116336),163 - شيراز(163),163 - شيراز(71163),71 - فارس(71)
4628130341,ریزپردازنده و زبان اسمبلی,نظري,3,0,1634254229,,,,,0,,1405/04/07 از 08:00 تا 10:00,,كارشناسي پيوسته,حضوري,ارائه در سطح گروه آموزشی,,گروه آموزشي برق(7116336),163 - شيراز(163),163 - شيراز(71163),71 - فارس(71)
55244,مدارهای الکتریکی (جبرانی),نظري,2,0,851-29,,,,,50,,1405/04/09 از 10:00 تا 12:00,,کاردانی پیوسته,حضوري,ارائه در سطح دانشکده,,گروه آموزشي برق(7116336),163 - شيراز(163),163 - شيراز(71163),71 - فارس(71)
3804156371,کاراموزی 1,كارآموزي,0,1,881-08,,,سعید حسن حسینی,,50,,,,کاردانی پیوسته,حضوري,ارائه در سطح دانشکده,,گروه آموزشي برق(7116336),163 - شيراز(163),163 - شيراز(71163),71 - فارس(71)
7000039356,تحلیلDCمدارهای الکتریکی1,نظري_عملي,1,1,851-121,,سه شنبه از 07:30 تا 09:30,آذر محمودزاده,,50,,1405/04/06 از 10:00 تا 12:00,,کاردانی پیوسته,حضوري,ارائه در سطح دانشکده,,گروه آموزشي برق(7116336),163 - شيراز(163),163 - شيراز(71163),71 - فارس(71)
3804100710,اخلاق حرفه ای,نظري,2,0,881-120,,,سيدوحيد حسيني,,50,,1405/03/09 از 08:00 تا 10:00,,کاردانی پیوسته,حضوري,ارائه در سطح دانشکده,,گروه آموزشي برق(7116336),163 - شيراز(163),163 - شيراز(71163),71 - فارس(71)
7000039366,طراحی و ساخت مدار چاپی به کمک رایانه,كارگاهي,0,1,851-33,,,,,0,,1405/04/15 از 08:00 تا 10:00,,کاردانی پیوسته,حضوري,ارائه در سطح دانشکده,,گروه آموزشي برق(7116336),163 - شيراز(163),163 - شيراز(71163),71 - فارس(71)
7000039359,مدارهای دیجیتال و ریزپردازنده,نظري_عملي,1,1,851-32,,,,,50,,1405/04/10 از 10:00 تا 12:00,,کاردانی پیوسته,حضوري,ارائه در سطح دانشکده,,گروه آموزشي برق(7116336),163 - شيراز(163),163 - شيراز(71163),71 - فارس(71)
7000035039,مباحث ویژه,نظري_عملي,2,1,851-27,,,,,50,,1405/04/12 از 10:00 تا 12:00,,کاردانی پیوسته,حضوري,ارائه در سطح دانشکده,,گروه آموزشي برق(7116336),163 - شيراز(163),163 - شيراز(71163),71 - فارس(71)
7000023120,آزمایشگاه الکترونیک صنعتی1,كارگاهي,0,1,851-120,,,اسماعیل توانایی,,0,,,,کاردانی پیوسته,حضوري,ارائه در سطح دانشکده,,گروه آموزشي برق(7116336),163 - شيراز(163),163 - شيراز(71163),71 - فارس(71)
3994101602,آزمایشگاه الکترونیک 2,آزمايشگاهي,0,1,851-110,,,سعید حسن حسینی,,0,,,,کاردانی پیوسته,حضوري,ارائه در سطح دانشکده,,گروه آموزشي برق(7116336),163 - شيراز(163),163 - شيراز(71163),71 - فارس(71)
3804181270,فیزیک عمومی برق,نظري,2,0,881-50,,,,,50,,1405/04/14 از 08:00 تا 10:00,,کاردانی پیوسته,حضوري,ارائه در سطح دانشکده,,گروه آموزشي برق(7116336),163 - شيراز(163),163 - شيراز(71163),71 - فارس(71)
7000023122,الکترونیک 2,نظري_عملي,2,1,851-25,,چهارشنبه از 10:15 تا 13:00,محبوبه اقتصاد,,50,,1405/04/13 از 08:00 تا 10:00,مهارتی -205,کاردانی پیوسته,حضوري,ارائه در سطح دانشکده,,گروه آموزشي برق(7116336),163 - شيراز(163),163 - شيراز(71163),71 - فارس(71)
7000004307,الکترونیک 1,نظري_عملي,2,1,851-24,,سه شنبه از 15:00 تا 17:45,زهرا کرمی هرستانی,,50,,1405/04/09 از 10:00 تا 12:00,,کاردانی پیوسته,حضوري,ارائه در سطح دانشکده,,گروه آموزشي برق(7116336),163 - شيراز(163),163 - شيراز(71163),71 - فارس(71)
3804101694,آزمایشگاه اندازه گیری الکتریکی,كارگاهي,0,1,881-100,,,سعید حسن حسینی,,0,,,,کاردانی پیوسته,حضوري,ارائه در سطح دانشکده,,گروه آموزشي برق(7116336),163 - شيراز(163),163 - شيراز(71163),71 - فارس(71)
7000023119,مدارهای دیجیتال و ریز پردازنده,نظري_عملي,2,1,851-23,,پنج شنبه از 07:30 تا 10:15,سعید حسن حسینی,,50,,1405/04/10 از 10:00 تا 12:00,,کاردانی پیوسته,حضوري,ارائه در سطح دانشکده,,گروه آموزشي برق(7116336),163 - شيراز(163),163 - شيراز(71163),71 - فارس(71)
5894149562,مدیریت کسب و کار,نظري,2,0,851-22,,جمعه از 07:30 تا 09:30,سعید حسن حسینی,,0,,1405/04/17 از 08:00 تا 10:00,,کاردانی پیوسته,حضوري,ارائه در سطح دانشکده,,گروه آموزشي برق(7116336),163 - شيراز(163),163 - شيراز(71163),71 - فارس(71)
7000010556,آزمایشگاه مدارهای الکتریکی,عملي,0,1,851-21,,,سعید حسن حسینی,,0,,,,کاردانی پیوسته,حضوري,ارائه در سطح دانشکده,,گروه آموزشي برق(7116336),163 - شيراز(163),163 - شيراز(71163),71 - فارس(71)
3804181353,طراحی روشنایی داخلی و خارجی,نظري,2,0,881-46,,دوشنبه از 13:00 تا 15:30,عباس کمالی,,50,,1405/04/18 از 08:00 تا 10:00,,کاردانی پیوسته,حضوري,ارائه در سطح دانشکده,,گروه آموزشي برق(7116336),163 - شيراز(163),163 - شيراز(71163),71 - فارس(71)
3804181279,کاربرد نرم افزارهای ترسیمی در برق,كارگاهي,1,1,881-45,,چهارشنبه از 17:00 تا 18:45,زهرا مقصود زاده,,50,,1405/04/15 از 08:00 تا 10:00,,کاردانی پیوسته,حضوري,ارائه در سطح دانشکده,,گروه آموزشي برق(7116336),163 - شيراز(163),163 - شيراز(71163),71 - فارس(71)
3998184964,فیزیک الکتریسیته ومغناطیس,نظري,2,0,881-43,,پنج شنبه از 13:00 تا 14:45,مسلم محمدی,,50,,1405/04/14 از 08:00 تا 10:00,مهارتی -205,کاردانی پیوسته,حضوري,ارائه در سطح دانشکده,,گروه آموزشي برق(7116336),163 - شيراز(163),163 - شيراز(71163),71 - فارس(71)
7000016176,پروژه,عملي,0,2,851-16,,,سعید حسن حسینی,,50,,,,کاردانی پیوسته,حضوري,ارائه در سطح دانشکده,,گروه آموزشي برق(7116336),163 - شيراز(163),163 - شيراز(71163),71 - فارس(71)
100002,کارآموزی طرح پویش (3) کاردانی و کارشناسی,طرح پویش,0,2,881-40,,,سید محمدرضا ناظم السادات,,50,,,,کاردانی پیوسته,حضوري,ارائه در سطح دانشکده,,گروه آموزشي برق(7116336),163 - شيراز(163),163 - شيراز(71163),71 - فارس(71)
100001,کارآموزی طرح پویش (2) کاردانی و کارشناسی,طرح پویش,0,2,881-38,,,سید محمدرضا ناظم السادات,,50,,,,کاردانی پیوسته,حضوري,ارائه در سطح دانشکده,,گروه آموزشي برق(7116336),163 - شيراز(163),163 - شيراز(71163),71 - فارس(71)
100000,کارآموزی طرح پویش (1) کاردانی و کارشناسی,طرح پویش,0,2,881-36,,,سعید حسن حسینی,,50,,,,کاردانی پیوسته,حضوري,ارائه در سطح دانشکده,,گروه آموزشي برق(7116336),163 - شيراز(163),163 - شيراز(71163),71 - فارس(71)
7000002730,کارآموزی(2),كارآموزي,0,2,851-15,,,سعید حسن حسینی,,50,,,,کاردانی پیوسته,حضوري,ارائه در سطح دانشکده,,گروه آموزشي برق(7116336),163 - شيراز(163),163 - شيراز(71163),71 - فارس(71)
3804156433,کارآموزی 2,كارآموزي,0,1,881-36,,,سعید حسن حسینی,,50,,,,کاردانی پیوسته,حضوري,ارائه در سطح دانشکده,,گروه آموزشي برق(7116336),163 - شيراز(163),163 - شيراز(71163),71 - فارس(71)
3804156433,کارآموزی 2,كارآموزي,0,1,881-35,,,سعید حسن حسینی,,50,,,,کاردانی پیوسته,حضوري,ارائه در سطح دانشکده,,گروه آموزشي برق(7116336),163 - شيراز(163),163 - شيراز(71163),71 - فارس(71)
3804181347,ماشین های الکتریکی AC وآزمایشگاه,آزمايشگاهي,1,1,881-34,,,,,50,,1405/04/16 از 10:00 تا 12:00,,کاردانی پیوسته,حضوري,ارائه در سطح دانشکده,,گروه آموزشي برق(7116336),163 - شيراز(163),163 - شيراز(71163),71 - فارس(71)
3804184393,طراحی و شبیه سازی خانه هوشمند,نظري_عملي,1,1,881-33,,چهارشنبه از 15:15 تا 17:00,محبوبه اقتصاد,,50,,1405/04/10 از 08:00 تا 10:00,,کاردانی پیوسته,حضوري,ارائه در سطح دانشکده,,گروه آموزشي برق(7116336),163 - شيراز(163),163 - شيراز(71163),71 - فارس(71)
3804181275,تحلیل مدارهای الکتریکی AC,نظري,2,0,881-31,,چهارشنبه از 07:30 تا 09:30,آذر محمودزاده,,50,,1405/04/09 از 08:00 تا 10:00,,کاردانی پیوسته,حضوري,ارائه در سطح دانشکده,,گروه آموزشي برق(7116336),163 - شيراز(163),163 - شيراز(71163),71 - فارس(71)
7000023118,کنترل صنعتی,نظري_عملي,2,1,851-13,,پنج شنبه از 10:15 تا 13:00,محمد انصاری,,50,,1405/04/15 از 08:00 تا 10:00,,کاردانی پیوسته,حضوري,ارائه در سطح دانشکده,,گروه آموزشي برق(7116336),163 - شيراز(163),163 - شيراز(71163),71 - فارس(71)
3804181352,کنترل صنعتی و آزمایشگاه,آزمايشگاهي,1,1,881-28,,,,,50,,1405/04/15 از 08:00 تا 10:00,,کاردانی پیوسته,حضوري,ارائه در سطح دانشکده,,گروه آموزشي برق(7116336),163 - شيراز(163),163 - شيراز(71163),71 - فارس(71)
7000023125,میکرو کامپیوتر 1,نظري_عملي,2,1,851-12,,,,,50,,1405/04/13 از 08:00 تا 10:00,,کاردانی پیوسته,حضوري,ارائه در سطح دانشکده,,گروه آموزشي برق(7116336),163 - شيراز(163),163 - شيراز(71163),71 - فارس(71)
3804181339,کاربرد میکروکنترلرها و آزمایشگاه,آزمايشگاهي,1,1,881-29,,چهارشنبه از 13:00 تا 15:00,سعید حسن حسینی,,50,,1405/04/13 از 08:00 تا 10:00,,کاردانی پیوسته,حضوري,ارائه در سطح دانشکده,,گروه آموزشي برق(7116336),163 - شيراز(163),163 - شيراز(71163),71 - فارس(71)
55225,ماشین های الکتریکی AC (جبرانی),نظري,2,0,881-27,,چهارشنبه از 07:30 تا 09:15,سعید حسن حسینی,,50,,1405/04/17 از 08:00 تا 10:00,,کاردانی پیوسته,حضوري,ارائه در سطح دانشکده,,گروه آموزشي برق(7116336),163 - شيراز(163),163 - شيراز(71163),71 - فارس(71)
7000023124,کاربرد نرم افزارهای تخصصی در الکترونیک,كارگاهي,0,1,851-10,,,,,50,,1405/04/18 از 08:00 تا 10:00,,کاردانی پیوسته,حضوري,ارائه در سطح دانشکده,,گروه آموزشي برق(7116336),163 - شيراز(163),163 - شيراز(71163),71 - فارس(71)
3804181283,کاربرد نرم افزارهای تحلیلی در برق,كارگاهي,1,1,881-23,,پنج شنبه از 13:00 تا 15:00,محمد انصاری,,50,,1405/04/18 از 08:00 تا 10:00,,کاردانی پیوسته,حضوري,ارائه در سطح دانشکده,,گروه آموزشي برق(7116336),163 - شيراز(163),163 - شيراز(71163),71 - فارس(71)
3804176669,الکترونیک عمومی و آزمایشگاه,آزمايشگاهي,1,1,881-25,,,,,50,,1405/04/09 از 10:00 تا 12:00,,کاردانی پیوسته,حضوري,ارائه در سطح دانشکده,,گروه آموزشي برق(7116336),163 - شيراز(163),163 - شيراز(71163),71 - فارس(71)
5893107502,الکترونیک صنعتی 1,نظري_عملي,1,1,851-09,,پنج شنبه از 07:30 تا 10:15,محمد انصاری,,50,,1405/04/08 از 10:00 تا 12:00,مهارتی -205,کاردانی پیوسته,حضوري,ارائه در سطح دانشکده,,گروه آموزشي برق(7116336),163 - شيراز(163),163 - شيراز(71163),71 - فارس(71)
3804181331,الکترونیک صنعتی و آزمایشگاه,آزمايشگاهي,1,1,881-21,,,,,50,,1405/04/08 از 10:00 تا 12:00,,کاردانی پیوسته,حضوري,ارائه در سطح دانشکده,,گروه آموزشي برق(7116336),163 - شيراز(163),163 - شيراز(71163),71 - فارس(71)
7000012882,آزمایشگاه ماشین های الکتریکی,كارگاهي,0,1,851-08,,,سعید حسن حسینی,,0,,,,کاردانی پیوسته,حضوري,ارائه در سطح دانشکده,,گروه آموزشي برق(7116336),163 - شيراز(163),163 - شيراز(71163),71 - فارس(71)
3804181359,طراحی و اجرای تابلوهای صنعتی LVوMV,كارگاهي,1,1,881-20,,دوشنبه از 10:15 تا 13:00,سعید حسن حسینی,,50,,1405/04/18 از 08:00 تا 10:00,,کاردانی پیوسته,حضوري,ارائه در سطح دانشکده,,گروه آموزشي برق(7116336),163 - شيراز(163),163 - شيراز(71163),71 - فارس(71)
7000012485,ماشینهای الکتریکی,نظري,2,0,851-07,,سه شنبه از 13:00 تا 15:45,محمد انصاری,,50,,1405/04/16 از 10:00 تا 12:00,مهارتی -205,کاردانی پیوسته,حضوري,ارائه در سطح دانشکده,,گروه آموزشي برق(7116336),163 - شيراز(163),163 - شيراز(71163),71 - فارس(71)
3804181346,ماشین های الکتریکی DC وآزمایشگاه,آزمايشگاهي,1,1,881-18,,چهارشنبه از 15:30 تا 17:30,سعید حسن حسینی,,50,,1405/04/11 از 10:00 تا 12:00,,کاردانی پیوسته,حضوري,ارائه در سطح دانشکده,,گروه آموزشي برق(7116336),163 - شيراز(163),163 - شيراز(71163),71 - فارس(71)
3804117168,تجهیزات پست و نیروگاه,نظري,3,0,881-16,,چهارشنبه از 07:30 تا 10:15,محبوبه اقتصاد,,50,,1405/04/12 از 10:00 تا 12:00,,کاردانی پیوسته,حضوري,ارائه در سطح دانشکده,,گروه آموزشي برق(7116336),163 - شيراز(163),163 - شيراز(71163),71 - فارس(71)
3804181351,طراحی و اجرای مدارهای فرمان صنعتی,نظری-کارگاهی,1,1,881-17,,دوشنبه از 15:30 تا 17:30,عباس کمالی,,50,,1405/04/12 از 08:00 تا 10:00,,کاردانی پیوسته,حضوري,ارائه در سطح دانشکده,,گروه آموزشي برق(7116336),163 - شيراز(163),163 - شيراز(71163),71 - فارس(71)
55131,مدارهای الکتریکی (جبرانی),نظري,2,0,881-14,,چهارشنبه از 15:00 تا 16:45,زهرا کرمی هرستانی,,50,,1405/04/09 از 10:00 تا 12:00,,کاردانی پیوسته,حضوري,ارائه در سطح دانشکده,,گروه آموزشي برق(7116336),163 - شيراز(163),163 - شيراز(71163),71 - فارس(71)
3804181274,تحلیل مدارهای الکتریکی DC,نظري,2,0,881-13,,,,,50,,1405/04/06 از 10:00 تا 12:00,,کاردانی پیوسته,حضوري,ارائه در سطح دانشکده,,گروه آموزشي برق(7116336),163 - شيراز(163),163 - شيراز(71163),71 - فارس(71)
6231208172,زبان فنی,نظري,2,0,851-05,,,,,50,,1405/04/06 از 08:00 تا 10:00,,کاردانی پیوسته,حضوري,ارائه در سطح دانشکده,,گروه آموزشي برق(7116336),163 - شيراز(163),163 - شيراز(71163),71 - فارس(71)
3804130423,زبان‌ فنی‌,نظري,2,0,881-12,,سه شنبه از 17:45 تا 19:30,محبوبه اقتصاد,,50,,1405/04/06 از 08:00 تا 10:00,,کاردانی پیوسته,حضوري,ارائه در سطح دانشکده,,گروه آموزشي برق(7116336),163 - شيراز(163),163 - شيراز(71163),71 - فارس(71)
3804181388,طراحی و نصب نیروگاه بادی وخورشیدی,كارگاهي,1,1,881-11,,سه شنبه از 15:45 تا 18:00,محمد انصاری,,50,,1405/04/12 از 10:00 تا 12:00,مهارتی -205,کاردانی پیوسته,حضوري,ارائه در سطح دانشکده,,گروه آموزشي برق(7116336),163 - شيراز(163),163 - شيراز(71163),71 - فارس(71)
3804156371,کاراموزی 1,كارآموزي,0,1,881-09,,,سعید حسن حسینی,,50,,,,کاردانی پیوسته,حضوري,ارائه در سطح دانشکده,,گروه آموزشي برق(7116336),163 - شيراز(163),163 - شيراز(71163),71 - فارس(71)
1388130047,ریاضی عمومی,نظري,2,0,6619,,,,,25,,1405/04/06 از 08:00 تا 10:00,,کارداني ناپیوسته,حضوري,ارائه در سطح دانشکده,,گروه آموزشي علوم تربيتي(7116321),163 - شيراز(163),163 - شيراز(71163),71 - فارس(71)
55002,فیزیک مکانیک (پیش نیاز دانشگاهی),نظري,2,0,7745,,,,,35,,1405/03/26 از 10:00 تا 12:00,,کاردانی پیوسته,حضوري,ارائه در سطح دانشکده,,گروه آموزشي علوم تربيتي(7116321),163 - شيراز(163),163 - شيراز(71163),71 - فارس(71)
5889131876,زیست شناسی,نظري,3,0,3325,,دوشنبه از 07:30 تا 10:00,هانیه نوذری,,25,,1405/03/30 از 08:00 تا 10:00,,کاردانی پیوسته,حضوري,ارائه در سطح دانشکده,,گروه آموزشي علوم تربيتي(7116321),163 - شيراز(163),163 - شيراز(71163),71 - فارس(71)
5449130047,ریاضی عمومی,نظري,3,0,9906,,,,,35,,1405/04/06 از 08:00 تا 10:00,,کاردانی پیوسته,حضوري,ارائه در سطح دانشکده,,گروه آموزشي علوم تربيتي(7116321),163 - شيراز(163),163 - شيراز(71163),71 - فارس(71)
55223,فیزیک پیش دانشگاهی,نظري,2,0,2245,,,,,25,,1405/03/26 از 10:00 تا 12:00,,کاردانی پیوسته,حضوري,ارائه در سطح دانشکده,,گروه آموزشي علوم تربيتي(7116321),163 - شيراز(163),163 - شيراز(71163),71 - فارس(71)
55024,روانشناسی عمومی (جبرانی),نظري,2,0,2218,,,,,25,,1405/04/01 از 08:00 تا 10:00,,کاردانی پیوسته,حضوري,ارائه در سطح دانشکده,,گروه آموزشي علوم تربيتي(7116321),163 - شيراز(163),163 - شيراز(71163),71 - فارس(71)
55106,بیماری های شایع کودکان (جبرانی),نظري,2,0,2216,,,,,25,,1405/04/07 از 08:00 تا 10:00,,کاردانی پیوسته,حضوري,ارائه در سطح دانشکده,,گروه آموزشي علوم تربيتي(7116321),163 - شيراز(163),163 - شيراز(71163),71 - فارس(71)
55198,زیست شناسی (جبرانی),نظري,3,0,2215,,,,,25,,1405/03/30 از 08:00 تا 10:00,,کاردانی پیوسته,حضوري,ارائه در سطح دانشکده,,گروه آموزشي علوم تربيتي(7116321),163 - شيراز(163),163 - شيراز(71163),71 - فارس(71)
1050112563,بهداشت خانواده و مدارس,نظري,2,0,2214,,,,,25,,1405/03/30 از 13:00 تا 15:00,,کاردانی پیوسته,حضوري,ارائه در سطح دانشکده,,گروه آموزشي علوم تربيتي(7116321),163 - شيراز(163),163 - شيراز(71163),71 - فارس(71)
1050126897,روانشناسی‌تربیتی‌,نظري,2,0,2205,,,,,25,,1405/04/06 از 08:00 تا 10:00,,کاردانی پیوسته,حضوري,ارائه در سطح دانشکده,,گروه آموزشي علوم تربيتي(7116321),163 - شيراز(163),163 - شيراز(71163),71 - فارس(71)
1050107757,آمارحیاتی,نظري,2,0,2204,,,,,25,,1405/04/06 از 10:00 تا 12:00,,کاردانی پیوسته,حضوري,ارائه در سطح دانشکده,,گروه آموزشي علوم تربيتي(7116321),163 - شيراز(163),163 - شيراز(71163),71 - فارس(71)
1050106458,اصول و فنون مشاوره و راهنمایی,نظري,2,0,2201,,,,,25,,1405/03/28 از 13:00 تا 15:00,,کاردانی پیوسته,حضوري,ارائه در سطح دانشکده,,گروه آموزشي علوم تربيتي(7116321),163 - شيراز(163),163 - شيراز(71163),71 - فارس(71)
55223,فیزیک پیش دانشگاهی,نظري,2,0,3445,,,,,25,,1405/03/26 از 10:00 تا 12:00,,کارداني ناپیوسته,حضوري,ارائه در سطح دانشکده,,گروه آموزشي علوم تربيتي(7116321),163 - شيراز(163),163 - شيراز(71163),71 - فارس(71)
55011,روانشناسی (پیش نیاز دانشگاهی),نظري,2,0,3416,,,,,25,,1405/03/28 از 13:00 تا 15:00,,کارداني ناپیوسته,حضوري,ارائه در سطح دانشکده,,گروه آموزشي علوم تربيتي(7116321),163 - شيراز(163),163 - شيراز(71163),71 - فارس(71)
2205149240,مدیریت مراکز پیش دبستانی,نظري_عملي,1,1,3415,,,,,25,,1405/03/26 از 08:00 تا 10:00,,کارداني ناپیوسته,حضوري,ارائه در سطح دانشکده,,گروه آموزشي علوم تربيتي(7116321),163 - شيراز(163),163 - شيراز(71163),71 - فارس(71)
2205142209,قصه گویی و نمایش خلاق,نظري_عملي,1,1,3414,,دوشنبه از 16:30 تا 19:00,جواد اسکندری,,25,,1405/03/31 از 13:00 تا 15:00,,کارداني ناپیوسته,حضوري,ارائه در سطح دانشکده,,گروه آموزشي علوم تربيتي(7116321),163 - شيراز(163),163 - شيراز(71163),71 - فارس(71)
2205166984,روش تدریس علوم تجربی و اجتماعی,نظري_عملي,1,1,3413,,,,,25,,1405/04/02 از 08:00 تا 10:00,,کارداني ناپیوسته,حضوري,ارائه در سطح دانشکده,,گروه آموزشي علوم تربيتي(7116321),163 - شيراز(163),163 - شيراز(71163),71 - فارس(71)
2205183288,زبان آموزی و مقدمات خواندن و نوشتن,نظري_عملي,1,1,3412,,,,,25,,1405/03/27 از 13:00 تا 15:00,,کارداني ناپیوسته,حضوري,ارائه در سطح دانشکده,,گروه آموزشي علوم تربيتي(7116321),163 - شيراز(163),163 - شيراز(71163),71 - فارس(71)
2205184582,اموزش هنر ( کاردستی و نقاشی ),نظري_عملي,2,1,3411,,,,,25,,1405/03/28 از 08:00 تا 10:00,,کارداني ناپیوسته,حضوري,ارائه در سطح دانشکده,,گروه آموزشي علوم تربيتي(7116321),163 - شيراز(163),163 - شيراز(71163),71 - فارس(71)
2205183285,حرکات ورزشی و سرود های کودکان,نظري_عملي,1,1,3410,,,,,25,,1405/04/01 از 13:00 تا 15:00,,کارداني ناپیوسته,حضوري,ارائه در سطح دانشکده,,گروه آموزشي علوم تربيتي(7116321),163 - شيراز(163),163 - شيراز(71163),71 - فارس(71)
2205129261,روشهای تغییر و اصلاح رفتار,نظري_عملي,2,1,3409,,يكشنبه از 16:15 تا 19:00,ليلا ال منصور,,25,,1405/04/07 از 08:00 تا 10:00,,کارداني ناپیوسته,حضوري,ارائه در سطح دانشکده,,گروه آموزشي علوم تربيتي(7116321),163 - شيراز(163),163 - شيراز(71163),71 - فارس(71)
2205112579,بهداشت روانی,نظري,2,0,3408,,,,,25,,1405/03/28 از 13:00 تا 15:00,,کارداني ناپیوسته,حضوري,ارائه در سطح دانشکده,,گروه آموزشي علوم تربيتي(7116321),163 - شيراز(163),163 - شيراز(71163),71 - فارس(71)
2205104371,آشنایی با مفاهیم وروش تدریس ریاضیات,نظري_عملي,1,1,3407,,,,,25,,1405/04/06 از 13:00 تا 15:00,,کارداني ناپیوسته,حضوري,ارائه در سطح دانشکده,,گروه آموزشي علوم تربيتي(7116321),163 - شيراز(163),163 - شيراز(71163),71 - فارس(71)
2205126897,روانشناسی‌تربیتی‌,نظري,2,0,3406,,يكشنبه از 14:30 تا 16:15,ليلا ال منصور,,25,,1405/04/06 از 08:00 تا 10:00,,کارداني ناپیوسته,حضوري,ارائه در سطح دانشکده,,گروه آموزشي علوم تربيتي(7116321),163 - شيراز(163),163 - شيراز(71163),71 - فارس(71)
2205126844,روان‌ شناسی‌ بازی‌,نظري,2,0,3405,,,,,25,,1405/03/30 از 13:00 تا 15:00,,کارداني ناپیوسته,حضوري,ارائه در سطح دانشکده,,گروه آموزشي علوم تربيتي(7116321),163 - شيراز(163),163 - شيراز(71163),71 - فارس(71)
2205183289,اصول و مفاهیم آموزش پیش از دبستان,نظري,2,0,3404,,,,,25,,1405/03/23 از 08:00 تا 10:00,,کارداني ناپیوسته,حضوري,ارائه در سطح دانشکده,,گروه آموزشي علوم تربيتي(7116321),163 - شيراز(163),163 - شيراز(71163),71 - فارس(71)
2205183284,برنامه ریزی آموزش پیش دبستانی,نظري_عملي,2,1,3403,,,,,25,,1405/03/26 از 08:00 تا 10:00,,کارداني ناپیوسته,حضوري,ارائه در سطح دانشکده,,گروه آموزشي علوم تربيتي(7116321),163 - شيراز(163),163 - شيراز(71163),71 - فارس(71)
2205127204,روانشناسی عمومی 1,نظري,2,0,3402,,,,,25,,1405/04/01 از 08:00 تا 10:00,,کارداني ناپیوسته,حضوري,ارائه در سطح دانشکده,,گروه آموزشي علوم تربيتي(7116321),163 - شيراز(163),163 - شيراز(71163),71 - فارس(71)
2205126898,روانشناسی‌ رشد,نظري_عملي,2,1,3401,,,,,25,,1405/03/24 از 08:00 تا 10:00,,کارداني ناپیوسته,حضوري,ارائه در سطح دانشکده,,گروه آموزشي علوم تربيتي(7116321),163 - شيراز(163),163 - شيراز(71163),71 - فارس(71)
55223,فیزیک پیش دانشگاهی,نظري,2,0,3345,,دوشنبه از 07:30 تا 09:15,سید محمد حجی خراسانی.,,25,,1405/03/26 از 10:00 تا 12:00,,کاردانی پیوسته,حضوري,ارائه در سطح دانشکده,,گروه آموزشي علوم تربيتي(7116321),163 - شيراز(163),163 - شيراز(71163),71 - فارس(71)
5889181254,بهداشت وصیانت از محیط زیست,نظري,2,0,3344,,چهارشنبه از 09:15 تا 11:00,هانیه نوذری,,25,,1405/03/25 از 10:00 تا 12:00,,کاردانی پیوسته,حضوري,ارائه در سطح دانشکده,,گروه آموزشي علوم تربيتي(7116321),163 - شيراز(163),163 - شيراز(71163),71 - فارس(71)
5889181254,بهداشت وصیانت از محیط زیست,نظري,2,0,3343,,چهارشنبه از 07:30 تا 09:15,هانیه نوذری,,25,,1405/03/25 از 10:00 تا 12:00,,کاردانی پیوسته,حضوري,ارائه در سطح دانشکده,,گروه آموزشي علوم تربيتي(7116321),163 - شيراز(163),163 - شيراز(71163),71 - فارس(71)
5889181254,بهداشت وصیانت از محیط زیست,نظري,2,0,3342,,دوشنبه از 12:30 تا 14:30,حمیده ادراکی,,25,,1405/03/25 از 10:00 تا 12:00,,کاردانی پیوسته,حضوري,ارائه در سطح دانشکده,,گروه آموزشي علوم تربيتي(7116321),163 - شيراز(163),163 - شيراز(71163),71 - فارس(71)
5889181254,بهداشت وصیانت از محیط زیست,نظري,2,0,3341,,شنبه از 12:30 تا 14:30,حمیده ادراکی,,25,,1405/03/25 از 10:00 تا 12:00,,کاردانی پیوسته,حضوري,ارائه در سطح دانشکده,,گروه آموزشي علوم تربيتي(7116321),163 - شيراز(163),163 - شيراز(71163),71 - فارس(71)
7000014671,بیماری های شایع کودکان,نظري,2,0,3323,,چهارشنبه از 09:15 تا 11:00,مهناز زارع,,25,,1405/04/07 از 08:00 تا 10:00,,کاردانی پیوسته,حضوري,ارائه در سطح دانشکده,,گروه آموزشي علوم تربيتي(7116321),163 - شيراز(163),163 - شيراز(71163),71 - فارس(71)
4774112658,بهداشت مدارس,نظري,2,0,3322,,يكشنبه از 07:30 تا 09:15,هانیه نوذری,,25,,1405/03/30 از 13:00 تا 15:00,,کاردانی پیوسته,حضوري,ارائه در سطح دانشکده,,گروه آموزشي علوم تربيتي(7116321),163 - شيراز(163),163 - شيراز(71163),71 - فارس(71)
7000005279,روان شناسی عمومی,نظري,2,0,3321,,يكشنبه از 14:30 تا 16:15,محمد رضا صابری,,25,,1405/04/01 از 08:00 تا 10:00,,کاردانی پیوسته,حضوري,ارائه در سطح دانشکده,,گروه آموزشي علوم تربيتي(7116321),163 - شيراز(163),163 - شيراز(71163),71 - فارس(71)
5889142209,قصه گویی و نمایش خلاق,عملي,0,1,3319,,,,,25,,1405/03/31 از 13:00 تا 15:00,,کاردانی پیوسته,حضوري,ارائه در سطح دانشکده,,گروه آموزشي علوم تربيتي(7116321),163 - شيراز(163),163 - شيراز(71163),71 - فارس(71)
5889205923,برنامه ریزی آموزش مفاهیم علوم ریاضی پیش از دبستان,كارگاهي,1,1,3318,,يكشنبه از 16:15 تا 19:15,عیسی کشاورزمویدی,,25,,1405/04/06 از 13:00 تا 15:00,,کاردانی پیوسته,حضوري,ارائه در سطح دانشکده,,گروه آموزشي علوم تربيتي(7116321),163 - شيراز(163),163 - شيراز(71163),71 - فارس(71)
5889205911,اصول راهنمایی ومشاوره کودک,نظري,2,0,3317,,يكشنبه از 14:30 تا 16:15,عیسی کشاورزمویدی,,25,,1405/03/28 از 13:00 تا 15:00,,کاردانی پیوسته,حضوري,ارائه در سطح دانشکده,,گروه آموزشي علوم تربيتي(7116321),163 - شيراز(163),163 - شيراز(71163),71 - فارس(71)
5889205914,زبان فنی تربیت کودک,نظري,2,0,3316,,يكشنبه از 11:00 تا 12:45,ليلا ال منصور,,25,,1405/03/24 از 08:00 تا 10:00,,کاردانی پیوسته,حضوري,ارائه در سطح دانشکده,,گروه آموزشي علوم تربيتي(7116321),163 - شيراز(163),163 - شيراز(71163),71 - فارس(71)
5889205861,طراحی فضای خلاق در مراکز پیش از دبستان,كارگاهي,0,1,3315,,دوشنبه از 14:30 تا 16:30,جواد اسکندری,,25,,1405/03/23 از 13:00 تا 15:00,,کاردانی پیوسته,حضوري,ارائه در سطح دانشکده,,گروه آموزشي علوم تربيتي(7116321),163 - شيراز(163),163 - شيراز(71163),71 - فارس(71)
5889205919,مدیریت آموزشی در مراکز پیش از دبستان,نظري,2,0,3314,,چهارشنبه از 07:30 تا 09:15,مهناز زارع,,25,,1405/03/26 از 08:00 تا 10:00,,کاردانی پیوسته,حضوري,ارائه در سطح دانشکده,,گروه آموزشي علوم تربيتي(7116321),163 - شيراز(163),163 - شيراز(71163),71 - فارس(71)
5889205916,برنامه ریزی آموزش حرکات ورزشی واصلاحی کودکان,كارگاهي,1,1,3313,,دوشنبه از 09:15 تا 12:00,علیرضا رحیمی,,25,,1405/04/01 از 13:00 تا 15:00,,کاردانی پیوسته,حضوري,ارائه در سطح دانشکده,,گروه آموزشي علوم تربيتي(7116321),163 - شيراز(163),163 - شيراز(71163),71 - فارس(71)
5889205909,پرورش مهارت های آموزش بازی به کودکان,كارگاهي,2,1,3312,,دوشنبه از 14:30 تا 18:30,مهناز زارع,,25,,1405/03/30 از 13:00 تا 15:00,,کاردانی پیوسته,حضوري,ارائه در سطح دانشکده,,گروه آموزشي علوم تربيتي(7116321),163 - شيراز(163),163 - شيراز(71163),71 - فارس(71)
5889205913,پرورش مهارت های زبان آموزی,كارگاهي,1,2,3311,,سه شنبه از 14:30 تا 18:30,جواد اسکندری,,25,,1405/03/27 از 13:00 تا 15:00,,کاردانی پیوسته,حضوري,ارائه در سطح دانشکده,,گروه آموزشي علوم تربيتي(7116321),163 - شيراز(163),163 - شيراز(71163),71 - فارس(71)
5889205922,برنامه ریزی آموزش مفاهیم اجتماعی ودینی پیش از دبستان,كارگاهي,1,2,3310,,چهارشنبه از 14:30 تا 18:30,علیرضا رحیمی,,25,,1405/03/25 از 13:00 تا 15:00,,کاردانی پیوسته,حضوري,ارائه در سطح دانشکده,,گروه آموزشي علوم تربيتي(7116321),163 - شيراز(163),163 - شيراز(71163),71 - فارس(71)
5889205920,برنامه ریزی آموزش مفاهیم علوم تجربی، پیش از دبستان,كارگاهي,1,1,3309,,چهارشنبه از 11:00 تا 14:00,هانیه نوذری,,35,,1405/04/02 از 08:00 تا 10:00,,کاردانی پیوسته,حضوري,ارائه در سطح دانشکده,,گروه آموزشي علوم تربيتي(7116321),163 - شيراز(163),163 - شيراز(71163),71 - فارس(71)
5889205906,واحد کار هنر,كارگاهي,1,1,3308,,دوشنبه از 12:45 تا 14:30,مهناز زارع,,25,,1405/03/31 از 08:00 تا 10:00,,کاردانی پیوسته,حضوري,ارائه در سطح دانشکده,,گروه آموزشي علوم تربيتي(7116321),163 - شيراز(163),163 - شيراز(71163),71 - فارس(71)
5889128683,روشهای‌ آماری‌ در علوم‌ تربیتی‌,نظري,2,0,3307,,شنبه از 17:15 تا 19:00,علیرضا عقیلی,,25,,1405/04/06 از 10:00 تا 12:00,,کاردانی پیوسته,حضوري,ارائه در سطح دانشکده,,گروه آموزشي علوم تربيتي(7116321),163 - شيراز(163),163 - شيراز(71163),71 - فارس(71)
5889131876,زیست شناسی,نظري,3,0,3306,,دوشنبه از 10:00 تا 12:30,هانیه نوذری,,40,,1405/03/30 از 08:00 تا 10:00,,کاردانی پیوسته,حضوري,ارائه در سطح دانشکده,,گروه آموزشي علوم تربيتي(7116321),163 - شيراز(163),163 - شيراز(71163),71 - فارس(71)
5889205908,پرورش مهارت های آموزش هنر، نقاشی و کاردستی,كارگاهي,1,2,3305,,چهارشنبه از 13:30 تا 18:00,مهناز زارع,,25,,1405/03/28 از 08:00 تا 10:00,,کاردانی پیوسته,حضوري,ارائه در سطح دانشکده,,گروه آموزشي علوم تربيتي(7116321),163 - شيراز(163),163 - شيراز(71163),71 - فارس(71)
5889111820,برنامه ریزی دردوره پیش ازدبستان,نظري_عملي,1,1,3304,,چهارشنبه از 11:00 تا 13:30,مهناز زارع,,25,,1405/03/26 از 08:00 تا 10:00,,کاردانی پیوسته,حضوري,ارائه در سطح دانشکده,,گروه آموزشي علوم تربيتي(7116321),163 - شيراز(163),163 - شيراز(71163),71 - فارس(71)
5889127116,روانشناسی رشد کودک,نظري,2,0,3303,,يكشنبه از 12:45 تا 14:30,ليلا ال منصور,,25,,1405/03/24 از 08:00 تا 10:00,,کاردانی پیوسته,حضوري,ارائه در سطح دانشکده,,گروه آموزشي علوم تربيتي(7116321),163 - شيراز(163),163 - شيراز(71163),71 - فارس(71)
5889205907,پرورش مهارت های تدریس در پیش از دبستان,كارگاهي,1,1,3302,,دوشنبه از 12:30 تا 14:45,علیرضا رحیمی,,25,,1405/03/23 از 08:00 تا 10:00,,کاردانی پیوسته,حضوري,ارائه در سطح دانشکده,,گروه آموزشي علوم تربيتي(7116321),163 - شيراز(163),163 - شيراز(71163),71 - فارس(71)
5889130047,ریاضی عمومی,نظري,2,0,3301,,دوشنبه از 07:30 تا 09:15,علیرضا عقیلی,,35,,1405/04/06 از 08:00 تا 10:00,,کاردانی پیوسته,حضوري,ارائه در سطح دانشکده,,گروه آموزشي علوم تربيتي(7116321),163 - شيراز(163),163 - شيراز(71163),71 - فارس(71)
5990130047,ریاضی عمومی,نظري,3,0,7706,,,,,35,,1405/04/06 از 08:00 تا 10:00,,کاردانی پیوسته,حضوري,ارائه در سطح دانشکده,,گروه آموزشي علوم تربيتي(7116321),163 - شيراز(163),163 - شيراز(71163),71 - فارس(71)
55008,زیست شناسی (پیش نیاز دانشگاهی),نظري,2,0,1133,,,,,55,,1405/03/30 از 08:00 تا 10:00,,کارداني ناپیوسته,حضوري,ارائه در سطح دانشکده,,گروه آموزشي علوم تربيتي(7116321),163 - شيراز(163),163 - شيراز(71163),71 - فارس(71)
55011,روانشناسی (پیش نیاز دانشگاهی),نظري,2,0,100-40,,,,,50,,1405/03/28 از 13:00 تا 15:00,,کاردانی پیوسته,حضوري,ارائه در سطح دانشکده,,گروه آموزشي علوم تربيتي(7116321),163 - شيراز(163),163 - شيراز(71163),71 - فارس(71)
1164126845,روان‌شناسی عمومی,نظري,2,0,100-38,,,,,50,,1405/04/01 از 08:00 تا 10:00,,کاردانی پیوسته,حضوري,ارائه در سطح دانشکده,,گروه آموزشي علوم تربيتي(7116321),163 - شيراز(163),163 - شيراز(71163),71 - فارس(71)
6004130423,زبان‌ فنی‌,نظري,2,0,300-64,,,,,50,,1405/03/10 از 08:00 تا 10:00,,کاردانی پیوسته,حضوري,ارائه در سطح دانشکده,,گروه آموزشي حسابداري(7116312),163 - شيراز(163),163 - شيراز(71163),71 - فارس(71)
1939174787,اقتصاد ( 1 ) ( خرد ),نظري,3,0,300-61,,,,,50,,1405/03/23 از 08:00 تا 10:00,,کاردانی پیوسته,حضوري,ارائه در سطح دانشکده,,گروه آموزشي حسابداري(7116312),163 - شيراز(163),163 - شيراز(71163),71 - فارس(71)
4191107833,آمار مقدماتی,نظري,2,0,100-39,,,,,50,,1405/02/17 از 08:00 تا 10:00,,کاردانی پیوسته,حضوري,ارائه در سطح دانشکده,,گروه آموزشي حسابداري(7116312),163 - شيراز(163),163 - شيراز(71163),71 - فارس(71)
1164104668,اصول‌ حسابداری‌ ( 1 ),نظري,3,0,100-38,,,,,50,,1405/04/22 از 08:00 تا 10:00,,کاردانی پیوسته,حضوري,ارائه در سطح دانشکده,,گروه آموزشي حسابداري(7116312),163 - شيراز(163),163 - شيراز(71163),71 - فارس(71)
1164107884,آمار و احتمالات مقدماتی,نظري_عملي,1,2,100-37,,,,,50,,1405/02/17 از 08:00 تا 10:00,,کاردانی پیوسته,حضوري,ارائه در سطح دانشکده,,گروه آموزشي حسابداري(7116312),163 - شيراز(163),163 - شيراز(71163),71 - فارس(71)
1164123292,حقوق اداری و استخدامی,نظري,2,0,100-36,,,,,50,,1405/03/04 از 08:00 تا 10:00,,کاردانی پیوسته,حضوري,ارائه در سطح دانشکده,,گروه آموزشي حسابداري(7116312),163 - شيراز(163),163 - شيراز(71163),71 - فارس(71)
1164104669,اصول‌ حسابداری‌ ( 2 ),نظري,3,0,100-35,,,,,50,,1405/04/22 از 08:00 تا 10:00,,کاردانی پیوسته,حضوري,ارائه در سطح دانشکده,,گروه آموزشي حسابداري(7116312),163 - شيراز(163),163 - شيراز(71163),71 - فارس(71)
1164153411,نظام‌های حقوق و دستمزد,نظري_عملي,1,1,100-34,,,,,50,,1405/04/15 از 08:00 تا 10:00,,کاردانی پیوسته,حضوري,ارائه در سطح دانشکده,,گروه آموزشي حسابداري(7116312),163 - شيراز(163),163 - شيراز(71163),71 - فارس(71)
1164161482,کلیات علم اقتصاد,نظري,3,0,100-23,,,,,50,,1405/03/23 از 08:00 تا 10:00,,کاردانی پیوسته,حضوري,ارائه در سطح دانشکده,,گروه آموزشي حسابداري(7116312),163 - شيراز(163),163 - شيراز(71163),71 - فارس(71)
1164130407,زبان‌تخصصی‌,نظري,2,0,100-15,,,,,50,,1405/03/10 از 08:00 تا 10:00,,کاردانی پیوسته,حضوري,ارائه در سطح دانشکده,,گروه آموزشي حسابداري(7116312),163 - شيراز(163),163 - شيراز(71163),71 - فارس(71)
1164167665,حقوق کار وتامین اجتماعی,نظري,2,0,100-6,,,,,50,,1405/03/04 از 08:00 تا 10:00,,کاردانی پیوسته,حضوري,ارائه در سطح دانشکده,,گروه آموزشي حسابداري(7116312),163 - شيراز(163),163 - شيراز(71163),71 - فارس(71)
1164123307,حقوق اساسی,نظري,2,0,100-5,,,,,50,,1405/03/04 از 08:00 تا 10:00,,کاردانی پیوسته,حضوري,ارائه در سطح دانشکده,,گروه آموزشي حسابداري(7116312),163 - شيراز(163),163 - شيراز(71163),71 - فارس(71)
7000037852,اقتصاد کلان,نظري,3,0,300-58,,چهارشنبه از 07:30 تا 10:00,محمد خليلي,,0,,1405/03/30 از 08:00 تا 10:00,مهارتی -301,کاردانی پیوسته,حضوري,ارائه در سطح دانشکده,,گروه آموزشي حسابداري(7116312),163 - شيراز(163),163 - شيراز(71163),71 - فارس(71)
7000039432,حسابداری امور بانکی,نظري,2,0,300-57,,,,,50,,1405/03/28 از 08:00 تا 10:00,,کاردانی پیوسته,حضوري,ارائه در سطح دانشکده,,گروه آموزشي حسابداري(7116312),163 - شيراز(163),163 - شيراز(71163),71 - فارس(71)
7000039376,ایمنی و بهداشت محیط کار,نظري_عملي,1,1,300-56,,سه شنبه از 09:15 تا 12:00,مریم اکبرزاده,,50,,1405/04/02 از 08:00 تا 10:00,مهارتی -301,کاردانی پیوسته,حضوري,ارائه در سطح دانشکده,,گروه آموزشي حسابداري(7116312),163 - شيراز(163),163 - شيراز(71163),71 - فارس(71)
7000035490,اصول حسابرسی,نظري,2,0,300-55,,چهارشنبه از 18:00 تا 19:45,حمیدرضا زارعی,,50,,1405/04/01 از 08:00 تا 10:00,مهارتی -301,کاردانی پیوسته,حضوري,ارائه در سطح دانشکده,,گروه آموزشي حسابداري(7116312),163 - شيراز(163),163 - شيراز(71163),71 - فارس(71)
6004206939,حسابداری پیمانکاری,نظري_عملي,1,1,300-54,,پنج شنبه از 07:30 تا 10:00,محدثه تندرو,,50,,1405/03/24 از 08:00 تا 10:00,مهارتی -301,کاردانی پیوسته,حضوري,ارائه در سطح دانشکده,,گروه آموزشي حسابداري(7116312),163 - شيراز(163),163 - شيراز(71163),71 - فارس(71)
55177,حسابداری صنعتی (جبرانی),نظري,2,0,300-51,,,,,50,,1405/03/14 از 08:00 تا 10:00,,کاردانی پیوسته,حضوري,ارائه در سطح دانشکده,,گروه آموزشي حسابداري(7116312),163 - شيراز(163),163 - شيراز(71163),71 - فارس(71)
55152,اصول حسابداری (جبرانی),نظري,4,0,300-50,,چهارشنبه از 12:45 تا 16:15,حمیدرضا زارعی,,50,,1405/04/22 از 08:00 تا 10:00,مهارتی -301,کاردانی پیوسته,حضوري,ارائه در سطح دانشکده,,گروه آموزشي حسابداري(7116312),163 - شيراز(163),163 - شيراز(71163),71 - فارس(71)
7000039430,بورس و اوراق بهادار,نظري_عملي,1,1,300-48,,,,,50,,1405/03/26 از 08:00 تا 10:00,,کاردانی پیوسته,حضوري,ارائه در سطح دانشکده,,گروه آموزشي حسابداري(7116312),163 - شيراز(163),163 - شيراز(71163),71 - فارس(71)
7000039388,حسابداری حقوق و دستمزد,نظري_عملي,1,1,300-47,,,,,50,,1405/04/15 از 08:00 تا 10:00,,کاردانی پیوسته,حضوري,ارائه در سطح دانشکده,,گروه آموزشي حسابداري(7116312),163 - شيراز(163),163 - شيراز(71163),71 - فارس(71)
7000039428,حسابداری شرکت ها(1),نظري_عملي,2,1,300-46,,,,,50,,1405/03/26 از 08:00 تا 10:00,,کاردانی پیوسته,حضوري,ارائه در سطح دانشکده,,گروه آموزشي حسابداري(7116312),163 - شيراز(163),163 - شيراز(71163),71 - فارس(71)
7000035494,بهایابی(1),نظري_عملي,2,1,300-45,,,,,50,,1405/04/22 از 08:00 تا 10:00,,کاردانی پیوسته,حضوري,ارائه در سطح دانشکده,,گروه آموزشي حسابداري(7116312),163 - شيراز(163),163 - شيراز(71163),71 - فارس(71)
7000010580,کاربرد رایانه,عملي,0,1,300-44,,,,,50,,1405/03/27 از 08:00 تا 10:00,,کاردانی پیوسته,حضوري,ارائه در سطح دانشکده,,گروه آموزشي حسابداري(7116312),163 - شيراز(163),163 - شيراز(71163),71 - فارس(71)
7000039427,حقوق و قانون تجارت,نظري,2,0,300-43,,,,,50,,1405/02/30 از 08:00 تا 10:00,,کاردانی پیوسته,حضوري,ارائه در سطح دانشکده,,گروه آموزشي حسابداري(7116312),163 - شيراز(163),163 - شيراز(71163),71 - فارس(71)
6004122528,حسابداری‌شرکتها 2,نظري_عملي,2,1,300-42,,,,,50,,1405/04/22 از 08:00 تا 10:00,,کاردانی پیوسته,حضوري,ارائه در سطح دانشکده,,گروه آموزشي حسابداري(7116312),163 - شيراز(163),163 - شيراز(71163),71 - فارس(71)
7000005570,آشنایی با نرم فزارهای کاربردی حسابداری,نظري,2,0,300-41,,يكشنبه از 16:15 تا 18:00,محمد خليلي,,50,,1405/03/27 از 08:00 تا 10:00,مهارتی -کامپیوتر1,کاردانی پیوسته,حضوري,ارائه در سطح دانشکده,,گروه آموزشي حسابداري(7116312),163 - شيراز(163),163 - شيراز(71163),71 - فارس(71)
6004156372,کارآموزی,كارآموزي,0,2,300-40,,,زهره رئیسی,,50,,1405/02/22 از 08:00 تا 10:00,,کاردانی پیوسته,حضوري,ارائه در سطح دانشکده,,گروه آموزشي حسابداري(7116312),163 - شيراز(163),163 - شيراز(71163),71 - فارس(71)
6285107833,آمار مقدماتی,نظري,2,0,300-39,,پنج شنبه از 12:45 تا 14:30,محدثه تندرو,,50,,1405/02/17 از 08:00 تا 10:00,مهارتی -301,کاردانی پیوسته,حضوري,ارائه در سطح دانشکده,,گروه آموزشي حسابداري(7116312),163 - شيراز(163),163 - شيراز(71163),71 - فارس(71)
6004122811,حسابداری مالی 1,نظري_عملي,2,1,300-29,,پنج شنبه از 10:00 تا 12:45,محمد خليلي,,50,,1405/02/08 از 08:00 تا 10:00,مهارتی -301,کاردانی پیوسته,حضوري,ارائه در سطح دانشکده,,گروه آموزشي حسابداري(7116312),163 - شيراز(163),163 - شيراز(71163),71 - فارس(71)
6004123242,حقوق‌ تجارت‌,نظري,2,0,300-28,,سه شنبه از 14:30 تا 16:15,علی خانی,,50,,1405/02/30 از 08:00 تا 10:00,مهارتی -301,کاردانی پیوسته,حضوري,ارائه در سطح دانشکده,,گروه آموزشي حسابداري(7116312),163 - شيراز(163),163 - شيراز(71163),71 - فارس(71)
6004106948,اقتصادخرد,نظري,3,0,300-27,,چهارشنبه از 10:00 تا 12:45,محمد خليلي,,50,,1405/03/23 از 08:00 تا 10:00,مهارتی -301,کاردانی پیوسته,حضوري,ارائه در سطح دانشکده,,گروه آموزشي حسابداري(7116312),163 - شيراز(163),163 - شيراز(71163),71 - فارس(71)
6004122527,حسابداری‌ شرکتها ) 1 (,نظري_عملي,2,1,300-26,,شنبه از 17:00 تا 19:45,زهرا برزگر,,50,,1405/03/26 از 08:00 تا 10:00,مهارتی -301,کاردانی پیوسته,حضوري,ارائه در سطح دانشکده,,گروه آموزشي حسابداري(7116312),163 - شيراز(163),163 - شيراز(71163),71 - فارس(71)
7000012228,اصول حسابداری(1),نظري,4,0,300-23,,,,,50,,1405/04/22 از 08:00 تا 10:00,,کاردانی پیوسته,حضوري,ارائه در سطح دانشکده,,گروه آموزشي حسابداري(7116312),163 - شيراز(163),163 - شيراز(71163),71 - فارس(71)
7000013364,حسابداری شرکت های مقدماتی,نظري,2,0,300-22,,,,,50,,1405/03/26 از 08:00 تا 10:00,,کاردانی پیوسته,حضوري,ارائه در سطح دانشکده,,گروه آموزشي حسابداري(7116312),163 - شيراز(163),163 - شيراز(71163),71 - فارس(71)
100000,کارآموزی طرح پویش (1) کاردانی و کارشناسی,طرح پویش,0,2,300-21,,,محمد امیر شرافتی,,100,,,,کاردانی پیوسته,حضوري,ارائه در سطح دانشکده,,گروه آموزشي حسابداري(7116312),163 - شيراز(163),163 - شيراز(71163),71 - فارس(71)
100002,کارآموزی طرح پویش (3) کاردانی و کارشناسی,طرح پویش,0,2,300-20,,,محمد امیر شرافتی,,100,,,,کاردانی پیوسته,حضوري,ارائه در سطح دانشکده,,گروه آموزشي حسابداري(7116312),163 - شيراز(163),163 - شيراز(71163),71 - فارس(71)
100001,کارآموزی طرح پویش (2) کاردانی و کارشناسی,طرح پویش,0,2,300-19,,,محمد امیر شرافتی,,100,,,,کاردانی پیوسته,حضوري,ارائه در سطح دانشکده,,گروه آموزشي حسابداري(7116312),163 - شيراز(163),163 - شيراز(71163),71 - فارس(71)
55076,حسابداری صنعتی (جبرانی),نظري,2,0,300-18,,دوشنبه از 14:30 تا 16:15,زهرا برزگر,,50,,1405/03/14 از 08:00 تا 10:00,مهارتی -301,کاردانی پیوسته,حضوري,ارائه در سطح دانشکده,,گروه آموزشي حسابداري(7116312),163 - شيراز(163),163 - شيراز(71163),71 - فارس(71)
1939130423,زبان‌ فنی‌,نظري,2,0,300-17,,دوشنبه از 16:15 تا 18:00,زهرا برزگر,,50,,1405/03/10 از 08:00 تا 10:00,مهارتی -301,کاردانی پیوسته,حضوري,ارائه در سطح دانشکده,,گروه آموزشي حسابداري(7116312),163 - شيراز(163),163 - شيراز(71163),71 - فارس(71)
1939122528,حسابداری‌شرکتها 2,نظري,3,0,300-16,,يكشنبه از 09:15 تا 12:00,محدثه تندرو,,50,,1405/04/22 از 08:00 تا 10:00,مهارتی -301,کاردانی پیوسته,حضوري,ارائه در سطح دانشکده,,گروه آموزشي حسابداري(7116312),163 - شيراز(163),163 - شيراز(71163),71 - فارس(71)
7000002726,پروژه مالی,عملي,0,1,300-15,,,زهره رئیسی,,50,,1405/03/27 از 08:00 تا 10:00,,کاردانی پیوسته,حضوري,ارائه در سطح دانشکده,,گروه آموزشي حسابداري(7116312),163 - شيراز(163),163 - شيراز(71163),71 - فارس(71)
6004100710,اخلاق حرفه ای,نظري,2,0,300-14,,شنبه از 12:45 تا 14:30,ابراهيم بالقيس,,50,,1405/04/22 از 08:00 تا 10:00,مهارتی -301,کاردانی پیوسته,حضوري,ارائه در سطح دانشکده,,گروه آموزشي حسابداري(7116312),163 - شيراز(163),163 - شيراز(71163),71 - فارس(71)
6004112513,بهایابی ( 2 ),نظري_عملي,2,1,300-13,,دوشنبه از 07:30 تا 10:00,زهره رئیسی,,50,,1405/04/29 از 08:00 تا 10:00,مهارتی -301,کاردانی پیوسته,حضوري,ارائه در سطح دانشکده,,گروه آموزشي حسابداري(7116312),163 - شيراز(163),163 - شيراز(71163),71 - فارس(71)
6004112507,بهایابی ( 1 ),نظري_عملي,2,1,300-12,,شنبه از 14:30 تا 17:00,زهرا برزگر,,50,,1405/04/22 از 08:00 تا 10:00,مهارتی -301,کاردانی پیوسته,حضوري,ارائه در سطح دانشکده,,گروه آموزشي حسابداري(7116312),163 - شيراز(163),163 - شيراز(71163),71 - فارس(71)
6004122616,حسابداری حقوق و دستمزد,نظري_عملي,1,1,300-11,,چهارشنبه از 16:15 تا 18:00,حمیدرضا زارعی,,50,,1405/04/15 از 08:00 تا 10:00,مهارتی -301,کاردانی پیوسته,حضوري,ارائه در سطح دانشکده,,گروه آموزشي حسابداري(7116312),163 - شيراز(163),163 - شيراز(71163),71 - فارس(71)
6004124434,حقوق کار,نظري,2,0,300-10,,سه شنبه از 16:15 تا 18:00,علی خانی,,50,,1405/03/04 از 08:00 تا 10:00,مهارتی -301,کاردانی پیوسته,حضوري,ارائه در سطح دانشکده,,گروه آموزشي حسابداري(7116312),163 - شيراز(163),163 - شيراز(71163),71 - فارس(71)
6004159623,کارگاه حسابداری,كارگاهي,0,2,300-9,,شنبه از 07:30 تا 11:00,لیلا حاجتی,,50,,1405/03/25 از 08:00 تا 10:00,مهارتی -301,کاردانی پیوسته,حضوري,ارائه در سطح دانشکده,,گروه آموزشي حسابداري(7116312),163 - شيراز(163),163 - شيراز(71163),71 - فارس(71)
6004206947,حسابداری مالی 2,نظري_عملي,2,1,300-8,,دوشنبه از 10:00 تا 12:45,لیلا حاجتی,,50,,1405/03/13 از 08:00 تا 10:00,مهارتی -301,کاردانی پیوسته,حضوري,ارائه در سطح دانشکده,,گروه آموزشي حسابداري(7116312),163 - شيراز(163),163 - شيراز(71163),71 - فارس(71)
6004143215,مالیاتی 2,نظري_عملي,1,1,300-7,,يكشنبه از 07:30 تا 09:15,محدثه تندرو,,50,,1405/03/11 از 08:00 تا 10:00,مهارتی -301,کاردانی پیوسته,حضوري,ارائه در سطح دانشکده,,گروه آموزشي حسابداري(7116312),163 - شيراز(163),163 - شيراز(71163),71 - فارس(71)
6004143210,مالیاتی 1,نظري_عملي,1,1,300-6,,دوشنبه از 12:45 تا 14:30,زهرا برزگر,,50,,1405/02/02 از 08:00 تا 10:00,مهارتی -301,کاردانی پیوسته,حضوري,ارائه در سطح دانشکده,,گروه آموزشي حسابداري(7116312),163 - شيراز(163),163 - شيراز(71163),71 - فارس(71)
6004206936,کنترل‌های داخلی,نظري_عملي,1,1,300-5,,,,,50,,1405/04/01 از 08:00 تا 10:00,,کاردانی پیوسته,حضوري,ارائه در سطح دانشکده,,گروه آموزشي حسابداري(7116312),163 - شيراز(163),163 - شيراز(71163),71 - فارس(71)
6004143197,مالی 1,نظري_عملي,2,1,300-4,,يكشنبه از 12:00 تا 14:30,محدثه تندرو,,50,,1405/03/02 از 08:00 تا 10:00,مهارتی -301,کاردانی پیوسته,حضوري,ارائه در سطح دانشکده,,گروه آموزشي حسابداري(7116312),163 - شيراز(163),163 - شيراز(71163),71 - فارس(71)
6004206942,حسابداری امور بانکی,نظري_عملي,1,1,300-2,,شنبه از 11:00 تا 12:45,ابراهيم بالقيس,,50,,1405/03/28 از 08:00 تا 10:00,مهارتی -301,کاردانی پیوسته,حضوري,ارائه در سطح دانشکده,,گروه آموزشي حسابداري(7116312),163 - شيراز(163),163 - شيراز(71163),71 - فارس(71)
6004206938,آشنایی با بورس و اوراق بهادار,نظري_عملي,1,1,300-1,,سه شنبه از 12:00 تا 14:30,مریم اکبرزاده,,50,,1405/03/26 از 08:00 تا 10:00,مهارتی -301,کاردانی پیوسته,حضوري,ارائه در سطح دانشکده,,گروه آموزشي حسابداري(7116312),163 - شيراز(163),163 - شيراز(71163),71 - فارس(71)
7000035888,کاربرد نرم افزارهای تخصصی در ورزش,نظری-کارگاهی,1,1,300,,دوشنبه از 13:30 تا 15:30,مریم خیرده,,25,,1405/03/04 از 08:00 تا 10:00,,کاردانی عمومی,حضوري,ارائه در سطح دانشکده,,گروه آموزشي تربيت بدني (علوم ورزشي)(7116343),163 - شيراز(163),163 - شيراز(71163),71 - فارس(71)
7000005217,فیزیک (پیش دانشگاهی),نظري,2,0,101,,,مریم خیرده,,30,,1405/03/24 از 10:00 تا 12:00,,کاردانی پیوسته,حضوري,ارائه در سطح دانشکده,,گروه آموزشي تربيت بدني (علوم ورزشي)(7116343),163 - شيراز(163),163 - شيراز(71163),71 - فارس(71)
100002,کارآموزی طرح پویش (3) کاردانی و کارشناسی,طرح پویش,0,2,16337,,,مریم خیرده,,50,,1405/03/05 از 08:00 تا 10:00,,کاردانی پیوسته,حضوري,ارائه در سطح دانشکده,,گروه آموزشي تربيت بدني (علوم ورزشي)(7116343),163 - شيراز(163),163 - شيراز(71163),71 - فارس(71)
100001,کارآموزی طرح پویش (2) کاردانی و کارشناسی,طرح پویش,0,2,16336,,,مریم خیرده,,50,,1405/03/04 از 08:00 تا 10:00,,کاردانی پیوسته,حضوري,ارائه در سطح دانشکده,,گروه آموزشي تربيت بدني (علوم ورزشي)(7116343),163 - شيراز(163),163 - شيراز(71163),71 - فارس(71)
100000,کارآموزی طرح پویش (1) کاردانی و کارشناسی,طرح پویش,0,2,16336,برادران,,مریم خیرده,,40,,1405/03/03 از 08:00 تا 10:00,,کاردانی پیوسته,حضوري,ارائه در سطح دانشکده,,گروه آموزشي تربيت بدني (علوم ورزشي)(7116343),163 - شيراز(163),163 - شيراز(71163),71 - فارس(71)
6425156372,کارآموزی,كارآموزي,0,2,16335,برادران,,مریم خیرده,,30,,,,کاردانی پیوسته,حضوري,ارائه در سطح دانشکده,,گروه آموزشي تربيت بدني (علوم ورزشي)(7116343),163 - شيراز(163),163 - شيراز(71163),71 - فارس(71)
6425161995,یادگیری حرکتی,نظري,2,0,16329,,سه شنبه از 16:45 تا 18:30,علی نعمتی,,40,,1405/04/11 از 08:00 تا 10:00,,کاردانی پیوسته,حضوري,ارائه در سطح دانشکده,,گروه آموزشي تربيت بدني (علوم ورزشي)(7116343),163 - شيراز(163),163 - شيراز(71163),71 - فارس(71)
6425122448,حرکات اصلاحی,آزمايشگاهي,1,1,16328,,سه شنبه از 15:00 تا 16:45,فرزانه اي,,40,,1405/04/17 از 08:00 تا 10:00,,کاردانی پیوسته,حضوري,ارائه در سطح دانشکده,,گروه آموزشي تربيت بدني (علوم ورزشي)(7116343),163 - شيراز(163),163 - شيراز(71163),71 - فارس(71)
6425208172,زبان فنی,نظري,2,0,16327,,دوشنبه از 15:30 تا 17:30,حمید سلطانی,,40,,1405/04/10 از 08:00 تا 10:00,,کاردانی پیوسته,حضوري,ارائه در سطح دانشکده,,گروه آموزشي تربيت بدني (علوم ورزشي)(7116343),163 - شيراز(163),163 - شيراز(71163),71 - فارس(71)
7000037156,کاربرد رایانه در ورزش,نظري,2,0,16326,,دوشنبه از 13:30 تا 15:30,علی نعمتی,,20,,1405/04/09 از 08:00 تا 10:00,,کاردانی پیوسته,حضوري,ارائه در سطح دانشکده,,گروه آموزشي تربيت بدني (علوم ورزشي)(7116343),163 - شيراز(163),163 - شيراز(71163),71 - فارس(71)
6425208571,تمرینات با وزنه,آزمايشگاهي,0,2,16331,خواهران,پنج شنبه از 15:00 تا 18:00,محدثه بسیجی,,40,,1405/03/06 از 08:00 تا 10:00,,کاردانی پیوسته,حضوري,ارائه در سطح دانشکده,,گروه آموزشي تربيت بدني (علوم ورزشي)(7116343),163 - شيراز(163),163 - شيراز(71163),71 - فارس(71)
6425208571,تمرینات با وزنه,آزمايشگاهي,0,2,16325,برادران,,علی نعمتی,,40,,1405/04/08 از 08:00 تا 10:00,,کاردانی پیوسته,حضوري,ارائه در سطح دانشکده,,گروه آموزشي تربيت بدني (علوم ورزشي)(7116343),163 - شيراز(163),163 - شيراز(71163),71 - فارس(71)
6425153157,نجات غریق,آزمايشگاهي,0,2,163322,برادران,پنج شنبه از 08:00 تا 10:00,علی نعمتی,,40,,1405/04/08 از 08:00 تا 10:00,,کاردانی پیوسته,حضوري,ارائه در سطح دانشکده,,گروه آموزشي تربيت بدني (علوم ورزشي)(7116343),163 - شيراز(163),163 - شيراز(71163),71 - فارس(71)
6425153157,نجات غریق,آزمايشگاهي,0,2,16324,خواهران,شنبه از 08:00 تا 10:00,طاهره کهن,,40,,1405/04/07 از 08:00 تا 10:00,,کاردانی پیوسته,حضوري,ارائه در سطح دانشکده,,گروه آموزشي تربيت بدني (علوم ورزشي)(7116343),163 - شيراز(163),163 - شيراز(71163),71 - فارس(71)
6425208570,ورزش در آب,آزمايشگاهي,0,2,16323,برادران,پنج شنبه از 10:00 تا 12:00,علی نعمتی,,40,,1405/04/06 از 08:00 تا 10:00,,کاردانی پیوسته,حضوري,ارائه در سطح دانشکده,,گروه آموزشي تربيت بدني (علوم ورزشي)(7116343),163 - شيراز(163),163 - شيراز(71163),71 - فارس(71)
6425208570,ورزش در آب,آزمايشگاهي,0,2,16322,,شنبه از 10:00 تا 12:00,طاهره کهن,,40,,1405/04/04 از 08:00 تا 10:00,,کاردانی پیوسته,حضوري,ارائه در سطح دانشکده,,گروه آموزشي تربيت بدني (علوم ورزشي)(7116343),163 - شيراز(163),163 - شيراز(71163),71 - فارس(71)
6425208569,ورزش کودکان,آزمايشگاهي,1,1,16319,,سه شنبه از 15:00 تا 16:45,محدثه بسیجی,,50,,1405/04/04 از 08:00 تا 10:00,مهارتی -206,کاردانی پیوسته,حضوري,ارائه در سطح دانشکده,,گروه آموزشي تربيت بدني (علوم ورزشي)(7116343),163 - شيراز(163),163 - شيراز(71163),71 - فارس(71)
6425208567,حفظ و نگهداری اماکن و تجهیزات ورزشی,نظري,2,0,16318,,سه شنبه از 13:15 تا 15:00,فرزانه اي,,40,,1405/04/03 از 08:00 تا 10:00,مهارتی -206,کاردانی پیوسته,حضوري,ارائه در سطح دانشکده,,گروه آموزشي تربيت بدني (علوم ورزشي)(7116343),163 - شيراز(163),163 - شيراز(71163),71 - فارس(71)
6425142825,ماساژ ورزشی,آزمايشگاهي,1,1,16317,,سه شنبه از 11:00 تا 13:15,مریم خیرده,,40,,1405/04/03 از 08:00 تا 10:00,مهارتی -206,کاردانی پیوسته,حضوري,ارائه در سطح دانشکده,,گروه آموزشي تربيت بدني (علوم ورزشي)(7116343),163 - شيراز(163),163 - شيراز(71163),71 - فارس(71)
6425122477,حرکت شناسی,نظري,2,0,16316,,سه شنبه از 09:15 تا 11:00,سيدابوالقاسم صدري,,50,,1405/04/02 از 08:00 تا 10:00,مهارتی -206,کاردانی پیوسته,حضوري,ارائه در سطح دانشکده,,گروه آموزشي تربيت بدني (علوم ورزشي)(7116343),163 - شيراز(163),163 - شيراز(71163),71 - فارس(71)
6425205717,برنامه ریزی تمرین,نظري,2,0,16321,,دوشنبه از 11:00 تا 13:15,سيدابوالقاسم صدري,,40,,1405/04/01 از 08:00 تا 10:00,مهارتی -206,کاردانی پیوسته,حضوري,ارائه در سطح دانشکده,,گروه آموزشي تربيت بدني (علوم ورزشي)(7116343),163 - شيراز(163),163 - شيراز(71163),71 - فارس(71)
6425208566,اندازه گیری و ارزشیابی در ورزش,نظري,2,0,16320,,دوشنبه از 09:15 تا 11:00,سيدابوالقاسم صدري,,40,,1405/03/31 از 08:00 تا 10:00,مهارتی -206,کاردانی پیوسته,حضوري,ارائه در سطح دانشکده,,گروه آموزشي تربيت بدني (علوم ورزشي)(7116343),163 - شيراز(163),163 - شيراز(71163),71 - فارس(71)
6425205709,فیزیولوژی‌ورزشی,نظري,2,0,16315,,سه شنبه از 07:30 تا 09:15,محدثه بسیجی,,40,,1405/03/30 از 08:00 تا 10:00,مهارتی -206,کاردانی پیوسته,حضوري,ارائه در سطح دانشکده,,گروه آموزشي تربيت بدني (علوم ورزشي)(7116343),163 - شيراز(163),163 - شيراز(71163),71 - فارس(71)
6425175219,ریاضیات عمومی ومقدمات آمار,نظري,3,0,16314,,دوشنبه از 13:15 تا 16:00,سید محمد حجی خراسانی.,,50,,1405/03/28 از 08:00 تا 10:00,,کاردانی پیوسته,حضوري,ارائه در سطح دانشکده,,گروه آموزشي تربيت بدني (علوم ورزشي)(7116343),163 - شيراز(163),163 - شيراز(71163),71 - فارس(71)
6425204670,فیزیک عمومی,نظري,2,0,16313,,دوشنبه از 11:00 تا 13:00,سید محمد حجی خراسانی.,,40,,1405/03/27 از 08:00 تا 10:00,,کاردانی پیوسته,حضوري,ارائه در سطح دانشکده,,گروه آموزشي تربيت بدني (علوم ورزشي)(7116343),163 - شيراز(163),163 - شيراز(71163),71 - فارس(71)
6425181254,بهداشت وصیانت از محیط زیست,نظري,2,0,16312,,دوشنبه از 09:15 تا 11:00,سید محمد حجی خراسانی.,,40,,1405/03/26 از 08:00 تا 10:00,,کاردانی پیوسته,حضوري,ارائه در سطح دانشکده,,گروه آموزشي تربيت بدني (علوم ورزشي)(7116343),163 - شيراز(163),163 - شيراز(71163),71 - فارس(71)
6425108565,آناتومی انسان,نظري,2,0,16311,,يكشنبه از 09:15 تا 11:00,فرزانه اي,,40,,1405/03/24 از 08:00 تا 10:00,مهارتی -202,کاردانی پیوسته,حضوري,ارائه در سطح دانشکده,,گروه آموزشي تربيت بدني (علوم ورزشي)(7116343),163 - شيراز(163),163 - شيراز(71163),71 - فارس(71)
5524126575,رشد و تکامل حرکتی,نظري,2,0,16309,,دوشنبه از 16:45 تا 18:30,علی نعمتی,,40,,1405/03/23 از 08:00 تا 10:00,مهارتی -206,کاردانی پیوسته,حضوري,ارائه در سطح دانشکده,,گروه آموزشي تربيت بدني (علوم ورزشي)(7116343),163 - شيراز(163),163 - شيراز(71163),71 - فارس(71)
55023,فیزیولوژی انسان (جبرانی),نظري,2,0,16308,,دوشنبه از 15:00 تا 16:45,سيدابوالقاسم صدري,,40,,1405/03/21 از 08:00 تا 10:00,مهارتی -206,کاردانی پیوسته,حضوري,ارائه در سطح دانشکده,,گروه آموزشي تربيت بدني (علوم ورزشي)(7116343),163 - شيراز(163),163 - شيراز(71163),71 - فارس(71)
55149,آناتومی انسان (جبرانی),نظري,2,0,16307,,دوشنبه از 13:15 تا 15:00,سيدابوالقاسم صدري,,40,,1405/03/20 از 08:00 تا 10:00,مهارتی -206,کاردانی پیوسته,حضوري,ارائه در سطح دانشکده,,گروه آموزشي تربيت بدني (علوم ورزشي)(7116343),163 - شيراز(163),163 - شيراز(71163),71 - فارس(71)
6425127314,روانشناسی ورزشی,نظري,2,0,16306,,يكشنبه از 17:30 تا 19:30,هادی جهان بین,,40,,1405/03/19 از 08:00 تا 10:00,,کاردانی پیوسته,حضوري,ارائه در سطح دانشکده,,گروه آموزشي تربيت بدني (علوم ورزشي)(7116343),163 - شيراز(163),163 - شيراز(71163),71 - فارس(71)
6425128894,روش‌های آموزش در ورزش,نظري,2,0,16305,,يكشنبه از 15:30 تا 17:30,هادی جهان بین,,40,,1405/03/18 از 08:00 تا 10:00,,کاردانی پیوسته,حضوري,ارائه در سطح دانشکده,,گروه آموزشي تربيت بدني (علوم ورزشي)(7116343),163 - شيراز(163),163 - شيراز(71163),71 - فارس(71)
55122,زیست شناسی (جبرانی),نظري,2,0,16304,,يكشنبه از 13:45 تا 15:30,هادی جهان بین,,40,,1405/03/17 از 08:00 تا 10:00,,کاردانی پیوسته,حضوري,ارائه در سطح دانشکده,,گروه آموزشي تربيت بدني (علوم ورزشي)(7116343),163 - شيراز(163),163 - شيراز(71163),71 - فارس(71)
6425113548,بیوشیمی,نظري,2,0,16303,,يكشنبه از 12:00 تا 13:45,هادی جهان بین,,40,,1405/03/16 از 08:00 تا 10:00,مهارتی -203,کاردانی پیوسته,حضوري,ارائه در سطح دانشکده,,گروه آموزشي تربيت بدني (علوم ورزشي)(7116343),163 - شيراز(163),163 - شيراز(71163),71 - فارس(71)
6425135684,شنا,عملي,0,2,16301,خواهران,شنبه از 12:00 تا 15:00,طاهره کهن,,25,,,,کاردانی پیوسته,حضوري,ارائه در سطح دانشکده,,گروه آموزشي تربيت بدني (علوم ورزشي)(7116343),163 - شيراز(163),163 - شيراز(71163),71 - فارس(71)
4628101498,آزمایشگاه شبکه ‌های‌ کامپیوتری‌,عملي,0,1,1634254050,استاد : بادروح,يكشنبه از 13:15 تا 15:00,وحید صفاری,,15,,1405/03/13 از 08:00 تا 10:00,مهندسی یک-19 کارگاه کامپیوتر,كارشناسي پيوسته,حضوري,ارائه در سطح گروه آموزشی,,گروه آموزشي کامپيوتر و فناوري اطلاعات(7116330),163 - شيراز(163),163 - شيراز(71163),71 - فارس(71)
4628101498,آزمایشگاه شبکه ‌های‌ کامپیوتری‌,عملي,0,1,1634254049,استاد : بادروح,يكشنبه از 15:00 تا 16:45,عادل جهانبانی,,15,,1405/03/13 از 08:00 تا 10:00,مهندسی یک-19 کارگاه کامپیوتر,كارشناسي پيوسته,حضوري,ارائه در سطح گروه آموزشی,,گروه آموزشي کامپيوتر و فناوري اطلاعات(7116330),163 - شيراز(163),163 - شيراز(71163),71 - فارس(71)
4628101498,آزمایشگاه شبکه ‌های‌ کامپیوتری‌,عملي,0,1,1634254048,استاد : بادروح,يكشنبه از 16:45 تا 18:30,محمدامین شایگان,,15,,1405/03/13 از 08:00 تا 10:00,مهندسی یک-19 کارگاه کامپیوتر,كارشناسي پيوسته,حضوري,ارائه در سطح گروه آموزشی,,گروه آموزشي کامپيوتر و فناوري اطلاعات(7116330),163 - شيراز(163),163 - شيراز(71163),71 - فارس(71)
4628101498,آزمایشگاه شبکه ‌های‌ کامپیوتری‌,عملي,0,1,1634254047,,,امین طوسی,,0,,1405/03/13 از 08:00 تا 10:00,,كارشناسي پيوسته,حضوري,ارائه در سطح گروه آموزشی,,گروه آموزشي کامپيوتر و فناوري اطلاعات(7116330),163 - شيراز(163),163 - شيراز(71163),71 - فارس(71)
4628101498,آزمایشگاه شبکه ‌های‌ کامپیوتری‌,عملي,0,1,1634254046,,,امین طوسی,,0,,1405/03/13 از 08:00 تا 10:00,,كارشناسي پيوسته,حضوري,ارائه در سطح گروه آموزشی,,گروه آموزشي کامپيوتر و فناوري اطلاعات(7116330),163 - شيراز(163),163 - شيراز(71163),71 - فارس(71)
4628101498,آزمایشگاه شبکه ‌های‌ کامپیوتری‌,عملي,0,1,1634254045,,,امین طوسی,,0,,1405/03/13 از 08:00 تا 10:00,,كارشناسي پيوسته,حضوري,ارائه در سطح گروه آموزشی,,گروه آموزشي کامپيوتر و فناوري اطلاعات(7116330),163 - شيراز(163),163 - شيراز(71163),71 - فارس(71)
4628101498,آزمایشگاه شبکه ‌های‌ کامپیوتری‌,عملي,0,1,1634254044,,,امین طوسی,,0,,1405/03/13 از 08:00 تا 10:00,,كارشناسي پيوسته,حضوري,ارائه در سطح گروه آموزشی,,گروه آموزشي کامپيوتر و فناوري اطلاعات(7116330),163 - شيراز(163),163 - شيراز(71163),71 - فارس(71)
4628101498,آزمایشگاه شبکه ‌های‌ کامپیوتری‌,عملي,0,1,1634254043,,,امین طوسی,,0,,1405/03/13 از 08:00 تا 10:00,,كارشناسي پيوسته,حضوري,ارائه در سطح گروه آموزشی,,گروه آموزشي کامپيوتر و فناوري اطلاعات(7116330),163 - شيراز(163),163 - شيراز(71163),71 - فارس(71)
4628102246,آزمایشگاه سیستم‌های عامل,عملي,0,1,1634254042,,يكشنبه از 07:30 تا 09:15,آیدین برزگر,,30,,1405/03/12 از 08:00 تا 10:00,مهندسی یک-20کارگاه کامپیوتر,كارشناسي پيوسته,حضوري,ارائه در سطح گروه آموزشی,,گروه آموزشي کامپيوتر و فناوري اطلاعات(7116330),163 - شيراز(163),163 - شيراز(71163),71 - فارس(71)
4628102246,آزمایشگاه سیستم‌های عامل,عملي,0,1,1634254041,,يكشنبه از 09:15 تا 11:00,آیدین برزگر,,30,,1405/03/12 از 08:00 تا 10:00,مهندسی یک-20کارگاه کامپیوتر,كارشناسي پيوسته,حضوري,ارائه در سطح گروه آموزشی,,گروه آموزشي کامپيوتر و فناوري اطلاعات(7116330),163 - شيراز(163),163 - شيراز(71163),71 - فارس(71)
4628102246,آزمایشگاه سیستم‌های عامل,عملي,0,1,1634254040,,يكشنبه از 11:00 تا 11:45 يكشنبه از از ...,آیدین برزگر,,30,,1405/03/12 از 08:00 تا 10:00,مهندسی یک-20کارگاه کامپیوتر,كارشناسي پيوسته,حضوري,ارائه در سطح گروه آموزشی,,گروه آموزشي کامپيوتر و فناوري اطلاعات(7116330),163 - شيراز(163),163 - شيراز(71163),71 - فارس(71)
4628102246,آزمایشگاه سیستم‌های عامل,عملي,0,1,1634254039,,يكشنبه از 13:15 تا 15:00,آیدین برزگر,,30,,1405/03/12 از 08:00 تا 10:00,مهندسی یک-20کارگاه کامپیوتر,كارشناسي پيوسته,حضوري,ارائه در سطح گروه آموزشی,,گروه آموزشي کامپيوتر و فناوري اطلاعات(7116330),163 - شيراز(163),163 - شيراز(71163),71 - فارس(71)
4628102246,آزمایشگاه سیستم‌های عامل,عملي,0,1,1634254038,,يكشنبه از 15:00 تا 16:45,آیدین برزگر,,30,,1405/03/12 از 08:00 تا 10:00,مهندسی یک-20کارگاه کامپیوتر,كارشناسي پيوسته,حضوري,ارائه در سطح گروه آموزشی,,گروه آموزشي کامپيوتر و فناوري اطلاعات(7116330),163 - شيراز(163),163 - شيراز(71163),71 - فارس(71)
4628102246,آزمایشگاه سیستم‌های عامل,عملي,0,1,1634254037,استاد : بادروح,شنبه از 15:00 تا 16:45,عادل جهانبانی,,15,,1405/03/12 از 08:00 تا 10:00,مهندسی یک-20کارگاه کامپیوتر,كارشناسي پيوسته,حضوري,ارائه در سطح گروه آموزشی,,گروه آموزشي کامپيوتر و فناوري اطلاعات(7116330),163 - شيراز(163),163 - شيراز(71163),71 - فارس(71)
4628102246,آزمایشگاه سیستم‌های عامل,عملي,0,1,1634254036,,,امین طوسی,,0,,1405/03/12 از 08:00 تا 10:00,,كارشناسي پيوسته,حضوري,ارائه در سطح گروه آموزشی,,گروه آموزشي کامپيوتر و فناوري اطلاعات(7116330),163 - شيراز(163),163 - شيراز(71163),71 - فارس(71)
4628102246,آزمایشگاه سیستم‌های عامل,عملي,0,1,1634254035,,,امین طوسی,,0,,1405/03/12 از 08:00 تا 10:00,,كارشناسي پيوسته,حضوري,ارائه در سطح گروه آموزشی,,گروه آموزشي کامپيوتر و فناوري اطلاعات(7116330),163 - شيراز(163),163 - شيراز(71163),71 - فارس(71)
4628102246,آزمایشگاه سیستم‌های عامل,عملي,0,1,1634254034,,,امین طوسی,,0,,1405/03/12 از 08:00 تا 10:00,,كارشناسي پيوسته,حضوري,ارائه در سطح گروه آموزشی,,گروه آموزشي کامپيوتر و فناوري اطلاعات(7116330),163 - شيراز(163),163 - شيراز(71163),71 - فارس(71)
4628102246,آزمایشگاه سیستم‌های عامل,عملي,0,1,1634254033,,,امین طوسی,,0,,1405/03/12 از 08:00 تا 10:00,,كارشناسي پيوسته,حضوري,ارائه در سطح گروه آموزشی,,گروه آموزشي کامپيوتر و فناوري اطلاعات(7116330),163 - شيراز(163),163 - شيراز(71163),71 - فارس(71)
4628102246,آزمایشگاه سیستم‌های عامل,عملي,0,1,1634254032,,,امین طوسی,,0,,1405/03/12 از 08:00 تا 10:00,,كارشناسي پيوسته,حضوري,ارائه در سطح گروه آموزشی,,گروه آموزشي کامپيوتر و فناوري اطلاعات(7116330),163 - شيراز(163),163 - شيراز(71163),71 - فارس(71)
4628102246,آزمایشگاه سیستم‌های عامل,عملي,0,1,1634254031,,,امین طوسی,,0,,1405/03/12 از 08:00 تا 10:00,,كارشناسي پيوسته,حضوري,ارائه در سطح گروه آموزشی,,گروه آموزشي کامپيوتر و فناوري اطلاعات(7116330),163 - شيراز(163),163 - شيراز(71163),71 - فارس(71)
4628102126,آزمایشگاه ریزپردازنده,عملي,0,1,1634254030,,سه شنبه از 09:15 تا 11:00,محمد علی اسدی,,0,,1405/03/11 از 08:00 تا 10:00,,كارشناسي پيوسته,حضوري,ارائه در سطح گروه آموزشی,,گروه آموزشي کامپيوتر و فناوري اطلاعات(7116330),163 - شيراز(163),163 - شيراز(71163),71 - فارس(71)
4628102126,آزمایشگاه ریزپردازنده,عملي,0,1,1634254029,,سه شنبه از 11:00 تا 11:45 سه شنبه از ...,محمد علی اسدی,,0,,1405/03/11 از 08:00 تا 10:00,,كارشناسي پيوسته,حضوري,ارائه در سطح گروه آموزشی,,گروه آموزشي کامپيوتر و فناوري اطلاعات(7116330),163 - شيراز(163),163 - شيراز(71163),71 - فارس(71)
4628102126,آزمایشگاه ریزپردازنده,عملي,0,1,1634254028,,سه شنبه از 13:15 تا 15:00,محمد علی اسدی,,0,,1405/03/11 از 08:00 تا 10:00,,كارشناسي پيوسته,حضوري,ارائه در سطح گروه آموزشی,,گروه آموزشي کامپيوتر و فناوري اطلاعات(7116330),163 - شيراز(163),163 - شيراز(71163),71 - فارس(71)
4628102126,آزمایشگاه ریزپردازنده,عملي,0,1,1634254027,استاد:خدابنده | مکان : سوله 303,دوشنبه از 16:45 تا 18:30,فرزاد قهرمانی,,16,,1405/03/11 از 08:00 تا 10:00,مهندسی یک-سوم راهرو شرقی,كارشناسي پيوسته,حضوري,ارائه در سطح گروه آموزشی,,گروه آموزشي کامپيوتر و فناوري اطلاعات(7116330),163 - شيراز(163),163 - شيراز(71163),71 - فارس(71)
4628102126,آزمایشگاه ریزپردازنده,عملي,0,1,1634254026,استاد:خدابنده | مکان : سوله 303,دوشنبه از 15:00 تا 16:45,فرزاد قهرمانی,,16,,1405/03/11 از 08:00 تا 10:00,مهندسی یک-سوم راهرو شرقی,كارشناسي پيوسته,حضوري,ارائه در سطح گروه آموزشی,,گروه آموزشي کامپيوتر و فناوري اطلاعات(7116330),163 - شيراز(163),163 - شيراز(71163),71 - فارس(71)
4628102126,آزمایشگاه ریزپردازنده,عملي,0,1,1634254025,استاد:خدابنده | مکان : سوله 303,دوشنبه از 13:15 تا 15:00,فرزاد قهرمانی,,16,,1405/03/11 از 08:00 تا 10:00,مهندسی یک-سوم راهرو شرقی,كارشناسي پيوسته,حضوري,ارائه در سطح گروه آموزشی,,گروه آموزشي کامپيوتر و فناوري اطلاعات(7116330),163 - شيراز(163),163 - شيراز(71163),71 - فارس(71)
4628102126,آزمایشگاه ریزپردازنده,عملي,0,1,1634254024,استاد:خدابنده | مکان : سوله 303,دوشنبه از 11:00 تا 11:45 دوشنبه از از ...,فرزاد قهرمانی,,16,,1405/03/11 از 08:00 تا 10:00,مهندسی یک-سوم راهرو شرقی,كارشناسي پيوسته,حضوري,ارائه در سطح گروه آموزشی,,گروه آموزشي کامپيوتر و فناوري اطلاعات(7116330),163 - شيراز(163),163 - شيراز(71163),71 - فارس(71)
4628102126,آزمایشگاه ریزپردازنده,عملي,0,1,1634254023,استاد:خدابنده | مکان : سوله 303,دوشنبه از 09:15 تا 11:00,فرزاد قهرمانی,,16,,1405/03/11 از 08:00 تا 10:00,مهندسی یک-سوم راهرو غربی,كارشناسي پيوسته,حضوري,ارائه در سطح گروه آموزشی,,گروه آموزشي کامپيوتر و فناوري اطلاعات(7116330),163 - شيراز(163),163 - شيراز(71163),71 - فارس(71)
4628101485,آزمایشگاه پایگاه داده,عملي,0,1,1634254022,,پنج شنبه از 07:30 تا 09:15,سعيد طوسي,,30,,1405/03/10 از 08:00 تا 10:00,مهندسی یک-20کارگاه کامپیوتر,كارشناسي پيوسته,حضوري,ارائه در سطح گروه آموزشی,,گروه آموزشي کامپيوتر و فناوري اطلاعات(7116330),163 - شيراز(163),163 - شيراز(71163),71 - فارس(71)
4628101485,آزمایشگاه پایگاه داده,عملي,0,1,1634254021,,پنج شنبه از 09:15 تا 11:00,سعيد طوسي,,30,,1405/03/10 از 08:00 تا 10:00,مهندسی یک-20کارگاه کامپیوتر,كارشناسي پيوسته,حضوري,ارائه در سطح گروه آموزشی,,گروه آموزشي کامپيوتر و فناوري اطلاعات(7116330),163 - شيراز(163),163 - شيراز(71163),71 - فارس(71)
4628101485,آزمایشگاه پایگاه داده,عملي,0,1,1634254020,,پنج شنبه از 12:15 تا 13:00 پنج شنبه از ...,سعيد طوسي,,30,,1405/03/10 از 08:00 تا 10:00,مهندسی یک-20کارگاه کامپیوتر,كارشناسي پيوسته,حضوري,ارائه در سطح گروه آموزشی,,گروه آموزشي کامپيوتر و فناوري اطلاعات(7116330),163 - شيراز(163),163 - شيراز(71163),71 - فارس(71)
4628101485,آزمایشگاه پایگاه داده,عملي,0,1,1634254019,استاد : رزاقی,سه شنبه از 13:15 تا 15:00,امین طوسی,,30,,1405/03/10 از 08:00 تا 10:00,مهندسی یک-19 کارگاه کامپیوتر,كارشناسي پيوسته,حضوري,ارائه در سطح گروه آموزشی,,گروه آموزشي کامپيوتر و فناوري اطلاعات(7116330),163 - شيراز(163),163 - شيراز(71163),71 - فارس(71)
4628101485,آزمایشگاه پایگاه داده,عملي,0,1,1634254018,,,امین طوسی,,0,,1405/03/10 از 08:00 تا 10:00,,كارشناسي پيوسته,حضوري,ارائه در سطح گروه آموزشی,,گروه آموزشي کامپيوتر و فناوري اطلاعات(7116330),163 - شيراز(163),163 - شيراز(71163),71 - فارس(71)
4628101485,آزمایشگاه پایگاه داده,عملي,0,1,1634254017,استاد : بادروح,شنبه از 13:15 تا 15:00,امیر رضا استخریان حقیقی,,15,,1405/03/10 از 08:00 تا 10:00,مهندسی یک-20کارگاه کامپیوتر,كارشناسي پيوسته,حضوري,ارائه در سطح گروه آموزشی,,گروه آموزشي کامپيوتر و فناوري اطلاعات(7116330),163 - شيراز(163),163 - شيراز(71163),71 - فارس(71)
4628101485,آزمایشگاه پایگاه داده,عملي,0,1,1634254016,استاد : استاد رزاقی,سه شنبه از 15:00 تا 16:45,امین طوسی,,30,,1405/03/10 از 08:00 تا 10:00,مهندسی یک-19 کارگاه کامپیوتر,كارشناسي پيوسته,حضوري,ارائه در سطح گروه آموزشی,,گروه آموزشي کامپيوتر و فناوري اطلاعات(7116330),163 - شيراز(163),163 - شيراز(71163),71 - فارس(71)
4628101485,آزمایشگاه پایگاه داده,عملي,0,1,1634254015,استاد : استاد رزاقی,سه شنبه از 16:45 تا 18:30,امین طوسی,,30,,1405/03/10 از 08:00 تا 10:00,مهندسی یک-19 کارگاه کامپیوتر,كارشناسي پيوسته,حضوري,ارائه در سطح گروه آموزشی,,گروه آموزشي کامپيوتر و فناوري اطلاعات(7116330),163 - شيراز(163),163 - شيراز(71163),71 - فارس(71)
4628107113,اقتصاد مهندسی,نظري,3,0,1634254014,,سه شنبه از 13:15 تا 15:45,ابراهیم بیرقی پناه,,70,,1405/04/06 از 13:00 تا 15:00,مهندسی یک-16,كارشناسي پيوسته,حضوري,ارائه در سطح گروه آموزشی,,گروه آموزشي کامپيوتر و فناوري اطلاعات(7116330),163 - شيراز(163),163 - شيراز(71163),71 - فارس(71)
4628107113,اقتصاد مهندسی,نظري,3,0,1634254013,,,امین طوسی,,0,,1405/04/06 از 13:00 تا 15:00,,كارشناسي پيوسته,حضوري,ارائه در سطح گروه آموزشی,,گروه آموزشي کامپيوتر و فناوري اطلاعات(7116330),163 - شيراز(163),163 - شيراز(71163),71 - فارس(71)
4628105928,اصول مدیریت و برنامه ریزی راهبردهای فناوری اطلاعات,نظري,3,0,1634254012,,سه شنبه از 13:15 تا 15:45,حميدرضا عوض دخت,,50,,1405/04/18 از 15:00 تا 16:30,مهندسی یک-15,كارشناسي پيوسته,حضوري,ارائه در سطح گروه آموزشی,,گروه آموزشي کامپيوتر و فناوري اطلاعات(7116330),163 - شيراز(163),163 - شيراز(71163),71 - فارس(71)
4628105928,اصول مدیریت و برنامه ریزی راهبردهای فناوری اطلاعات,نظري,3,0,1634254011,,سه شنبه از 15:45 تا 18:30,حميدرضا عوض دخت,,50,,1405/04/18 از 15:00 تا 16:30,مهندسی یک-15,كارشناسي پيوسته,حضوري,ارائه در سطح گروه آموزشی,,گروه آموزشي کامپيوتر و فناوري اطلاعات(7116330),163 - شيراز(163),163 - شيراز(71163),71 - فارس(71)
4628105776,اصول فناوری اطلاعات,نظري,3,0,1634254010,,شنبه از 15:45 تا 18:30,ابراهیم بیرقی پناه,,50,,1405/04/17 از 15:00 تا 16:30,مهندسی یک-16,كارشناسي پيوسته,حضوري,ارائه در سطح گروه آموزشی,,گروه آموزشي کامپيوتر و فناوري اطلاعات(7116330),163 - شيراز(163),163 - شيراز(71163),71 - فارس(71)
4628105776,اصول فناوری اطلاعات,نظري,3,0,1634254009,,دوشنبه از 13:15 تا 15:45,حميدرضا عوض دخت,,50,,1405/04/17 از 15:00 تا 16:30,مهندسی یک-15,كارشناسي پيوسته,حضوري,ارائه در سطح گروه آموزشی,,گروه آموزشي کامپيوتر و فناوري اطلاعات(7116330),163 - شيراز(163),163 - شيراز(71163),71 - فارس(71)
4628105622,اصول طراحی کامپایلر,نظري,3,0,1634254008,,سه شنبه از 10:15 تا 11:45 سه شنبه از ...,فرزاد قهرمانی,,50,,1405/04/13 از 08:00 تا 10:00,مهندسی یک-120,كارشناسي پيوسته,حضوري,ارائه در سطح گروه آموزشی,,گروه آموزشي کامپيوتر و فناوري اطلاعات(7116330),163 - شيراز(163),163 - شيراز(71163),71 - فارس(71)
4628105622,اصول طراحی کامپایلر,نظري,3,0,1634254007,,سه شنبه از 12:15 تا 13:15 سه شنبه از ...,عادل جهانبانی,,50,,1405/04/13 از 08:00 تا 10:00,مهندسی یک-110,كارشناسي پيوسته,حضوري,ارائه در سطح گروه آموزشی,,گروه آموزشي کامپيوتر و فناوري اطلاعات(7116330),163 - شيراز(163),163 - شيراز(71163),71 - فارس(71)
4628105622,اصول طراحی کامپایلر,نظري,3,0,1634254006,,سه شنبه از 07:30 تا 10:15,عادل جهانبانی,,50,,1405/04/13 از 08:00 تا 10:00,مهندسی یک-110,كارشناسي پيوسته,حضوري,ارائه در سطح گروه آموزشی,,گروه آموزشي کامپيوتر و فناوري اطلاعات(7116330),163 - شيراز(163),163 - شيراز(71163),71 - فارس(71)
4628105622,اصول طراحی کامپایلر,نظري,3,0,1634254005,,چهارشنبه از 07:30 تا 10:15,عادل جهانبانی,,50,,1405/04/13 از 08:00 تا 10:00,مهندسی یک-110,كارشناسي پيوسته,حضوري,ارائه در سطح گروه آموزشی,,گروه آموزشي کامپيوتر و فناوري اطلاعات(7116330),163 - شيراز(163),163 - شيراز(71163),71 - فارس(71)
4628105622,اصول طراحی کامپایلر,نظري,3,0,1634254004,,چهارشنبه از 10:15 تا 11:45 چهارشنبه از ...,عادل جهانبانی,,50,,1405/04/13 از 08:00 تا 10:00,مهندسی یک-110,كارشناسي پيوسته,حضوري,ارائه در سطح گروه آموزشی,,گروه آموزشي کامپيوتر و فناوري اطلاعات(7116330),163 - شيراز(163),163 - شيراز(71163),71 - فارس(71)
4628105622,اصول طراحی کامپایلر,نظري,3,0,1634254003,کلاس : 107,سه شنبه از 13:15 تا 15:45,فرزاد قهرمانی,,120,,1405/04/13 از 08:00 تا 10:00,مهندسی یک-اول راهرو غربی,كارشناسي پيوسته,حضوري,ارائه در سطح گروه آموزشی,,گروه آموزشي کامپيوتر و فناوري اطلاعات(7116330),163 - شيراز(163),163 - شيراز(71163),71 - فارس(71)
4628105622,اصول طراحی کامپایلر,نظري,3,0,1634254002,,,امین طوسی,,0,,1405/04/13 از 08:00 تا 10:00,,كارشناسي پيوسته,حضوري,ارائه در سطح گروه آموزشی,,گروه آموزشي کامپيوتر و فناوري اطلاعات(7116330),163 - شيراز(163),163 - شيراز(71163),71 - فارس(71)
4628105622,اصول طراحی کامپایلر,نظري,3,0,1634254001,,,امین طوسی,,0,,1405/04/13 از 08:00 تا 10:00,,كارشناسي پيوسته,حضوري,ارائه در سطح گروه آموزشی,,گروه آموزشي کامپيوتر و فناوري اطلاعات(7116330),163 - شيراز(163),163 - شيراز(71163),71 - فارس(71)
4628135451,شبکه‌های کامپیوتری,نظري,3,0,1634254567,,سه شنبه از 13:15 تا 15:45,محمد بانشی,,70,,1405/04/10 از 15:00 تا 16:30,مهندسی یک-219,كارشناسي پيوسته,حضوري,ارائه در سطح گروه آموزشی,,گروه آموزشي کامپيوتر و فناوري اطلاعات(7116330),163 - شيراز(163),163 - شيراز(71163),71 - فارس(71)
4628169362,سیستم های عامل,نظري,3,0,12345678,,,,,50,,1405/04/07 از 08:00 تا 10:00,,كارشناسي پيوسته,حضوري,ارائه در سطح گروه آموزشی,,گروه آموزشي کامپيوتر و فناوري اطلاعات(7116330),163 - شيراز(163),163 - شيراز(71163),71 - فارس(71)
4628169362,سیستم های عامل,نظري,3,0,123456789,,,,,50,,1405/04/07 از 08:00 تا 10:00,,كارشناسي پيوسته,حضوري,ارائه در سطح گروه آموزشی,,گروه آموزشي کامپيوتر و فناوري اطلاعات(7116330),163 - شيراز(163),163 - شيراز(71163),71 - فارس(71)
7000031540,داده ساختارها و الگوریتم ها,نظري,3,0,1634254176,,,,,50,,1405/04/08 از 08:00 تا 10:00,,كارشناسي پيوسته,حضوري,ارائه در سطح گروه آموزشی,,گروه آموزشي کامپيوتر و فناوري اطلاعات(7116330),163 - شيراز(163),163 - شيراز(71163),71 - فارس(71)
7000031540,داده ساختارها و الگوریتم ها,نظري,3,0,1634254175,,,,,50,,1405/04/08 از 08:00 تا 10:00,,كارشناسي پيوسته,حضوري,ارائه در سطح گروه آموزشی,,گروه آموزشي کامپيوتر و فناوري اطلاعات(7116330),163 - شيراز(163),163 - شيراز(71163),71 - فارس(71)
7000031540,داده ساختارها و الگوریتم ها,نظري,3,0,1634254174,محل تشکیل آمفی تئاتر مهندسی 1,دوشنبه از 07:30 تا 10:15,امین اسکندری,,50,,1405/04/08 از 08:00 تا 10:00,مهندسی یک-118,كارشناسي پيوسته,حضوري,ارائه در سطح گروه آموزشی,,گروه آموزشي کامپيوتر و فناوري اطلاعات(7116330),163 - شيراز(163),163 - شيراز(71163),71 - فارس(71)
4628117515,تحلیل‌ و طراحی سیستم ها,نظري,3,0,1634254173,,,,,50,,1405/04/14 از 15:00 تا 16:30,,كارشناسي پيوسته,حضوري,ارائه در سطح گروه آموزشی,,گروه آموزشي کامپيوتر و فناوري اطلاعات(7116330),163 - شيراز(163),163 - شيراز(71163),71 - فارس(71)
4628117515,تحلیل‌ و طراحی سیستم ها,نظري,3,0,1634254172,,,,,50,,1405/04/14 از 15:00 تا 16:30,,كارشناسي پيوسته,حضوري,ارائه در سطح گروه آموزشی,,گروه آموزشي کامپيوتر و فناوري اطلاعات(7116330),163 - شيراز(163),163 - شيراز(71163),71 - فارس(71)
4628117515,تحلیل‌ و طراحی سیستم ها,نظري,3,0,1634254171,,,,,50,,1405/04/14 از 15:00 تا 16:30,,كارشناسي پيوسته,حضوري,ارائه در سطح گروه آموزشی,,گروه آموزشي کامپيوتر و فناوري اطلاعات(7116330),163 - شيراز(163),163 - شيراز(71163),71 - فارس(71)
4628117515,تحلیل‌ و طراحی سیستم ها,نظري,3,0,1634254170,,,,,50,,1405/04/14 از 15:00 تا 16:30,,كارشناسي پيوسته,حضوري,ارائه در سطح گروه آموزشی,,گروه آموزشي کامپيوتر و فناوري اطلاعات(7116330),163 - شيراز(163),163 - شيراز(71163),71 - فارس(71)
4628117515,تحلیل‌ و طراحی سیستم ها,نظري,3,0,1634254167,,,,,50,,1405/04/14 از 15:00 تا 16:30,,كارشناسي پيوسته,حضوري,ارائه در سطح گروه آموزشی,,گروه آموزشي کامپيوتر و فناوري اطلاعات(7116330),163 - شيراز(163),163 - شيراز(71163),71 - فارس(71)
4628117515,تحلیل‌ و طراحی سیستم ها,نظري,3,0,1634254166,,,,,50,,1405/04/14 از 15:00 تا 16:30,,كارشناسي پيوسته,حضوري,ارائه در سطح گروه آموزشی,,گروه آموزشي کامپيوتر و فناوري اطلاعات(7116330),163 - شيراز(163),163 - شيراز(71163),71 - فارس(71)
4628117515,تحلیل‌ و طراحی سیستم ها,نظري,3,0,1634254165,,,,,50,,1405/04/14 از 15:00 تا 16:30,,كارشناسي پيوسته,حضوري,ارائه در سطح گروه آموزشی,,گروه آموزشي کامپيوتر و فناوري اطلاعات(7116330),163 - شيراز(163),163 - شيراز(71163),71 - فارس(71)
4628117515,تحلیل‌ و طراحی سیستم ها,نظري,3,0,1634254164,,,,,50,,1405/04/14 از 15:00 تا 16:30,,كارشناسي پيوسته,حضوري,ارائه در سطح گروه آموزشی,,گروه آموزشي کامپيوتر و فناوري اطلاعات(7116330),163 - شيراز(163),163 - شيراز(71163),71 - فارس(71)
4628116851,تجارت الکترونیکی,نظري,3,0,1634254163,,دوشنبه از 15:45 تا 18:30,حميدرضا عوض دخت,,50,,1405/04/09 از 15:00 تا 16:30,مهندسی یک-15,كارشناسي پيوسته,حضوري,ارائه در سطح گروه آموزشی,,گروه آموزشي کامپيوتر و فناوري اطلاعات(7116330),163 - شيراز(163),163 - شيراز(71163),71 - فارس(71)
4628181643,پیاده سازی سیستم پایگاه داده,نظري,3,0,1634254162,,دوشنبه از 07:30 تا 10:15,زهراء آگاه,,70,,1405/04/18 از 08:00 تا 10:00,مهندسی یک-15,كارشناسي پيوسته,حضوري,ارائه در سطح گروه آموزشی,,گروه آموزشي کامپيوتر و فناوري اطلاعات(7116330),163 - شيراز(163),163 - شيراز(71163),71 - فارس(71)
4628181643,پیاده سازی سیستم پایگاه داده,نظري,3,0,1634254161,,دوشنبه از 10:15 تا 11:45 دوشنبه از از ...,زهراء آگاه,,70,,1405/04/18 از 08:00 تا 10:00,مهندسی یک-15,كارشناسي پيوسته,حضوري,ارائه در سطح گروه آموزشی,,گروه آموزشي کامپيوتر و فناوري اطلاعات(7116330),163 - شيراز(163),163 - شيراز(71163),71 - فارس(71)
4628181643,پیاده سازی سیستم پایگاه داده,نظري,3,0,1634254160,,سه شنبه از 10:15 تا 11:45 سه شنبه از ...,زهراء آگاه,,70,,1405/04/18 از 08:00 تا 10:00,مهندسی یک-15,كارشناسي پيوسته,حضوري,ارائه در سطح گروه آموزشی,,گروه آموزشي کامپيوتر و فناوري اطلاعات(7116330),163 - شيراز(163),163 - شيراز(71163),71 - فارس(71)
4628181643,پیاده سازی سیستم پایگاه داده,نظري,3,0,1634254159,,يكشنبه از 07:30 تا 10:15,زهراء آگاه,,70,,1405/04/18 از 08:00 تا 10:00,مهندسی یک-15,كارشناسي پيوسته,حضوري,ارائه در سطح گروه آموزشی,,گروه آموزشي کامپيوتر و فناوري اطلاعات(7116330),163 - شيراز(163),163 - شيراز(71163),71 - فارس(71)
4628181643,پیاده سازی سیستم پایگاه داده,نظري,3,0,1634254158,,يكشنبه از 10:15 تا 11:45 يكشنبه از از ...,زهراء آگاه,,70,,1405/04/18 از 08:00 تا 10:00,مهندسی یک-15,كارشناسي پيوسته,حضوري,ارائه در سطح گروه آموزشی,,گروه آموزشي کامپيوتر و فناوري اطلاعات(7116330),163 - شيراز(163),163 - شيراز(71163),71 - فارس(71)
4628181643,پیاده سازی سیستم پایگاه داده,نظري,3,0,1634254157,,,امین طوسی,,0,,1405/04/18 از 08:00 تا 10:00,,كارشناسي پيوسته,حضوري,ارائه در سطح گروه آموزشی,,گروه آموزشي کامپيوتر و فناوري اطلاعات(7116330),163 - شيراز(163),163 - شيراز(71163),71 - فارس(71)
4628183688,پروژه نرم افزار,عملي,0,3,1634254156,,,امین طوسی,,200,,,,كارشناسي پيوسته,حضوري,ارائه در سطح گروه آموزشی,,گروه آموزشي کامپيوتر و فناوري اطلاعات(7116330),163 - شيراز(163),163 - شيراز(71163),71 - فارس(71)
4628114947,پروژه فناوری اطلاعات,عملي,0,3,1634254155,,,امین طوسی,,200,,,,كارشناسي پيوسته,حضوري,ارائه در سطح گروه آموزشی,,گروه آموزشي کامپيوتر و فناوري اطلاعات(7116330),163 - شيراز(163),163 - شيراز(71163),71 - فارس(71)
4628114001,پایگاه‌ داده‌ها,نظري,3,0,1634254154,,,,,50,,1405/04/16 از 08:00 تا 10:00,,كارشناسي پيوسته,حضوري,ارائه در سطح گروه آموزشی,,گروه آموزشي کامپيوتر و فناوري اطلاعات(7116330),163 - شيراز(163),163 - شيراز(71163),71 - فارس(71)
4628114001,پایگاه‌ داده‌ها,نظري,3,0,1634254153,,,,,50,,1405/04/16 از 08:00 تا 10:00,,كارشناسي پيوسته,حضوري,ارائه در سطح گروه آموزشی,,گروه آموزشي کامپيوتر و فناوري اطلاعات(7116330),163 - شيراز(163),163 - شيراز(71163),71 - فارس(71)
4628114001,پایگاه‌ داده‌ها,نظري,3,0,1634254152,,,,,50,,1405/04/16 از 08:00 تا 10:00,,كارشناسي پيوسته,حضوري,ارائه در سطح گروه آموزشی,,گروه آموزشي کامپيوتر و فناوري اطلاعات(7116330),163 - شيراز(163),163 - شيراز(71163),71 - فارس(71)
4628114001,پایگاه‌ داده‌ها,نظري,3,0,1634254151,,,,,50,,1405/04/16 از 08:00 تا 10:00,,كارشناسي پيوسته,حضوري,ارائه در سطح گروه آموزشی,,گروه آموزشي کامپيوتر و فناوري اطلاعات(7116330),163 - شيراز(163),163 - شيراز(71163),71 - فارس(71)
4628114001,پایگاه‌ داده‌ها,نظري,3,0,1634254150,,,,,50,,1405/04/16 از 08:00 تا 10:00,,كارشناسي پيوسته,حضوري,ارائه در سطح گروه آموزشی,,گروه آموزشي کامپيوتر و فناوري اطلاعات(7116330),163 - شيراز(163),163 - شيراز(71163),71 - فارس(71)
4628114001,پایگاه‌ داده‌ها,نظري,3,0,1634254149,,,,,50,,1405/04/16 از 08:00 تا 10:00,,كارشناسي پيوسته,حضوري,ارائه در سطح گروه آموزشی,,گروه آموزشي کامپيوتر و فناوري اطلاعات(7116330),163 - شيراز(163),163 - شيراز(71163),71 - فارس(71)
4628114001,پایگاه‌ داده‌ها,نظري,3,0,1634254148,,,امین طوسی,,0,,1405/04/16 از 08:00 تا 10:00,,كارشناسي پيوسته,حضوري,ارائه در سطح گروه آموزشی,,گروه آموزشي کامپيوتر و فناوري اطلاعات(7116330),163 - شيراز(163),163 - شيراز(71163),71 - فارس(71)
4628114001,پایگاه‌ داده‌ها,نظري,3,0,1634254147,,,امین طوسی,,0,,1405/04/16 از 08:00 تا 10:00,,كارشناسي پيوسته,حضوري,ارائه در سطح گروه آموزشی,,گروه آموزشي کامپيوتر و فناوري اطلاعات(7116330),163 - شيراز(163),163 - شيراز(71163),71 - فارس(71)
4628114001,پایگاه‌ داده‌ها,نظري,3,0,1634254146,,,امین طوسی,,0,,1405/04/16 از 08:00 تا 10:00,,كارشناسي پيوسته,حضوري,ارائه در سطح گروه آموزشی,,گروه آموزشي کامپيوتر و فناوري اطلاعات(7116330),163 - شيراز(163),163 - شيراز(71163),71 - فارس(71)
4628114001,پایگاه‌ داده‌ها,نظري,3,0,1634254145,,,امین طوسی,,0,,1405/04/16 از 08:00 تا 10:00,,كارشناسي پيوسته,حضوري,ارائه در سطح گروه آموزشی,,گروه آموزشي کامپيوتر و فناوري اطلاعات(7116330),163 - شيراز(163),163 - شيراز(71163),71 - فارس(71)
7000031538,برنامه سازی پیشرفته,نظري,3,0,1634254144,,يكشنبه از 07:30 تا 10:15,زينب شيرکول,,70,,1405/04/07 از 13:00 تا 15:00,مهندسی یک-220,كارشناسي پيوسته,حضوري,ارائه در سطح گروه آموزشی,,گروه آموزشي کامپيوتر و فناوري اطلاعات(7116330),163 - شيراز(163),163 - شيراز(71163),71 - فارس(71)
7000031538,برنامه سازی پیشرفته,نظري,3,0,1634254143,,يكشنبه از 10:15 تا 11:45 يكشنبه از از ...,زينب شيرکول,,70,,1405/04/07 از 13:00 تا 15:00,مهندسی یک-220,كارشناسي پيوسته,حضوري,ارائه در سطح گروه آموزشی,,گروه آموزشي کامپيوتر و فناوري اطلاعات(7116330),163 - شيراز(163),163 - شيراز(71163),71 - فارس(71)
7000031538,برنامه سازی پیشرفته,نظري,3,0,1634254142,,دوشنبه از 13:15 تا 15:45,سعید صدیقی,,70,,1405/04/07 از 13:00 تا 15:00,مهندسی یک- 18کارگاه کامپیوتر,كارشناسي پيوسته,حضوري,ارائه در سطح گروه آموزشی,,گروه آموزشي کامپيوتر و فناوري اطلاعات(7116330),163 - شيراز(163),163 - شيراز(71163),71 - فارس(71)
7000031538,برنامه سازی پیشرفته,نظري,3,0,1634254141,,سه شنبه از 07:30 تا 10:15,سميه رحيمي,,30,,1405/04/07 از 13:00 تا 15:00,مهندسی یک-17کارگاه کامپیوتر,كارشناسي پيوسته,حضوري,ارائه در سطح گروه آموزشی,,گروه آموزشي کامپيوتر و فناوري اطلاعات(7116330),163 - شيراز(163),163 - شيراز(71163),71 - فارس(71)
7000031538,برنامه سازی پیشرفته,نظري,3,0,1634254140,,سه شنبه از 13:15 تا 15:45,سميه رحيمي,,30,,1405/04/07 از 13:00 تا 15:00,مهندسی یک-17کارگاه کامپیوتر,كارشناسي پيوسته,حضوري,ارائه در سطح گروه آموزشی,,گروه آموزشي کامپيوتر و فناوري اطلاعات(7116330),163 - شيراز(163),163 - شيراز(71163),71 - فارس(71)
7000031538,برنامه سازی پیشرفته,نظري,3,0,1634254139,,سه شنبه از 15:45 تا 18:30,سميه رحيمي,,30,,1405/04/07 از 13:00 تا 15:00,مهندسی یک-17کارگاه کامپیوتر,كارشناسي پيوسته,حضوري,ارائه در سطح گروه آموزشی,,گروه آموزشي کامپيوتر و فناوري اطلاعات(7116330),163 - شيراز(163),163 - شيراز(71163),71 - فارس(71)
7000031538,برنامه سازی پیشرفته,نظري,3,0,1634254138,,يكشنبه از 07:30 تا 10:15,هومن رئيسي,,70,,1405/04/07 از 13:00 تا 15:00,مهندسی یک-215,كارشناسي پيوسته,حضوري,ارائه در سطح گروه آموزشی,,گروه آموزشي کامپيوتر و فناوري اطلاعات(7116330),163 - شيراز(163),163 - شيراز(71163),71 - فارس(71)
7000031538,برنامه سازی پیشرفته,نظري,3,0,1634254137,,يكشنبه از 10:15 تا 11:45 يكشنبه از از ...,هومن رئيسي,,70,,1405/04/07 از 13:00 تا 15:00,مهندسی یک-215,كارشناسي پيوسته,حضوري,ارائه در سطح گروه آموزشی,,گروه آموزشي کامپيوتر و فناوري اطلاعات(7116330),163 - شيراز(163),163 - شيراز(71163),71 - فارس(71)
7000031538,برنامه سازی پیشرفته,نظري,3,0,1634254136,,يكشنبه از 13:15 تا 15:45,هومن رئيسي,,70,,1405/04/07 از 13:00 تا 15:00,مهندسی یک-216,كارشناسي پيوسته,حضوري,ارائه در سطح گروه آموزشی,,گروه آموزشي کامپيوتر و فناوري اطلاعات(7116330),163 - شيراز(163),163 - شيراز(71163),71 - فارس(71)
7000031538,برنامه سازی پیشرفته,نظري,3,0,1634254135,,يكشنبه از 10:15 تا 11:45 يكشنبه از از ...,عبدالکریم جوانمردی,,70,,1405/04/07 از 13:00 تا 15:00,مهندسی یک-317,كارشناسي پيوسته,حضوري,ارائه در سطح گروه آموزشی,,گروه آموزشي کامپيوتر و فناوري اطلاعات(7116330),163 - شيراز(163),163 - شيراز(71163),71 - فارس(71)
7000031538,برنامه سازی پیشرفته,نظري,3,0,1634254134,,پنج شنبه از 07:30 تا 10:15,مهسا فربودنياي جهرمي,,50,,1405/04/07 از 13:00 تا 15:00,مهندسی یک-320,كارشناسي پيوسته,حضوري,ارائه در سطح گروه آموزشی,,گروه آموزشي کامپيوتر و فناوري اطلاعات(7116330),163 - شيراز(163),163 - شيراز(71163),71 - فارس(71)
7000031538,برنامه سازی پیشرفته,نظري,3,0,1634254133,,پنج شنبه از 10:15 تا 11:45 پنج شنبه از ...,مهسا فربودنياي جهرمي,,50,,1405/04/07 از 13:00 تا 15:00,مهندسی یک-320,كارشناسي پيوسته,حضوري,ارائه در سطح گروه آموزشی,,گروه آموزشي کامپيوتر و فناوري اطلاعات(7116330),163 - شيراز(163),163 - شيراز(71163),71 - فارس(71)
7000031538,برنامه سازی پیشرفته,نظري,3,0,1634254132,,پنج شنبه از 13:15 تا 15:45,مهسا فربودنياي جهرمي,,50,,1405/04/07 از 13:00 تا 15:00,مهندسی یک-320,كارشناسي پيوسته,حضوري,ارائه در سطح گروه آموزشی,,گروه آموزشي کامپيوتر و فناوري اطلاعات(7116330),163 - شيراز(163),163 - شيراز(71163),71 - فارس(71)
7000031538,برنامه سازی پیشرفته,نظري,3,0,1634254131,استاد : باقری,شنبه از 13:15 تا 15:45,غلامرضا ستوده,,55,,1405/04/07 از 13:00 تا 15:00,مهندسی یک-17کارگاه کامپیوتر,كارشناسي پيوسته,حضوري,ارائه در سطح گروه آموزشی,,گروه آموزشي کامپيوتر و فناوري اطلاعات(7116330),163 - شيراز(163),163 - شيراز(71163),71 - فارس(71)
7000031538,برنامه سازی پیشرفته,نظري,3,0,1634254130,,,پريسا رزاقي,,0,,1405/04/07 از 13:00 تا 15:00,,كارشناسي پيوسته,حضوري,ارائه در سطح گروه آموزشی,,گروه آموزشي کامپيوتر و فناوري اطلاعات(7116330),163 - شيراز(163),163 - شيراز(71163),71 - فارس(71)
7000031538,برنامه سازی پیشرفته,نظري,3,0,1634254129,,,پريسا رزاقي,,0,,1405/04/07 از 13:00 تا 15:00,,كارشناسي پيوسته,حضوري,ارائه در سطح گروه آموزشی,,گروه آموزشي کامپيوتر و فناوري اطلاعات(7116330),163 - شيراز(163),163 - شيراز(71163),71 - فارس(71)
7000031538,برنامه سازی پیشرفته,نظري,3,0,1634254128,,,پريسا رزاقي,,0,,1405/04/07 از 13:00 تا 15:00,,كارشناسي پيوسته,حضوري,ارائه در سطح گروه آموزشی,,گروه آموزشي کامپيوتر و فناوري اطلاعات(7116330),163 - شيراز(163),163 - شيراز(71163),71 - فارس(71)
7000031538,برنامه سازی پیشرفته,نظري,3,0,1634254127,,,پريسا رزاقي,,0,,1405/04/07 از 13:00 تا 15:00,,كارشناسي پيوسته,حضوري,ارائه در سطح گروه آموزشی,,گروه آموزشي کامپيوتر و فناوري اطلاعات(7116330),163 - شيراز(163),163 - شيراز(71163),71 - فارس(71)
4628107851,آمار و احتمال مهندسی,نظري,3,0,1634254126,,,امین طوسی,,0,,1405/04/17 از 10:00 تا 12:00,,كارشناسي پيوسته,حضوري,ارائه در سطح گروه آموزشی,,گروه آموزشي کامپيوتر و فناوري اطلاعات(7116330),163 - شيراز(163),163 - شيراز(71163),71 - فارس(71)
4628107851,آمار و احتمال مهندسی,نظري,3,0,1634254125,,,امین طوسی,,0,,1405/04/17 از 10:00 تا 12:00,,كارشناسي پيوسته,حضوري,ارائه در سطح گروه آموزشی,,گروه آموزشي کامپيوتر و فناوري اطلاعات(7116330),163 - شيراز(163),163 - شيراز(71163),71 - فارس(71)
4628107851,آمار و احتمال مهندسی,نظري,3,0,1634254124,,,امین طوسی,,0,,1405/04/17 از 10:00 تا 12:00,,كارشناسي پيوسته,حضوري,ارائه در سطح گروه آموزشی,,گروه آموزشي کامپيوتر و فناوري اطلاعات(7116330),163 - شيراز(163),163 - شيراز(71163),71 - فارس(71)
4628107851,آمار و احتمال مهندسی,نظري,3,0,1634254123,,,امین طوسی,,0,,1405/04/17 از 10:00 تا 12:00,,كارشناسي پيوسته,حضوري,ارائه در سطح گروه آموزشی,,گروه آموزشي کامپيوتر و فناوري اطلاعات(7116330),163 - شيراز(163),163 - شيراز(71163),71 - فارس(71)
7000031530,آمار و احتمال مهندسی,نظري,3,0,1634254110,,,امین طوسی,,0,,1405/04/17 از 10:00 تا 12:00,,كارشناسي پيوسته,حضوري,ارائه در سطح گروه آموزشی,,گروه آموزشي کامپيوتر و فناوري اطلاعات(7116330),163 - شيراز(163),163 - شيراز(71163),71 - فارس(71)
7000031530,آمار و احتمال مهندسی,نظري,3,0,1634254109,,,امین طوسی,,0,,1405/04/17 از 10:00 تا 12:00,,كارشناسي پيوسته,حضوري,ارائه در سطح گروه آموزشی,,گروه آموزشي کامپيوتر و فناوري اطلاعات(7116330),163 - شيراز(163),163 - شيراز(71163),71 - فارس(71)
7000031530,آمار و احتمال مهندسی,نظري,3,0,1634254108,,,امین طوسی,,0,,1405/04/17 از 10:00 تا 12:00,,كارشناسي پيوسته,حضوري,ارائه در سطح گروه آموزشی,,گروه آموزشي کامپيوتر و فناوري اطلاعات(7116330),163 - شيراز(163),163 - شيراز(71163),71 - فارس(71)
7000031530,آمار و احتمال مهندسی,نظري,3,0,1634254107,,,امین طوسی,,0,,1405/04/17 از 10:00 تا 12:00,,كارشناسي پيوسته,حضوري,ارائه در سطح گروه آموزشی,,گروه آموزشي کامپيوتر و فناوري اطلاعات(7116330),163 - شيراز(163),163 - شيراز(71163),71 - فارس(71)
7000035094,آشنایی با صنعت کامپیوتر (کاربینی),نظري_عملي,0.50,0.50,1634254094,,,امین طوسی,,0,,1405/04/09 از 08:00 تا 10:00,,كارشناسي پيوسته,حضوري,ارائه در سطح گروه آموزشی,,گروه آموزشي کامپيوتر و فناوري اطلاعات(7116330),163 - شيراز(163),163 - شيراز(71163),71 - فارس(71)
7000035094,آشنایی با صنعت کامپیوتر (کاربینی),نظري_عملي,0.50,0.50,1634254093,,,,,55,,1405/04/09 از 08:00 تا 10:00,,كارشناسي پيوسته,حضوري,ارائه در سطح گروه آموزشی,,گروه آموزشي کامپيوتر و فناوري اطلاعات(7116330),163 - شيراز(163),163 - شيراز(71163),71 - فارس(71)
7000035094,آشنایی با صنعت کامپیوتر (کاربینی),نظري_عملي,0.50,0.50,1634254092,,,,,55,,1405/04/09 از 08:00 تا 10:00,,كارشناسي پيوسته,حضوري,ارائه در سطح گروه آموزشی,,گروه آموزشي کامپيوتر و فناوري اطلاعات(7116330),163 - شيراز(163),163 - شيراز(71163),71 - فارس(71)
7000035094,آشنایی با صنعت کامپیوتر (کاربینی),نظري_عملي,0.50,0.50,1634254091,,دوشنبه از 11:00 تا 11:45 دوشنبه از از ...,امین طوسی,,55,,1405/04/09 از 08:00 تا 10:00,مهندسی یک-207,كارشناسي پيوسته,حضوري,ارائه در سطح گروه آموزشی,,گروه آموزشي کامپيوتر و فناوري اطلاعات(7116330),163 - شيراز(163),163 - شيراز(71163),71 - فارس(71)
7000035094,آشنایی با صنعت کامپیوتر (کاربینی),نظري_عملي,0.50,0.50,1634254090,,,,,55,,1405/04/09 از 08:00 تا 10:00,,كارشناسي پيوسته,حضوري,ارائه در سطح گروه آموزشی,,گروه آموزشي کامپيوتر و فناوري اطلاعات(7116330),163 - شيراز(163),163 - شيراز(71163),71 - فارس(71)
7000035094,آشنایی با صنعت کامپیوتر (کاربینی),نظري_عملي,0.50,0.50,1634254089,,,,,55,,1405/04/09 از 08:00 تا 10:00,,كارشناسي پيوسته,حضوري,ارائه در سطح گروه آموزشی,,گروه آموزشي کامپيوتر و فناوري اطلاعات(7116330),163 - شيراز(163),163 - شيراز(71163),71 - فارس(71)
7000035094,آشنایی با صنعت کامپیوتر (کاربینی),نظري_عملي,0.50,0.50,1634254088,,دوشنبه از 09:15 تا 11:00,امین طوسی,,55,,1405/04/09 از 08:00 تا 10:00,مهندسی یک-207,كارشناسي پيوسته,حضوري,ارائه در سطح گروه آموزشی,,گروه آموزشي کامپيوتر و فناوري اطلاعات(7116330),163 - شيراز(163),163 - شيراز(71163),71 - فارس(71)
7000035094,آشنایی با صنعت کامپیوتر (کاربینی),نظري_عملي,0.50,0.50,1634254087,,,,,55,,1405/04/09 از 08:00 تا 10:00,,كارشناسي پيوسته,حضوري,ارائه در سطح گروه آموزشی,,گروه آموزشي کامپيوتر و فناوري اطلاعات(7116330),163 - شيراز(163),163 - شيراز(71163),71 - فارس(71)
7000035094,آشنایی با صنعت کامپیوتر (کاربینی),نظري_عملي,0.50,0.50,1634254086,,,,,55,,1405/04/09 از 08:00 تا 10:00,,كارشناسي پيوسته,حضوري,ارائه در سطح گروه آموزشی,,گروه آموزشي کامپيوتر و فناوري اطلاعات(7116330),163 - شيراز(163),163 - شيراز(71163),71 - فارس(71)
7000035094,آشنایی با صنعت کامپیوتر (کاربینی),نظري_عملي,0.50,0.50,1634254085,,دوشنبه از 07:30 تا 09:15,امین طوسی,,55,,1405/04/09 از 08:00 تا 10:00,مهندسی یک-207,كارشناسي پيوسته,حضوري,ارائه در سطح گروه آموزشی,,گروه آموزشي کامپيوتر و فناوري اطلاعات(7116330),163 - شيراز(163),163 - شيراز(71163),71 - فارس(71)
4628102924,آزمایشگاه مهندسی نرم‌افزار,عملي,0,1,1634254084,استاد : ایمان بادروح,چهارشنبه از 15:00 تا 16:45,عادل جهانبانی,,0,,1405/03/15 از 08:00 تا 10:00,,كارشناسي پيوسته,حضوري,ارائه در سطح گروه آموزشی,,گروه آموزشي کامپيوتر و فناوري اطلاعات(7116330),163 - شيراز(163),163 - شيراز(71163),71 - فارس(71)
4628102924,آزمایشگاه مهندسی نرم‌افزار,عملي,0,1,1634254083,استاد :کشاورز,شنبه از 16:45 تا 18:30,امیر رضا استخریان حقیقی,,30,,1405/03/15 از 08:00 تا 10:00,مهندسی یک-19 کارگاه کامپیوتر,كارشناسي پيوسته,حضوري,ارائه در سطح گروه آموزشی,,گروه آموزشي کامپيوتر و فناوري اطلاعات(7116330),163 - شيراز(163),163 - شيراز(71163),71 - فارس(71)
4628102924,آزمایشگاه مهندسی نرم‌افزار,عملي,0,1,1634254082,استاد : کشاورز,دوشنبه از 16:45 تا 18:30,محمد علی اسدی,,30,,1405/03/15 از 08:00 تا 10:00,مهندسی یک-17کارگاه کامپیوتر,كارشناسي پيوسته,حضوري,ارائه در سطح گروه آموزشی,,گروه آموزشي کامپيوتر و فناوري اطلاعات(7116330),163 - شيراز(163),163 - شيراز(71163),71 - فارس(71)
4628102924,آزمایشگاه مهندسی نرم‌افزار,عملي,0,1,1634254081,استاد : کشاورز,دوشنبه از 13:15 تا 15:00,محمد علی اسدی,,30,,1405/03/15 از 08:00 تا 10:00,مهندسی یک-17کارگاه کامپیوتر,كارشناسي پيوسته,حضوري,ارائه در سطح گروه آموزشی,,گروه آموزشي کامپيوتر و فناوري اطلاعات(7116330),163 - شيراز(163),163 - شيراز(71163),71 - فارس(71)
4628102924,آزمایشگاه مهندسی نرم‌افزار,عملي,0,1,1634254080,استاد : کشاورز,دوشنبه از 15:00 تا 16:45,محمد علی اسدی,,30,,1405/03/15 از 08:00 تا 10:00,مهندسی یک-17کارگاه کامپیوتر,كارشناسي پيوسته,حضوري,ارائه در سطح گروه آموزشی,,گروه آموزشي کامپيوتر و فناوري اطلاعات(7116330),163 - شيراز(163),163 - شيراز(71163),71 - فارس(71)
4628102924,آزمایشگاه مهندسی نرم‌افزار,عملي,0,1,1634254079,استاد : ایمان بادروح,چهارشنبه از 16:45 تا 18:30,عادل جهانبانی,,15,,1405/03/15 از 08:00 تا 10:00,مهندسی یک-20کارگاه کامپیوتر,كارشناسي پيوسته,حضوري,ارائه در سطح گروه آموزشی,,گروه آموزشي کامپيوتر و فناوري اطلاعات(7116330),163 - شيراز(163),163 - شيراز(71163),71 - فارس(71)
4628102924,آزمایشگاه مهندسی نرم‌افزار,عملي,0,1,1634254078,استاد :کشاورز,شنبه از 15:00 تا 16:45,امیر رضا استخریان حقیقی,,30,,1405/03/15 از 08:00 تا 10:00,مهندسی یک-19 کارگاه کامپیوتر,كارشناسي پيوسته,حضوري,ارائه در سطح گروه آموزشی,,گروه آموزشي کامپيوتر و فناوري اطلاعات(7116330),163 - شيراز(163),163 - شيراز(71163),71 - فارس(71)
4628102924,آزمایشگاه مهندسی نرم‌افزار,عملي,0,1,1634254077,استاد :کشاورز,شنبه از 13:15 تا 15:00,محمد علی اسدی,,30,,1405/03/15 از 08:00 تا 10:00,مهندسی یک-19 کارگاه کامپیوتر,كارشناسي پيوسته,حضوري,ارائه در سطح گروه آموزشی,,گروه آموزشي کامپيوتر و فناوري اطلاعات(7116330),163 - شيراز(163),163 - شيراز(71163),71 - فارس(71)
4628102924,آزمایشگاه مهندسی نرم‌افزار,عملي,0,1,1634254076,استاد :کشاورز,شنبه از 07:30 تا 09:15,محمد علی اسدی,,30,,1405/03/15 از 08:00 تا 10:00,مهندسی یک-19 کارگاه کامپیوتر,كارشناسي پيوسته,حضوري,ارائه در سطح گروه آموزشی,,گروه آموزشي کامپيوتر و فناوري اطلاعات(7116330),163 - شيراز(163),163 - شيراز(71163),71 - فارس(71)
4628102924,آزمایشگاه مهندسی نرم‌افزار,عملي,0,1,1634254075,,,امین طوسی,,0,,1405/03/15 از 08:00 تا 10:00,,كارشناسي پيوسته,حضوري,ارائه در سطح گروه آموزشی,,گروه آموزشي کامپيوتر و فناوري اطلاعات(7116330),163 - شيراز(163),163 - شيراز(71163),71 - فارس(71)
4628102924,آزمایشگاه مهندسی نرم‌افزار,عملي,0,1,1634254074,,,امین طوسی,,0,,1405/03/15 از 08:00 تا 10:00,,كارشناسي پيوسته,حضوري,ارائه در سطح گروه آموزشی,,گروه آموزشي کامپيوتر و فناوري اطلاعات(7116330),163 - شيراز(163),163 - شيراز(71163),71 - فارس(71)
4628102924,آزمایشگاه مهندسی نرم‌افزار,عملي,0,1,1634254073,,,امین طوسی,,0,,1405/03/15 از 08:00 تا 10:00,,كارشناسي پيوسته,حضوري,ارائه در سطح گروه آموزشی,,گروه آموزشي کامپيوتر و فناوري اطلاعات(7116330),163 - شيراز(163),163 - شيراز(71163),71 - فارس(71)
7000031554,آزمایشگاه مدارهای منطقی,عملي,0,1,1634254072,,يكشنبه از 07:30 تا 09:15,مهدی قائمی امیری,,16,,1405/03/14 از 08:00 تا 10:00,163 - شيراز-304آزمایشگاه الکترونیک سوله شماره 3 مجتمع آزمایشگاهی و کارگاهی دکتر محمود حسابی,كارشناسي پيوسته,حضوري,ارائه در سطح گروه آموزشی,,گروه آموزشي کامپيوتر و فناوري اطلاعات(7116330),163 - شيراز(163),163 - شيراز(71163),71 - فارس(71)
7000031554,آزمایشگاه مدارهای منطقی,عملي,0,1,1634254071,,يكشنبه از 09:15 تا 11:00,مهدی قائمی امیری,,16,,1405/03/14 از 08:00 تا 10:00,163 - شيراز-304آزمایشگاه الکترونیک سوله شماره 3 مجتمع آزمایشگاهی و کارگاهی دکتر محمود حسابی,كارشناسي پيوسته,حضوري,ارائه در سطح گروه آموزشی,,گروه آموزشي کامپيوتر و فناوري اطلاعات(7116330),163 - شيراز(163),163 - شيراز(71163),71 - فارس(71)
7000031554,آزمایشگاه مدارهای منطقی,عملي,0,1,1634254070,,يكشنبه از 11:00 تا 11:45 يكشنبه از از ...,مهدی قائمی امیری,,16,,1405/03/14 از 08:00 تا 10:00,163 - شيراز-304آزمایشگاه الکترونیک سوله شماره 3 مجتمع آزمایشگاهی و کارگاهی دکتر محمود حسابی,كارشناسي پيوسته,حضوري,ارائه در سطح گروه آموزشی,,گروه آموزشي کامپيوتر و فناوري اطلاعات(7116330),163 - شيراز(163),163 - شيراز(71163),71 - فارس(71)
7000031554,آزمایشگاه مدارهای منطقی,عملي,0,1,1634254069,,يكشنبه از 13:15 تا 15:00,مهدی قائمی امیری,,16,,1405/03/14 از 08:00 تا 10:00,163 - شيراز-304آزمایشگاه الکترونیک سوله شماره 3 مجتمع آزمایشگاهی و کارگاهی دکتر محمود حسابی,كارشناسي پيوسته,حضوري,ارائه در سطح گروه آموزشی,,گروه آموزشي کامپيوتر و فناوري اطلاعات(7116330),163 - شيراز(163),163 - شيراز(71163),71 - فارس(71)
7000031554,آزمایشگاه مدارهای منطقی,عملي,0,1,1634254068,,,مهدی قائمی امیری,,0,,1405/03/14 از 08:00 تا 10:00,,كارشناسي پيوسته,حضوري,ارائه در سطح گروه آموزشی,,گروه آموزشي کامپيوتر و فناوري اطلاعات(7116330),163 - شيراز(163),163 - شيراز(71163),71 - فارس(71)
7000031554,آزمایشگاه مدارهای منطقی,عملي,0,1,1634254067,,,مهدی قائمی امیری,,0,,1405/03/14 از 08:00 تا 10:00,,كارشناسي پيوسته,حضوري,ارائه در سطح گروه آموزشی,,گروه آموزشي کامپيوتر و فناوري اطلاعات(7116330),163 - شيراز(163),163 - شيراز(71163),71 - فارس(71)
7000031554,آزمایشگاه مدارهای منطقی,عملي,0,1,1634254066,,چهارشنبه از 09:15 تا 11:00,مهدی قائمی امیری,,16,,1405/03/14 از 08:00 تا 10:00,163 - شيراز-304آزمایشگاه الکترونیک سوله شماره 3 مجتمع آزمایشگاهی و کارگاهی دکتر محمود حسابی,كارشناسي پيوسته,حضوري,ارائه در سطح گروه آموزشی,,گروه آموزشي کامپيوتر و فناوري اطلاعات(7116330),163 - شيراز(163),163 - شيراز(71163),71 - فارس(71)
7000031554,آزمایشگاه مدارهای منطقی,عملي,0,1,1634254065,,چهارشنبه از 11:00 تا 11:45 چهارشنبه از ...,مهدی قائمی امیری,,16,,1405/03/14 از 08:00 تا 10:00,163 - شيراز-304آزمایشگاه الکترونیک سوله شماره 3 مجتمع آزمایشگاهی و کارگاهی دکتر محمود حسابی,كارشناسي پيوسته,حضوري,ارائه در سطح گروه آموزشی,,گروه آموزشي کامپيوتر و فناوري اطلاعات(7116330),163 - شيراز(163),163 - شيراز(71163),71 - فارس(71)
7000031554,آزمایشگاه مدارهای منطقی,عملي,0,1,1634254064,,دوشنبه از 07:30 تا 09:15,مهدی قائمی امیری,,16,,1405/03/14 از 08:00 تا 10:00,163 - شيراز-304آزمایشگاه الکترونیک سوله شماره 3 مجتمع آزمایشگاهی و کارگاهی دکتر محمود حسابی,كارشناسي پيوسته,حضوري,ارائه در سطح گروه آموزشی,,گروه آموزشي کامپيوتر و فناوري اطلاعات(7116330),163 - شيراز(163),163 - شيراز(71163),71 - فارس(71)
7000031554,آزمایشگاه مدارهای منطقی,عملي,0,1,1634254063,,دوشنبه از 09:15 تا 11:00,مهدی قائمی امیری,,16,,1405/03/14 از 08:00 تا 10:00,163 - شيراز-304آزمایشگاه الکترونیک سوله شماره 3 مجتمع آزمایشگاهی و کارگاهی دکتر محمود حسابی,كارشناسي پيوسته,حضوري,ارائه در سطح گروه آموزشی,,گروه آموزشي کامپيوتر و فناوري اطلاعات(7116330),163 - شيراز(163),163 - شيراز(71163),71 - فارس(71)
7000031554,آزمایشگاه مدارهای منطقی,عملي,0,1,1634254062,,دوشنبه از 11:00 تا 11:45 دوشنبه از از ...,مهدی قائمی امیری,,16,,1405/03/14 از 08:00 تا 10:00,163 - شيراز-304آزمایشگاه الکترونیک سوله شماره 3 مجتمع آزمایشگاهی و کارگاهی دکتر محمود حسابی,كارشناسي پيوسته,حضوري,ارائه در سطح گروه آموزشی,,گروه آموزشي کامپيوتر و فناوري اطلاعات(7116330),163 - شيراز(163),163 - شيراز(71163),71 - فارس(71)
7000031554,آزمایشگاه مدارهای منطقی,عملي,0,1,1634254061,,دوشنبه از 13:15 تا 15:00,مهدی قائمی امیری,,16,,1405/03/14 از 08:00 تا 10:00,163 - شيراز-304آزمایشگاه الکترونیک سوله شماره 3 مجتمع آزمایشگاهی و کارگاهی دکتر محمود حسابی,كارشناسي پيوسته,حضوري,ارائه در سطح گروه آموزشی,,گروه آموزشي کامپيوتر و فناوري اطلاعات(7116330),163 - شيراز(163),163 - شيراز(71163),71 - فارس(71)
7000031554,آزمایشگاه مدارهای منطقی,عملي,0,1,1634254060,,,مهدی قائمی امیری,,0,,1405/03/14 از 08:00 تا 10:00,,كارشناسي پيوسته,حضوري,ارائه در سطح گروه آموزشی,,گروه آموزشي کامپيوتر و فناوري اطلاعات(7116330),163 - شيراز(163),163 - شيراز(71163),71 - فارس(71)
7000031554,آزمایشگاه مدارهای منطقی,عملي,0,1,1634254059,,,مهدی قائمی امیری,,0,,1405/03/14 از 08:00 تا 10:00,,كارشناسي پيوسته,حضوري,ارائه در سطح گروه آموزشی,,گروه آموزشي کامپيوتر و فناوري اطلاعات(7116330),163 - شيراز(163),163 - شيراز(71163),71 - فارس(71)
7000031554,آزمایشگاه مدارهای منطقی,عملي,0,1,1634254058,,,مهدی قائمی امیری,,0,,1405/03/14 از 08:00 تا 10:00,,كارشناسي پيوسته,حضوري,ارائه در سطح گروه آموزشی,,گروه آموزشي کامپيوتر و فناوري اطلاعات(7116330),163 - شيراز(163),163 - شيراز(71163),71 - فارس(71)
7000031554,آزمایشگاه مدارهای منطقی,عملي,0,1,1634254057,,,مهدی قائمی امیری,,0,,1405/03/14 از 08:00 تا 10:00,,كارشناسي پيوسته,حضوري,ارائه در سطح گروه آموزشی,,گروه آموزشي کامپيوتر و فناوري اطلاعات(7116330),163 - شيراز(163),163 - شيراز(71163),71 - فارس(71)
7000031554,آزمایشگاه مدارهای منطقی,عملي,0,1,1634254056,,شنبه از 13:15 تا 15:00,مهدی قائمی امیری,,16,,1405/03/14 از 08:00 تا 10:00,163 - شيراز-304آزمایشگاه الکترونیک سوله شماره 3 مجتمع آزمایشگاهی و کارگاهی دکتر محمود حسابی,كارشناسي پيوسته,حضوري,ارائه در سطح گروه آموزشی,,گروه آموزشي کامپيوتر و فناوري اطلاعات(7116330),163 - شيراز(163),163 - شيراز(71163),71 - فارس(71)
7000031554,آزمایشگاه مدارهای منطقی,عملي,0,1,1634254055,,شنبه از 11:00 تا 11:45 شنبه از از ...,مهدی قائمی امیری,,16,,1405/03/14 از 08:00 تا 10:00,163 - شيراز-304آزمایشگاه الکترونیک سوله شماره 3 مجتمع آزمایشگاهی و کارگاهی دکتر محمود حسابی,كارشناسي پيوسته,حضوري,ارائه در سطح گروه آموزشی,,گروه آموزشي کامپيوتر و فناوري اطلاعات(7116330),163 - شيراز(163),163 - شيراز(71163),71 - فارس(71)
7000031554,آزمایشگاه مدارهای منطقی,عملي,0,1,1634254054,,شنبه از 09:15 تا 11:00,مهدی قائمی امیری,,16,,1405/03/14 از 08:00 تا 10:00,163 - شيراز-304آزمایشگاه الکترونیک سوله شماره 3 مجتمع آزمایشگاهی و کارگاهی دکتر محمود حسابی,كارشناسي پيوسته,حضوري,ارائه در سطح گروه آموزشی,,گروه آموزشي کامپيوتر و فناوري اطلاعات(7116330),163 - شيراز(163),163 - شيراز(71163),71 - فارس(71)
7000031554,آزمایشگاه مدارهای منطقی,عملي,0,1,1634254053,,شنبه از 07:30 تا 09:15,مهدی قائمی امیری,,16,,1405/03/14 از 08:00 تا 10:00,163 - شيراز-304آزمایشگاه الکترونیک سوله شماره 3 مجتمع آزمایشگاهی و کارگاهی دکتر محمود حسابی,كارشناسي پيوسته,حضوري,ارائه در سطح گروه آموزشی,,گروه آموزشي کامپيوتر و فناوري اطلاعات(7116330),163 - شيراز(163),163 - شيراز(71163),71 - فارس(71)
4628101498,آزمایشگاه شبکه ‌های‌ کامپیوتری‌,عملي,0,1,1634254052,,چهارشنبه از 13:15 تا 15:00,ایمان بادروح,,0,,1405/03/13 از 08:00 تا 10:00,,كارشناسي پيوسته,حضوري,ارائه در سطح گروه آموزشی,,گروه آموزشي کامپيوتر و فناوري اطلاعات(7116330),163 - شيراز(163),163 - شيراز(71163),71 - فارس(71)
4628101498,آزمایشگاه شبکه ‌های‌ کامپیوتری‌,عملي,0,1,1634254051,استاد : بادروح,شنبه از 16:45 تا 18:30,عادل جهانبانی,,15,,1405/03/13 از 08:00 تا 10:00,مهندسی یک-20کارگاه کامپیوتر,كارشناسي پيوسته,حضوري,ارائه در سطح گروه آموزشی,,گروه آموزشي کامپيوتر و فناوري اطلاعات(7116330),163 - شيراز(163),163 - شيراز(71163),71 - فارس(71)
7000031531,فیزیک 1,نظري,3,0,1634254293,,,امین طوسی,,0,,1405/04/16 از 10:00 تا 12:00,,كارشناسي پيوسته,حضوري,ارائه در سطح گروه آموزشی,,گروه آموزشي کامپيوتر و فناوري اطلاعات(7116330),163 - شيراز(163),163 - شيراز(71163),71 - فارس(71)
7000031531,فیزیک 1,نظري,3,0,1634254291,,,امین طوسی,,0,,1405/04/16 از 10:00 تا 12:00,,كارشناسي پيوسته,حضوري,ارائه در سطح گروه آموزشی,,گروه آموزشي کامپيوتر و فناوري اطلاعات(7116330),163 - شيراز(163),163 - شيراز(71163),71 - فارس(71)
7000031531,فیزیک 1,نظري,3,0,1634254290,,,امین طوسی,,0,,1405/04/16 از 10:00 تا 12:00,,كارشناسي پيوسته,حضوري,ارائه در سطح گروه آموزشی,,گروه آموزشي کامپيوتر و فناوري اطلاعات(7116330),163 - شيراز(163),163 - شيراز(71163),71 - فارس(71)
7000031531,فیزیک 1,نظري,3,0,1634254289,,,امین طوسی,,0,,1405/04/16 از 10:00 تا 12:00,,كارشناسي پيوسته,حضوري,ارائه در سطح گروه آموزشی,,گروه آموزشي کامپيوتر و فناوري اطلاعات(7116330),163 - شيراز(163),163 - شيراز(71163),71 - فارس(71)
4628164617,طراحی کامپیوتری سیستمهای دیجیتال,نظري,3,0,1634254288,,چهارشنبه از 07:30 تا 10:15,مرجان افشار,,150,,1405/04/18 از 13:00 تا 15:00,مهندسی یک-207,كارشناسي پيوسته,حضوري,ارائه در سطح گروه آموزشی,,گروه آموزشي کامپيوتر و فناوري اطلاعات(7116330),163 - شيراز(163),163 - شيراز(71163),71 - فارس(71)
4628164617,طراحی کامپیوتری سیستمهای دیجیتال,نظري,3,0,1634254287,,چهارشنبه از 10:15 تا 11:45 چهارشنبه از ...,مرجان افشار,,150,,1405/04/18 از 13:00 تا 15:00,مهندسی یک-207,كارشناسي پيوسته,حضوري,ارائه در سطح گروه آموزشی,,گروه آموزشي کامپيوتر و فناوري اطلاعات(7116330),163 - شيراز(163),163 - شيراز(71163),71 - فارس(71)
4628164617,طراحی کامپیوتری سیستمهای دیجیتال,نظري,3,0,1634254286,,چهارشنبه از 13:15 تا 15:45,مرجان افشار,,150,,1405/04/18 از 13:00 تا 15:00,مهندسی یک-207,كارشناسي پيوسته,حضوري,ارائه در سطح گروه آموزشی,,گروه آموزشي کامپيوتر و فناوري اطلاعات(7116330),163 - شيراز(163),163 - شيراز(71163),71 - فارس(71)
4628164617,طراحی کامپیوتری سیستمهای دیجیتال,نظري,3,0,1634254285,,,امین طوسی,,0,,1405/04/18 از 13:00 تا 15:00,,كارشناسي پيوسته,حضوري,ارائه در سطح گروه آموزشی,,گروه آموزشي کامپيوتر و فناوري اطلاعات(7116330),163 - شيراز(163),163 - شيراز(71163),71 - فارس(71)
4628137355,طراحی زبان های برنامه سازی,نظري,3,0,1634254284,,شنبه از 07:30 تا 10:15,ساره راجی اسدابادی,,70,,1405/04/14 از 08:00 تا 10:00,مهندسی یک-219,كارشناسي پيوسته,حضوري,ارائه در سطح گروه آموزشی,,گروه آموزشي کامپيوتر و فناوري اطلاعات(7116330),163 - شيراز(163),163 - شيراز(71163),71 - فارس(71)
4628137355,طراحی زبان های برنامه سازی,نظري,3,0,1634254283,,شنبه از 10:15 تا 11:45 شنبه از از ...,ساره راجی اسدابادی,,70,,1405/04/14 از 08:00 تا 10:00,مهندسی یک-219,كارشناسي پيوسته,حضوري,ارائه در سطح گروه آموزشی,,گروه آموزشي کامپيوتر و فناوري اطلاعات(7116330),163 - شيراز(163),163 - شيراز(71163),71 - فارس(71)
4628137355,طراحی زبان های برنامه سازی,نظري,3,0,1634254282,,دوشنبه از 07:30 تا 10:15,ساره راجی اسدابادی,,70,,1405/04/14 از 08:00 تا 10:00,مهندسی یک-210,كارشناسي پيوسته,حضوري,ارائه در سطح گروه آموزشی,,گروه آموزشي کامپيوتر و فناوري اطلاعات(7116330),163 - شيراز(163),163 - شيراز(71163),71 - فارس(71)
4628137355,طراحی زبان های برنامه سازی,نظري,3,0,1634254281,,,امین طوسی,,0,,1405/04/14 از 08:00 تا 10:00,,كارشناسي پيوسته,حضوري,ارائه در سطح گروه آموزشی,,گروه آموزشي کامپيوتر و فناوري اطلاعات(7116330),163 - شيراز(163),163 - شيراز(71163),71 - فارس(71)
4628137064,طراحی الگوریتم‌ها,نظري,3,0,1634254280,,,,,50,,1405/04/17 از 08:00 تا 10:00,,كارشناسي پيوسته,حضوري,ارائه در سطح گروه آموزشی,,گروه آموزشي کامپيوتر و فناوري اطلاعات(7116330),163 - شيراز(163),163 - شيراز(71163),71 - فارس(71)
4628137064,طراحی الگوریتم‌ها,نظري,3,0,1634254279,,,,,50,,1405/04/17 از 08:00 تا 10:00,,كارشناسي پيوسته,حضوري,ارائه در سطح گروه آموزشی,,گروه آموزشي کامپيوتر و فناوري اطلاعات(7116330),163 - شيراز(163),163 - شيراز(71163),71 - فارس(71)
4628137064,طراحی الگوریتم‌ها,نظري,3,0,1634254278,,,,,50,,1405/04/17 از 08:00 تا 10:00,,كارشناسي پيوسته,حضوري,ارائه در سطح گروه آموزشی,,گروه آموزشي کامپيوتر و فناوري اطلاعات(7116330),163 - شيراز(163),163 - شيراز(71163),71 - فارس(71)
4628137064,طراحی الگوریتم‌ها,نظري,3,0,1634254277,,,,,50,,1405/04/17 از 08:00 تا 10:00,,كارشناسي پيوسته,حضوري,ارائه در سطح گروه آموزشی,,گروه آموزشي کامپيوتر و فناوري اطلاعات(7116330),163 - شيراز(163),163 - شيراز(71163),71 - فارس(71)
4628137064,طراحی الگوریتم‌ها,نظري,3,0,1634254276,,,,,50,,1405/04/17 از 08:00 تا 10:00,,كارشناسي پيوسته,حضوري,ارائه در سطح گروه آموزشی,,گروه آموزشي کامپيوتر و فناوري اطلاعات(7116330),163 - شيراز(163),163 - شيراز(71163),71 - فارس(71)
4628137064,طراحی الگوریتم‌ها,نظري,3,0,1634254275,,,,,50,,1405/04/17 از 08:00 تا 10:00,,كارشناسي پيوسته,حضوري,ارائه در سطح گروه آموزشی,,گروه آموزشي کامپيوتر و فناوري اطلاعات(7116330),163 - شيراز(163),163 - شيراز(71163),71 - فارس(71)
4628137064,طراحی الگوریتم‌ها,نظري,3,0,1634254274,,,,,50,,1405/04/17 از 08:00 تا 10:00,,كارشناسي پيوسته,حضوري,ارائه در سطح گروه آموزشی,,گروه آموزشي کامپيوتر و فناوري اطلاعات(7116330),163 - شيراز(163),163 - شيراز(71163),71 - فارس(71)
4628137064,طراحی الگوریتم‌ها,نظري,3,0,1634254273,,,,,50,,1405/04/17 از 08:00 تا 10:00,,كارشناسي پيوسته,حضوري,ارائه در سطح گروه آموزشی,,گروه آموزشي کامپيوتر و فناوري اطلاعات(7116330),163 - شيراز(163),163 - شيراز(71163),71 - فارس(71)
4628137064,طراحی الگوریتم‌ها,نظري,3,0,1634254272,,,امین طوسی,,0,,1405/04/17 از 08:00 تا 10:00,,كارشناسي پيوسته,حضوري,ارائه در سطح گروه آموزشی,,گروه آموزشي کامپيوتر و فناوري اطلاعات(7116330),163 - شيراز(163),163 - شيراز(71163),71 - فارس(71)
4628137064,طراحی الگوریتم‌ها,نظري,3,0,1634254271,,,,,0,,1405/04/17 از 08:00 تا 10:00,,كارشناسي پيوسته,حضوري,ارائه در سطح گروه آموزشی,,گروه آموزشي کامپيوتر و فناوري اطلاعات(7116330),163 - شيراز(163),163 - شيراز(71163),71 - فارس(71)
4628135451,شبکه‌های کامپیوتری,نظري,3,0,1634254270,,سه شنبه از 15:45 تا 18:30,محمد بانشی,,70,,1405/04/10 از 15:00 تا 16:30,مهندسی یک-219,كارشناسي پيوسته,حضوري,ارائه در سطح گروه آموزشی,,گروه آموزشي کامپيوتر و فناوري اطلاعات(7116330),163 - شيراز(163),163 - شيراز(71163),71 - فارس(71)
4628135451,شبکه‌های کامپیوتری,نظري,3,0,1634254269,,يكشنبه از 13:15 تا 15:45,محمود یزدان پناه,,70,,1405/04/10 از 15:00 تا 16:30,مهندسی یک-210,كارشناسي پيوسته,حضوري,ارائه در سطح گروه آموزشی,,گروه آموزشي کامپيوتر و فناوري اطلاعات(7116330),163 - شيراز(163),163 - شيراز(71163),71 - فارس(71)
4628135451,شبکه‌های کامپیوتری,نظري,3,0,1634254268,,يكشنبه از 15:45 تا 18:30,محمود یزدان پناه,,70,,1405/04/10 از 15:00 تا 16:30,مهندسی یک-210,كارشناسي پيوسته,حضوري,ارائه در سطح گروه آموزشی,,گروه آموزشي کامپيوتر و فناوري اطلاعات(7116330),163 - شيراز(163),163 - شيراز(71163),71 - فارس(71)
4628135451,شبکه‌های کامپیوتری,نظري,3,0,1634254267,,يكشنبه از 10:15 تا 11:45 يكشنبه از از ...,علي فرزانه مهر,,50,,1405/04/10 از 15:00 تا 16:30,مهندسی یک-118,كارشناسي پيوسته,حضوري,ارائه در سطح گروه آموزشی,,گروه آموزشي کامپيوتر و فناوري اطلاعات(7116330),163 - شيراز(163),163 - شيراز(71163),71 - فارس(71)
4628135451,شبکه‌های کامپیوتری,نظري,3,0,1634254266,,,مهدی صفرپور,,0,,1405/04/10 از 15:00 تا 16:30,مهندسی یک-109,كارشناسي پيوسته,حضوري,ارائه در سطح گروه آموزشی,,گروه آموزشي کامپيوتر و فناوري اطلاعات(7116330),163 - شيراز(163),163 - شيراز(71163),71 - فارس(71)
4628135451,شبکه‌های کامپیوتری,نظري,3,0,1634254265,,,امین طوسی,,0,,1405/04/10 از 15:00 تا 16:30,,كارشناسي پيوسته,حضوري,ارائه در سطح گروه آموزشی,,گروه آموزشي کامپيوتر و فناوري اطلاعات(7116330),163 - شيراز(163),163 - شيراز(71163),71 - فارس(71)
4628135451,شبکه‌های کامپیوتری,نظري,3,0,1634254264,,,امین طوسی,,0,,1405/04/10 از 15:00 تا 16:30,,كارشناسي پيوسته,حضوري,ارائه در سطح گروه آموزشی,,گروه آموزشي کامپيوتر و فناوري اطلاعات(7116330),163 - شيراز(163),163 - شيراز(71163),71 - فارس(71)
4628135451,شبکه‌های کامپیوتری,نظري,3,0,1634254263,,,امین طوسی,,0,,1405/04/10 از 15:00 تا 16:30,,كارشناسي پيوسته,حضوري,ارائه در سطح گروه آموزشی,,گروه آموزشي کامپيوتر و فناوري اطلاعات(7116330),163 - شيراز(163),163 - شيراز(71163),71 - فارس(71)
4628135313,سیگنال ها و سیستم ها,نظري,3,0,1634254262,,چهارشنبه از 07:30 تا 10:15,گوهر ورامینی,,50,,1405/04/08 از 15:00 تا 16:30,مهندسی یک-16,كارشناسي پيوسته,حضوري,ارائه در سطح گروه آموزشی,,گروه آموزشي کامپيوتر و فناوري اطلاعات(7116330),163 - شيراز(163),163 - شيراز(71163),71 - فارس(71)
4628135313,سیگنال ها و سیستم ها,نظري,3,0,1634254261,,چهارشنبه از 10:15 تا 11:45 چهارشنبه از ...,گوهر ورامینی,,50,,1405/04/08 از 15:00 تا 16:30,مهندسی یک-16,كارشناسي پيوسته,حضوري,ارائه در سطح گروه آموزشی,,گروه آموزشي کامپيوتر و فناوري اطلاعات(7116330),163 - شيراز(163),163 - شيراز(71163),71 - فارس(71)
4628135313,سیگنال ها و سیستم ها,نظري,3,0,1634254260,,چهارشنبه از 13:15 تا 15:45,مریم نجیب زاده,,50,,1405/04/08 از 15:00 تا 16:30,مهندسی یک-15,كارشناسي پيوسته,حضوري,ارائه در سطح گروه آموزشی,,گروه آموزشي کامپيوتر و فناوري اطلاعات(7116330),163 - شيراز(163),163 - شيراز(71163),71 - فارس(71)
4628135313,سیگنال ها و سیستم ها,نظري,3,0,1634254259,,چهارشنبه از 15:45 تا 18:30,مریم نجیب زاده,,45,,1405/04/08 از 15:00 تا 16:30,مهندسی یک-15,كارشناسي پيوسته,حضوري,ارائه در سطح گروه آموزشی,,گروه آموزشي کامپيوتر و فناوري اطلاعات(7116330),163 - شيراز(163),163 - شيراز(71163),71 - فارس(71)
4628135053,سیستمهای چند رسانه ای,نظري,3,0,1634254258,,دوشنبه از 13:15 تا 15:45,علی حسینی,,50,,1405/04/15 از 15:00 تا 16:30,مهندسی یک-19 کارگاه کامپیوتر,كارشناسي پيوسته,حضوري,ارائه در سطح گروه آموزشی,,گروه آموزشي کامپيوتر و فناوري اطلاعات(7116330),163 - شيراز(163),163 - شيراز(71163),71 - فارس(71)
4628171999,سیستمهای اطلاعات مدیریت,نظري,3,0,1634254257,,سه شنبه از 15:45 تا 18:30,ابراهیم بیرقی پناه,,57,,1405/04/18 از 15:00 تا 16:30,مهندسی یک-16,كارشناسي پيوسته,حضوري,ارائه در سطح گروه آموزشی,,گروه آموزشي کامپيوتر و فناوري اطلاعات(7116330),163 - شيراز(163),163 - شيراز(71163),71 - فارس(71)
4628171999,سیستمهای اطلاعات مدیریت,نظري,3,0,1634254256,,شنبه از 07:30 تا 10:15,امين ساعدي,,150,,1405/04/18 از 15:00 تا 16:30,مهندسی یک-207,كارشناسي پيوسته,حضوري,ارائه در سطح گروه آموزشی,,گروه آموزشي کامپيوتر و فناوري اطلاعات(7116330),163 - شيراز(163),163 - شيراز(71163),71 - فارس(71)
4628171999,سیستمهای اطلاعات مدیریت,نظري,3,0,1634254255,,شنبه از 10:15 تا 11:45 شنبه از از ...,امين ساعدي,,150,,1405/04/18 از 15:00 تا 16:30,مهندسی یک-207,كارشناسي پيوسته,حضوري,ارائه در سطح گروه آموزشی,,گروه آموزشي کامپيوتر و فناوري اطلاعات(7116330),163 - شيراز(163),163 - شيراز(71163),71 - فارس(71)
4628171999,سیستمهای اطلاعات مدیریت,نظري,3,0,1634254254,,شنبه از 13:15 تا 15:45,امين ساعدي,,150,,1405/04/18 از 15:00 تا 16:30,مهندسی یک-207,كارشناسي پيوسته,حضوري,ارائه در سطح گروه آموزشی,,گروه آموزشي کامپيوتر و فناوري اطلاعات(7116330),163 - شيراز(163),163 - شيراز(71163),71 - فارس(71)
4628169362,سیستم های عامل,نظري,3,0,1634254253,,,امین طوسی,,0,,1405/04/07 از 08:00 تا 10:00,,كارشناسي پيوسته,حضوري,ارائه در سطح گروه آموزشی,,گروه آموزشي کامپيوتر و فناوري اطلاعات(7116330),163 - شيراز(163),163 - شيراز(71163),71 - فارس(71)
4628169362,سیستم های عامل,نظري,3,0,1634254252,,,امین طوسی,,0,,1405/04/07 از 08:00 تا 10:00,,كارشناسي پيوسته,حضوري,ارائه در سطح گروه آموزشی,,گروه آموزشي کامپيوتر و فناوري اطلاعات(7116330),163 - شيراز(163),163 - شيراز(71163),71 - فارس(71)
4628169362,سیستم های عامل,نظري,3,0,1634254251,,,امین طوسی,,0,,1405/04/07 از 08:00 تا 10:00,,كارشناسي پيوسته,حضوري,ارائه در سطح گروه آموزشی,,گروه آموزشي کامپيوتر و فناوري اطلاعات(7116330),163 - شيراز(163),163 - شيراز(71163),71 - فارس(71)
4628169362,سیستم های عامل,نظري,3,0,1634254250,,,امین طوسی,,0,,1405/04/07 از 08:00 تا 10:00,,كارشناسي پيوسته,حضوري,ارائه در سطح گروه آموزشی,,گروه آموزشي کامپيوتر و فناوري اطلاعات(7116330),163 - شيراز(163),163 - شيراز(71163),71 - فارس(71)
4628169362,سیستم های عامل,نظري,3,0,1634254249,,,,,50,,1405/04/07 از 08:00 تا 10:00,,كارشناسي پيوسته,حضوري,ارائه در سطح گروه آموزشی,,گروه آموزشي کامپيوتر و فناوري اطلاعات(7116330),163 - شيراز(163),163 - شيراز(71163),71 - فارس(71)
4628169362,سیستم های عامل,نظري,3,0,1634254248,,,,,50,,1405/04/07 از 08:00 تا 10:00,,كارشناسي پيوسته,حضوري,ارائه در سطح گروه آموزشی,,گروه آموزشي کامپيوتر و فناوري اطلاعات(7116330),163 - شيراز(163),163 - شيراز(71163),71 - فارس(71)
4628169362,سیستم های عامل,نظري,3,0,1634254247,,,,,50,,1405/04/07 از 08:00 تا 10:00,,كارشناسي پيوسته,حضوري,ارائه در سطح گروه آموزشی,,گروه آموزشي کامپيوتر و فناوري اطلاعات(7116330),163 - شيراز(163),163 - شيراز(71163),71 - فارس(71)
4628169362,سیستم های عامل,نظري,3,0,1634254246,,,,,50,,1405/04/07 از 08:00 تا 10:00,,كارشناسي پيوسته,حضوري,ارائه در سطح گروه آموزشی,,گروه آموزشي کامپيوتر و فناوري اطلاعات(7116330),163 - شيراز(163),163 - شيراز(71163),71 - فارس(71)
4628169362,سیستم های عامل,نظري,3,0,1634254245,,,,,50,,1405/04/07 از 08:00 تا 10:00,,كارشناسي پيوسته,حضوري,ارائه در سطح گروه آموزشی,,گروه آموزشي کامپيوتر و فناوري اطلاعات(7116330),163 - شيراز(163),163 - شيراز(71163),71 - فارس(71)
4628169362,سیستم های عامل,نظري,3,0,1634254244,,,,,50,,1405/04/07 از 08:00 تا 10:00,,كارشناسي پيوسته,حضوري,ارائه در سطح گروه آموزشی,,گروه آموزشي کامپيوتر و فناوري اطلاعات(7116330),163 - شيراز(163),163 - شيراز(71163),71 - فارس(71)
4628132653,ساختمان‌های داده,نظري,3,0,1634254243,,,,,50,,1405/04/08 از 08:00 تا 10:00,,كارشناسي پيوسته,حضوري,ارائه در سطح گروه آموزشی,,گروه آموزشي کامپيوتر و فناوري اطلاعات(7116330),163 - شيراز(163),163 - شيراز(71163),71 - فارس(71)
4628132653,ساختمان‌های داده,نظري,3,0,1634254242,,,,,50,,1405/04/08 از 08:00 تا 10:00,,كارشناسي پيوسته,حضوري,ارائه در سطح گروه آموزشی,,گروه آموزشي کامپيوتر و فناوري اطلاعات(7116330),163 - شيراز(163),163 - شيراز(71163),71 - فارس(71)
4628132653,ساختمان‌های داده,نظري,3,0,1634254241,,,,,50,,1405/04/08 از 08:00 تا 10:00,,كارشناسي پيوسته,حضوري,ارائه در سطح گروه آموزشی,,گروه آموزشي کامپيوتر و فناوري اطلاعات(7116330),163 - شيراز(163),163 - شيراز(71163),71 - فارس(71)
4628132653,ساختمان‌های داده,نظري,3,0,1634254240,,,,,50,,1405/04/08 از 08:00 تا 10:00,,كارشناسي پيوسته,حضوري,ارائه در سطح گروه آموزشی,,گروه آموزشي کامپيوتر و فناوري اطلاعات(7116330),163 - شيراز(163),163 - شيراز(71163),71 - فارس(71)
4628132653,ساختمان‌های داده,نظري,3,0,1634254239,,,امین طوسی,,0,,1405/04/08 از 08:00 تا 10:00,,كارشناسي پيوسته,حضوري,ارائه در سطح گروه آموزشی,,گروه آموزشي کامپيوتر و فناوري اطلاعات(7116330),163 - شيراز(163),163 - شيراز(71163),71 - فارس(71)
4628132653,ساختمان‌های داده,نظري,3,0,1634254238,,,امین طوسی,,0,,1405/04/08 از 08:00 تا 10:00,,كارشناسي پيوسته,حضوري,ارائه در سطح گروه آموزشی,,گروه آموزشي کامپيوتر و فناوري اطلاعات(7116330),163 - شيراز(163),163 - شيراز(71163),71 - فارس(71)
4628132653,ساختمان‌های داده,نظري,3,0,1634254237,,,امین طوسی,,0,,1405/04/08 از 08:00 تا 10:00,,كارشناسي پيوسته,حضوري,ارائه در سطح گروه آموزشی,,گروه آموزشي کامپيوتر و فناوري اطلاعات(7116330),163 - شيراز(163),163 - شيراز(71163),71 - فارس(71)
4628132653,ساختمان‌های داده,نظري,3,0,1634254236,,,امین طوسی,,0,,1405/04/08 از 08:00 تا 10:00,,كارشناسي پيوسته,حضوري,ارائه در سطح گروه آموزشی,,گروه آموزشي کامپيوتر و فناوري اطلاعات(7116330),163 - شيراز(163),163 - شيراز(71163),71 - فارس(71)
4628130407,زبان‌ تخصصی‌,نظري,2,0,1634254235,,,,,50,,1405/04/11 از 08:00 تا 10:00,,كارشناسي پيوسته,حضوري,ارائه در سطح گروه آموزشی,,گروه آموزشي کامپيوتر و فناوري اطلاعات(7116330),163 - شيراز(163),163 - شيراز(71163),71 - فارس(71)
4628130407,زبان‌ تخصصی‌,نظري,2,0,1634254234,,,,,50,,1405/04/11 از 08:00 تا 10:00,,كارشناسي پيوسته,حضوري,ارائه در سطح گروه آموزشی,,گروه آموزشي کامپيوتر و فناوري اطلاعات(7116330),163 - شيراز(163),163 - شيراز(71163),71 - فارس(71)
4628130407,زبان‌ تخصصی‌,نظري,2,0,1634254233,,,,,50,,1405/04/11 از 08:00 تا 10:00,,كارشناسي پيوسته,حضوري,ارائه در سطح گروه آموزشی,,گروه آموزشي کامپيوتر و فناوري اطلاعات(7116330),163 - شيراز(163),163 - شيراز(71163),71 - فارس(71)
4628130407,زبان‌ تخصصی‌,نظري,2,0,1634254232,,,,,50,,1405/04/11 از 08:00 تا 10:00,,كارشناسي پيوسته,حضوري,ارائه در سطح گروه آموزشی,,گروه آموزشي کامپيوتر و فناوري اطلاعات(7116330),163 - شيراز(163),163 - شيراز(71163),71 - فارس(71)
4628130407,زبان‌ تخصصی‌,نظري,2,0,1634254231,,,,,50,,1405/04/11 از 08:00 تا 10:00,,كارشناسي پيوسته,حضوري,ارائه در سطح گروه آموزشی,,گروه آموزشي کامپيوتر و فناوري اطلاعات(7116330),163 - شيراز(163),163 - شيراز(71163),71 - فارس(71)
4628130407,زبان‌ تخصصی‌,نظري,2,0,1634254230,,,,,50,,1405/04/11 از 08:00 تا 10:00,,كارشناسي پيوسته,حضوري,ارائه در سطح گروه آموزشی,,گروه آموزشي کامپيوتر و فناوري اطلاعات(7116330),163 - شيراز(163),163 - شيراز(71163),71 - فارس(71)
4628130341,ریزپردازنده و زبان اسمبلی,نظري,3,0,1634254228,,,امین طوسی,,0,,1405/04/17 از 13:00 تا 15:00,,كارشناسي پيوسته,حضوري,ارائه در سطح گروه آموزشی,,گروه آموزشي کامپيوتر و فناوري اطلاعات(7116330),163 - شيراز(163),163 - شيراز(71163),71 - فارس(71)
4628130341,ریزپردازنده و زبان اسمبلی,نظري,3,0,1634254227,,,امین طوسی,,0,,1405/04/17 از 13:00 تا 15:00,,كارشناسي پيوسته,حضوري,ارائه در سطح گروه آموزشی,,گروه آموزشي کامپيوتر و فناوري اطلاعات(7116330),163 - شيراز(163),163 - شيراز(71163),71 - فارس(71)
4628130341,ریزپردازنده و زبان اسمبلی,نظري,3,0,1634254226,,,امین طوسی,,0,,1405/04/17 از 13:00 تا 15:00,,كارشناسي پيوسته,حضوري,ارائه در سطح گروه آموزشی,,گروه آموزشي کامپيوتر و فناوري اطلاعات(7116330),163 - شيراز(163),163 - شيراز(71163),71 - فارس(71)
4628129896,ریاضیات مهندسی,نظري,3,0,1634254225,,چهارشنبه از 10:15 تا 13:15,علی کیانی,,55,,1405/04/13 از 13:00 تا 15:00,مهندسی یک-15,كارشناسي پيوسته,حضوري,ارائه در سطح گروه آموزشی,,گروه آموزشي کامپيوتر و فناوري اطلاعات(7116330),163 - شيراز(163),163 - شيراز(71163),71 - فارس(71)
4628129896,ریاضیات مهندسی,نظري,3,0,1634254224,علی انصاری,شنبه از 07:30 تا 10:15,سیدمصطفی زبرجد,,50,,1405/04/13 از 13:00 تا 15:00,مهندسی دو-116,كارشناسي پيوسته,حضوري,ارائه در سطح گروه آموزشی,,گروه آموزشي کامپيوتر و فناوري اطلاعات(7116330),163 - شيراز(163),163 - شيراز(71163),71 - فارس(71)
4628129896,ریاضیات مهندسی,نظري,3,0,1634254222,,دوشنبه از 07:30 تا 10:15,میثم محمدی,,50,,1405/04/13 از 13:00 تا 15:00,مهندسی یک-209,كارشناسي پيوسته,حضوري,ارائه در سطح گروه آموزشی,,گروه آموزشي کامپيوتر و فناوري اطلاعات(7116330),163 - شيراز(163),163 - شيراز(71163),71 - فارس(71)
7000031536,ریاضیات گسسته,نظري,3,0,1634254221,,چهارشنبه از 13:15 تا 15:45,افسون عبودی,,50,,1405/04/15 از 13:00 تا 15:00,مهندسی دو-305,كارشناسي پيوسته,حضوري,ارائه در سطح گروه آموزشی,,گروه آموزشي کامپيوتر و فناوري اطلاعات(7116330),163 - شيراز(163),163 - شيراز(71163),71 - فارس(71)
7000031536,ریاضیات گسسته,نظري,3,0,1634254220,,چهارشنبه از 15:45 تا 18:30,افسون عبودی,,50,,1405/04/15 از 13:00 تا 15:00,مهندسی دو-309,كارشناسي پيوسته,حضوري,ارائه در سطح گروه آموزشی,,گروه آموزشي کامپيوتر و فناوري اطلاعات(7116330),163 - شيراز(163),163 - شيراز(71163),71 - فارس(71)
7000031536,ریاضیات گسسته,نظري,3,0,1634254219,,شنبه از 13:15 تا 15:45,سیدمصطفی زبرجد,,50,,1405/04/15 از 13:00 تا 15:00,مهندسی دو-215,كارشناسي پيوسته,حضوري,ارائه در سطح گروه آموزشی,,گروه آموزشي کامپيوتر و فناوري اطلاعات(7116330),163 - شيراز(163),163 - شيراز(71163),71 - فارس(71)
7000031536,ریاضیات گسسته,نظري,3,0,1634254218,,,امین طوسی,,0,,1405/04/15 از 13:00 تا 15:00,,كارشناسي پيوسته,حضوري,ارائه در سطح گروه آموزشی,,گروه آموزشي کامپيوتر و فناوري اطلاعات(7116330),163 - شيراز(163),163 - شيراز(71163),71 - فارس(71)
7000031536,ریاضیات گسسته,نظري,3,0,1634254217,,,امین طوسی,,0,,1405/04/15 از 13:00 تا 15:00,,كارشناسي پيوسته,حضوري,ارائه در سطح گروه آموزشی,,گروه آموزشي کامپيوتر و فناوري اطلاعات(7116330),163 - شيراز(163),163 - شيراز(71163),71 - فارس(71)
7000031536,ریاضیات گسسته,نظري,3,0,1634254216,,شنبه از 10:15 تا 13:15,سمیه طباطبایی,,55,,1405/04/15 از 13:00 تا 15:00,مهندسی یک-220,كارشناسي پيوسته,حضوري,ارائه در سطح گروه آموزشی,,گروه آموزشي کامپيوتر و فناوري اطلاعات(7116330),163 - شيراز(163),163 - شيراز(71163),71 - فارس(71)
7000031536,ریاضیات گسسته,نظري,3,0,1634254215,,شنبه از 07:30 تا 10:15,سمیه طباطبایی,,55,,1405/04/15 از 13:00 تا 15:00,مهندسی یک-220,كارشناسي پيوسته,حضوري,ارائه در سطح گروه آموزشی,,گروه آموزشي کامپيوتر و فناوري اطلاعات(7116330),163 - شيراز(163),163 - شيراز(71163),71 - فارس(71)
7000031536,ریاضیات گسسته,نظري,3,0,1634254214,,پنج شنبه از 14:00 تا 16:45,علی برق پیما,,50,,1405/04/15 از 13:00 تا 15:00,مهندسی دو-110,كارشناسي پيوسته,حضوري,ارائه در سطح گروه آموزشی,,گروه آموزشي کامپيوتر و فناوري اطلاعات(7116330),163 - شيراز(163),163 - شيراز(71163),71 - فارس(71)
7000031536,ریاضیات گسسته,نظري,3,0,1634254213,,چهارشنبه از 13:15 تا 15:45,علی برق پیما,,55,,1405/04/15 از 13:00 تا 15:00,,كارشناسي پيوسته,حضوري,ارائه در سطح گروه آموزشی,,گروه آموزشي کامپيوتر و فناوري اطلاعات(7116330),163 - شيراز(163),163 - شيراز(71163),71 - فارس(71)
7000031536,ریاضیات گسسته,نظري,3,0,1634254212,,سه شنبه از 13:15 تا 15:45,علی برق پیما,,50,,1405/04/15 از 13:00 تا 15:00,,كارشناسي پيوسته,حضوري,ارائه در سطح گروه آموزشی,,گروه آموزشي کامپيوتر و فناوري اطلاعات(7116330),163 - شيراز(163),163 - شيراز(71163),71 - فارس(71)
7000031536,ریاضیات گسسته,نظري,3,0,1634254211,,دوشنبه از 10:15 تا 13:15,فاطمه انوشه,,55,,1405/04/15 از 13:00 تا 15:00,مهندسی یک-16,كارشناسي پيوسته,حضوري,ارائه در سطح گروه آموزشی,,گروه آموزشي کامپيوتر و فناوري اطلاعات(7116330),163 - شيراز(163),163 - شيراز(71163),71 - فارس(71)
7000031536,ریاضیات گسسته,نظري,3,0,1634254210,,دوشنبه از 07:30 تا 10:15,فاطمه انوشه,,55,,1405/04/15 از 13:00 تا 15:00,مهندسی یک-16,كارشناسي پيوسته,حضوري,ارائه در سطح گروه آموزشی,,گروه آموزشي کامپيوتر و فناوري اطلاعات(7116330),163 - شيراز(163),163 - شيراز(71163),71 - فارس(71)
7000031536,ریاضیات گسسته,نظري,3,0,1634254209,,سه شنبه از 07:30 تا 10:15,مژگان قنبرپور,,55,,1405/04/15 از 13:00 تا 15:00,مهندسی یک-320,كارشناسي پيوسته,حضوري,ارائه در سطح گروه آموزشی,,گروه آموزشي کامپيوتر و فناوري اطلاعات(7116330),163 - شيراز(163),163 - شيراز(71163),71 - فارس(71)
7000031536,ریاضیات گسسته,نظري,3,0,1634254208,,يكشنبه از 07:30 تا 10:15,مژگان قنبرپور,,53,,1405/04/15 از 13:00 تا 15:00,مهندسی دو-209,كارشناسي پيوسته,حضوري,ارائه در سطح گروه آموزشی,,گروه آموزشي کامپيوتر و فناوري اطلاعات(7116330),163 - شيراز(163),163 - شيراز(71163),71 - فارس(71)
7000031536,ریاضیات گسسته,نظري,3,0,1634254207,,يكشنبه از 10:15 تا 13:15,مژگان قنبرپور,,50,,1405/04/15 از 13:00 تا 15:00,مهندسی دو-215,كارشناسي پيوسته,حضوري,ارائه در سطح گروه آموزشی,,گروه آموزشي کامپيوتر و فناوري اطلاعات(7116330),163 - شيراز(163),163 - شيراز(71163),71 - فارس(71)
7000031536,ریاضیات گسسته,نظري,3,0,1634254206,,شنبه از 07:30 تا 10:15,مژگان قنبرپور,,50,,1405/04/15 از 13:00 تا 15:00,مهندسی یک-310,كارشناسي پيوسته,حضوري,ارائه در سطح گروه آموزشی,,گروه آموزشي کامپيوتر و فناوري اطلاعات(7116330),163 - شيراز(163),163 - شيراز(71163),71 - فارس(71)
55001,ریاضیات پایه(پیش نیاز دانشگاهی),نظري,2,0,1634254205,,,امین طوسی,,0,,1405/04/11 از 10:00 تا 12:00,,كارشناسي پيوسته,حضوري,ارائه در سطح گروه آموزشی,,گروه آموزشي کامپيوتر و فناوري اطلاعات(7116330),163 - شيراز(163),163 - شيراز(71163),71 - فارس(71)
55001,ریاضیات پایه(پیش نیاز دانشگاهی),نظري,2,0,1634254204,,,امین طوسی,,0,,1405/04/11 از 10:00 تا 12:00,,كارشناسي پيوسته,حضوري,ارائه در سطح گروه آموزشی,,گروه آموزشي کامپيوتر و فناوري اطلاعات(7116330),163 - شيراز(163),163 - شيراز(71163),71 - فارس(71)
55001,ریاضیات پایه(پیش نیاز دانشگاهی),نظري,2,0,1634254203,,,امین طوسی,,0,,1405/04/11 از 10:00 تا 12:00,,كارشناسي پيوسته,حضوري,ارائه در سطح گروه آموزشی,,گروه آموزشي کامپيوتر و فناوري اطلاعات(7116330),163 - شيراز(163),163 - شيراز(71163),71 - فارس(71)
55001,ریاضیات پایه(پیش نیاز دانشگاهی),نظري,2,0,1634254202,,,امین طوسی,,0,,1405/04/11 از 10:00 تا 12:00,,كارشناسي پيوسته,حضوري,ارائه در سطح گروه آموزشی,,گروه آموزشي کامپيوتر و فناوري اطلاعات(7116330),163 - شيراز(163),163 - شيراز(71163),71 - فارس(71)
55001,ریاضیات پایه(پیش نیاز دانشگاهی),نظري,2,0,1634254198,,,امین طوسی,,0,,,,كارشناسي پيوسته,حضوري,ارائه در سطح گروه آموزشی,,گروه آموزشي کامپيوتر و فناوري اطلاعات(7116330),163 - شيراز(163),163 - شيراز(71163),71 - فارس(71)
7000031527,ریاضی عمومی 1,نظري,3,0,1634254192,,,امین طوسی,,0,,1405/04/18 از 10:00 تا 12:00,,كارشناسي پيوسته,حضوري,ارائه در سطح گروه آموزشی,,گروه آموزشي کامپيوتر و فناوري اطلاعات(7116330),163 - شيراز(163),163 - شيراز(71163),71 - فارس(71)
4628127605,روش پژوهش و ارایه,نظري,2,0,1634254185,,,امین طوسی,,0,,1405/04/09 از 08:00 تا 10:00,,كارشناسي پيوسته,حضوري,ارائه در سطح گروه آموزشی,,گروه آموزشي کامپيوتر و فناوري اطلاعات(7116330),163 - شيراز(163),163 - شيراز(71163),71 - فارس(71)
4628127605,روش پژوهش و ارایه,نظري,2,0,1634254184,,شنبه از 13:15 تا 15:00,مزدک پیچاقیان,,30,,1405/04/09 از 08:00 تا 10:00,مهندسی یک-220,كارشناسي پيوسته,حضوري,ارائه در سطح گروه آموزشی,,گروه آموزشي کامپيوتر و فناوري اطلاعات(7116330),163 - شيراز(163),163 - شيراز(71163),71 - فارس(71)
4628127605,روش پژوهش و ارایه,نظري,2,0,1634254183,,شنبه از 15:00 تا 16:45,مزدک پیچاقیان,,30,,1405/04/09 از 08:00 تا 10:00,مهندسی یک-220,كارشناسي پيوسته,حضوري,ارائه در سطح گروه آموزشی,,گروه آموزشي کامپيوتر و فناوري اطلاعات(7116330),163 - شيراز(163),163 - شيراز(71163),71 - فارس(71)
4628127605,روش پژوهش و ارایه,نظري,2,0,1634254182,,شنبه از 16:45 تا 18:30,مزدک پیچاقیان,,30,,1405/04/09 از 08:00 تا 10:00,مهندسی یک-220,كارشناسي پيوسته,حضوري,ارائه در سطح گروه آموزشی,,گروه آموزشي کامپيوتر و فناوري اطلاعات(7116330),163 - شيراز(163),163 - شيراز(71163),71 - فارس(71)
7000031540,داده ساختارها و الگوریتم ها,نظري,3,0,1634254181,,يكشنبه از 13:15 تا 15:45,صدیقه طاهری,,50,,1405/04/08 از 08:00 تا 10:00,مهندسی یک-120,كارشناسي پيوسته,حضوري,ارائه در سطح گروه آموزشی,,گروه آموزشي کامپيوتر و فناوري اطلاعات(7116330),163 - شيراز(163),163 - شيراز(71163),71 - فارس(71)
7000031540,داده ساختارها و الگوریتم ها,نظري,3,0,1634254180,,دوشنبه از 15:45 تا 18:30,صدیقه طاهری,,50,,1405/04/08 از 08:00 تا 10:00,مهندسی یک-120,كارشناسي پيوسته,حضوري,ارائه در سطح گروه آموزشی,,گروه آموزشي کامپيوتر و فناوري اطلاعات(7116330),163 - شيراز(163),163 - شيراز(71163),71 - فارس(71)
7000031540,داده ساختارها و الگوریتم ها,نظري,3,0,1634254179,,دوشنبه از 13:15 تا 15:45,صدیقه طاهری,,50,,1405/04/08 از 08:00 تا 10:00,مهندسی یک-120,كارشناسي پيوسته,حضوري,ارائه در سطح گروه آموزشی,,گروه آموزشي کامپيوتر و فناوري اطلاعات(7116330),163 - شيراز(163),163 - شيراز(71163),71 - فارس(71)
7000031540,داده ساختارها و الگوریتم ها,نظري,3,0,1634254178,,,,,40,,1405/04/08 از 08:00 تا 10:00,,كارشناسي پيوسته,حضوري,ارائه در سطح گروه آموزشی,,گروه آموزشي کامپيوتر و فناوري اطلاعات(7116330),163 - شيراز(163),163 - شيراز(71163),71 - فارس(71)
7000031540,داده ساختارها و الگوریتم ها,نظري,3,0,1634254177,,دوشنبه از 07:30 تا 10:15,محمد علی اسدی,,40,,1405/04/08 از 08:00 تا 10:00,مهندسی یک-120,كارشناسي پيوسته,حضوري,ارائه در سطح گروه آموزشی,,گروه آموزشي کامپيوتر و فناوري اطلاعات(7116330),163 - شيراز(163),163 - شيراز(71163),71 - فارس(71)
7000031537,مدارهای منطقی,نظري,3,0,1634254397,,شنبه از 15:45 تا 18:30,ابوالفضل شعباني اصل,,70,,1405/04/10 از 08:00 تا 10:00,مهندسی یک-15,كارشناسي پيوسته,حضوري,ارائه در سطح گروه آموزشی,,گروه آموزشي کامپيوتر و فناوري اطلاعات(7116330),163 - شيراز(163),163 - شيراز(71163),71 - فارس(71)
7000031537,مدارهای منطقی,نظري,3,0,1634254396,,شنبه از 15:45 تا 18:30,محسن قنبري زاده,,70,,1405/04/10 از 08:00 تا 10:00,مهندسی یک-118,كارشناسي پيوسته,حضوري,ارائه در سطح گروه آموزشی,,گروه آموزشي کامپيوتر و فناوري اطلاعات(7116330),163 - شيراز(163),163 - شيراز(71163),71 - فارس(71)
7000031537,مدارهای منطقی,نظري,3,0,1634254395,,يكشنبه از 10:15 تا 11:45 يكشنبه از از ...,محمود یزدان پناه,,70,,1405/04/10 از 08:00 تا 10:00,مهندسی یک-210,كارشناسي پيوسته,حضوري,ارائه در سطح گروه آموزشی,,گروه آموزشي کامپيوتر و فناوري اطلاعات(7116330),163 - شيراز(163),163 - شيراز(71163),71 - فارس(71)
7000031537,مدارهای منطقی,نظري,3,0,1634254394,,يكشنبه از 13:15 تا 15:45,مریم شهریاری,,70,,1405/04/10 از 08:00 تا 10:00,مهندسی یک-110,كارشناسي پيوسته,حضوري,ارائه در سطح گروه آموزشی,,گروه آموزشي کامپيوتر و فناوري اطلاعات(7116330),163 - شيراز(163),163 - شيراز(71163),71 - فارس(71)
7000031537,مدارهای منطقی,نظري,3,0,1634254393,,يكشنبه از 07:30 تا 10:15,مریم شهریاری,,70,,1405/04/10 از 08:00 تا 10:00,مهندسی یک-120,كارشناسي پيوسته,حضوري,ارائه در سطح گروه آموزشی,,گروه آموزشي کامپيوتر و فناوري اطلاعات(7116330),163 - شيراز(163),163 - شيراز(71163),71 - فارس(71)
7000031537,مدارهای منطقی,نظري,3,0,1634254392,,يكشنبه از 10:15 تا 11:45 يكشنبه از از ...,مریم شهریاری,,70,,1405/04/10 از 08:00 تا 10:00,مهندسی یک-120,كارشناسي پيوسته,حضوري,ارائه در سطح گروه آموزشی,,گروه آموزشي کامپيوتر و فناوري اطلاعات(7116330),163 - شيراز(163),163 - شيراز(71163),71 - فارس(71)
7000031537,مدارهای منطقی,نظري,3,0,1634254389,,چهارشنبه از 13:15 تا 15:40,محمدامین شایگان,,50,,1405/04/10 از 08:00 تا 10:00,مهندسی یک-120,كارشناسي پيوسته,حضوري,ارائه در سطح گروه آموزشی,,گروه آموزشي کامپيوتر و فناوري اطلاعات(7116330),163 - شيراز(163),163 - شيراز(71163),71 - فارس(71)
7000031537,مدارهای منطقی,نظري,3,0,1634254388,,چهارشنبه از 07:30 تا 10:15,محمدامین شایگان,,45,,1405/04/10 از 08:00 تا 10:00,مهندسی یک-118,كارشناسي پيوسته,حضوري,ارائه در سطح گروه آموزشی,,گروه آموزشي کامپيوتر و فناوري اطلاعات(7116330),163 - شيراز(163),163 - شيراز(71163),71 - فارس(71)
4628147685,مدار‌های الکتریکی,نظري,3,0,1634254387,,چهارشنبه از 13:15 تا 15:45,گوهر ورامینی,,60,,1405/04/11 از 15:00 تا 16:30,مهندسی یک-16,كارشناسي پيوسته,حضوري,ارائه در سطح گروه آموزشی,,گروه آموزشي کامپيوتر و فناوري اطلاعات(7116330),163 - شيراز(163),163 - شيراز(71163),71 - فارس(71)
4628147685,مدار‌های الکتریکی,نظري,3,0,1634254386,,دوشنبه از 07:30 تا 10:15,زهرا مقصود زاده,,60,,1405/04/11 از 15:00 تا 16:30,مهندسی یک-320,كارشناسي پيوسته,حضوري,ارائه در سطح گروه آموزشی,,گروه آموزشي کامپيوتر و فناوري اطلاعات(7116330),163 - شيراز(163),163 - شيراز(71163),71 - فارس(71)
4628147685,مدار‌های الکتریکی,نظري,3,0,1634254385,,دوشنبه از 10:15 تا 11:45 دوشنبه از از ...,زهرا مقصود زاده,,60,,1405/04/11 از 15:00 تا 16:30,مهندسی یک-320,كارشناسي پيوسته,حضوري,ارائه در سطح گروه آموزشی,,گروه آموزشي کامپيوتر و فناوري اطلاعات(7116330),163 - شيراز(163),163 - شيراز(71163),71 - فارس(71)
4628147685,مدار‌های الکتریکی,نظري,3,0,1634254384,,شنبه از 13:15 تا 15:45,ابوالفضل شعباني اصل,,60,,1405/04/11 از 15:00 تا 16:30,مهندسی یک-15,كارشناسي پيوسته,حضوري,ارائه در سطح گروه آموزشی,,گروه آموزشي کامپيوتر و فناوري اطلاعات(7116330),163 - شيراز(163),163 - شيراز(71163),71 - فارس(71)
4628147685,مدار‌های الکتریکی,نظري,3,0,1634254383,,شنبه از 13:15 تا 15:45,مریم نجیب زاده,,60,,1405/04/11 از 15:00 تا 16:30,مهندسی یک-120,كارشناسي پيوسته,حضوري,ارائه در سطح گروه آموزشی,,گروه آموزشي کامپيوتر و فناوري اطلاعات(7116330),163 - شيراز(163),163 - شيراز(71163),71 - فارس(71)
4628147685,مدار‌های الکتریکی,نظري,3,0,1634254382,,شنبه از 15:45 تا 18:30,مریم نجیب زاده,,60,,1405/04/11 از 15:00 تا 16:30,مهندسی یک-120,كارشناسي پيوسته,حضوري,ارائه در سطح گروه آموزشی,,گروه آموزشي کامپيوتر و فناوري اطلاعات(7116330),163 - شيراز(163),163 - شيراز(71163),71 - فارس(71)
4628147685,مدار‌های الکتریکی,نظري,3,0,1634254381,,,امین طوسی,,0,,1405/04/11 از 15:00 تا 16:30,,كارشناسي پيوسته,حضوري,ارائه در سطح گروه آموزشی,,گروه آموزشي کامپيوتر و فناوري اطلاعات(7116330),163 - شيراز(163),163 - شيراز(71163),71 - فارس(71)
4628147685,مدار‌های الکتریکی,نظري,3,0,1634254380,,,امین طوسی,,0,,1405/04/11 از 15:00 تا 16:30,,كارشناسي پيوسته,حضوري,ارائه در سطح گروه آموزشی,,گروه آموزشي کامپيوتر و فناوري اطلاعات(7116330),163 - شيراز(163),163 - شيراز(71163),71 - فارس(71)
4628147685,مدار‌های الکتریکی,نظري,3,0,1634254379,,,امین طوسی,,0,,1405/04/11 از 15:00 تا 16:30,,كارشناسي پيوسته,حضوري,ارائه در سطح گروه آموزشی,,گروه آموزشي کامپيوتر و فناوري اطلاعات(7116330),163 - شيراز(163),163 - شيراز(71163),71 - فارس(71)
4628147685,مدار‌های الکتریکی,نظري,3,0,1634254378,,,امین طوسی,,0,,1405/04/11 از 15:00 تا 16:30,,كارشناسي پيوسته,حضوري,ارائه در سطح گروه آموزشی,,گروه آموزشي کامپيوتر و فناوري اطلاعات(7116330),163 - شيراز(163),163 - شيراز(71163),71 - فارس(71)
7000031535,مبانی کامپیوتر و برنامه سازی,نظري,3,0,1634254377,,پنج شنبه از 13:15 تا 15:45,سعيد طوسي,,50,,1405/04/06 از 08:00 تا 10:00,مهندسی یک-20کارگاه کامپیوتر,كارشناسي پيوسته,حضوري,ارائه در سطح گروه آموزشی,,گروه آموزشي کامپيوتر و فناوري اطلاعات(7116330),163 - شيراز(163),163 - شيراز(71163),71 - فارس(71)
7000031535,مبانی کامپیوتر و برنامه سازی,نظري,3,0,1634254376,دانشجویان جدیدالورود,,امین اسکندری,,0,,1405/04/06 از 08:00 تا 10:00,,كارشناسي پيوسته,حضوري,ارائه در سطح گروه آموزشی,,گروه آموزشي کامپيوتر و فناوري اطلاعات(7116330),163 - شيراز(163),163 - شيراز(71163),71 - فارس(71)
7000031535,مبانی کامپیوتر و برنامه سازی,نظري,3,0,1634254375,دانشجویان جدیدالورود,,امین اسکندری,,0,,1405/04/06 از 08:00 تا 10:00,,كارشناسي پيوسته,حضوري,ارائه در سطح گروه آموزشی,,گروه آموزشي کامپيوتر و فناوري اطلاعات(7116330),163 - شيراز(163),163 - شيراز(71163),71 - فارس(71)
7000031535,مبانی کامپیوتر و برنامه سازی,نظري,3,0,1634254374,دانشجویان جدیدالورود,شنبه از 10:15 تا 11:45 شنبه از از ...,محمد علی اسدی,,0,,1405/04/06 از 08:00 تا 10:00,مهندسی یک-120,كارشناسي پيوسته,حضوري,ارائه در سطح گروه آموزشی,,گروه آموزشي کامپيوتر و فناوري اطلاعات(7116330),163 - شيراز(163),163 - شيراز(71163),71 - فارس(71)
7000031535,مبانی کامپیوتر و برنامه سازی,نظري,3,0,1634254373,دانشجویان جدیدالورود,شنبه از 07:30 تا 10:15,مهدی صفرپور,,0,,1405/04/06 از 08:00 تا 10:00,مهندسی یک-120,كارشناسي پيوسته,حضوري,ارائه در سطح گروه آموزشی,,گروه آموزشي کامپيوتر و فناوري اطلاعات(7116330),163 - شيراز(163),163 - شيراز(71163),71 - فارس(71)
7000031535,مبانی کامپیوتر و برنامه سازی,نظري,3,0,1634254372,,دوشنبه از 13:15 تا 15:45,امين ساعدي,,50,,1405/04/06 از 08:00 تا 10:00,مهندسی یک-215,كارشناسي پيوسته,حضوري,ارائه در سطح گروه آموزشی,,گروه آموزشي کامپيوتر و فناوري اطلاعات(7116330),163 - شيراز(163),163 - شيراز(71163),71 - فارس(71)
7000031535,مبانی کامپیوتر و برنامه سازی,نظري,3,0,1634254371,,يكشنبه از 13:15 تا 15:45,امين ساعدي,,50,,1405/04/06 از 08:00 تا 10:00,مهندسی یک-320,كارشناسي پيوسته,حضوري,ارائه در سطح گروه آموزشی,,گروه آموزشي کامپيوتر و فناوري اطلاعات(7116330),163 - شيراز(163),163 - شيراز(71163),71 - فارس(71)
7000031535,مبانی کامپیوتر و برنامه سازی,نظري,3,0,1634254370,,يكشنبه از 10:15 تا 11:45 يكشنبه از از ...,امين ساعدي,,50,,1405/04/06 از 08:00 تا 10:00,مهندسی یک-320,كارشناسي پيوسته,حضوري,ارائه در سطح گروه آموزشی,,گروه آموزشي کامپيوتر و فناوري اطلاعات(7116330),163 - شيراز(163),163 - شيراز(71163),71 - فارس(71)
7000031535,مبانی کامپیوتر و برنامه سازی,نظري,3,0,1634254369,,يكشنبه از 07:30 تا 10:15,امين ساعدي,,50,,1405/04/06 از 08:00 تا 10:00,مهندسی یک-320,كارشناسي پيوسته,حضوري,ارائه در سطح گروه آموزشی,,گروه آموزشي کامپيوتر و فناوري اطلاعات(7116330),163 - شيراز(163),163 - شيراز(71163),71 - فارس(71)
7000031535,مبانی کامپیوتر و برنامه سازی,نظري,3,0,1634254368,,پنج شنبه از 15:45 تا 18:30,آرمین کاردان,,50,,1405/04/06 از 08:00 تا 10:00,مهندسی یک-17کارگاه کامپیوتر,كارشناسي پيوسته,حضوري,ارائه در سطح گروه آموزشی,,گروه آموزشي کامپيوتر و فناوري اطلاعات(7116330),163 - شيراز(163),163 - شيراز(71163),71 - فارس(71)
7000031535,مبانی کامپیوتر و برنامه سازی,نظري,3,0,1634254367,,پنج شنبه از 13:15 تا 15:45,آرمین کاردان,,50,,1405/04/06 از 08:00 تا 10:00,مهندسی یک-17کارگاه کامپیوتر,كارشناسي پيوسته,حضوري,ارائه در سطح گروه آموزشی,,گروه آموزشي کامپيوتر و فناوري اطلاعات(7116330),163 - شيراز(163),163 - شيراز(71163),71 - فارس(71)
7000031535,مبانی کامپیوتر و برنامه سازی,نظري,3,0,1634254366,,پنج شنبه از 10:15 تا 11:45 پنج شنبه از ...,آرمین کاردان,,50,,1405/04/06 از 08:00 تا 10:00,مهندسی یک-17کارگاه کامپیوتر,كارشناسي پيوسته,حضوري,ارائه در سطح گروه آموزشی,,گروه آموزشي کامپيوتر و فناوري اطلاعات(7116330),163 - شيراز(163),163 - شيراز(71163),71 - فارس(71)
4628144960,مبانی رایانش امن,نظري,3,0,1634254365,,دوشنبه از 13:15 تا 15:45,محمد هاشم ايمانپور,,70,,1405/04/18 از 08:00 تا 10:00,مهندسی یک-210,كارشناسي پيوسته,حضوري,ارائه در سطح گروه آموزشی,,گروه آموزشي کامپيوتر و فناوري اطلاعات(7116330),163 - شيراز(163),163 - شيراز(71163),71 - فارس(71)
4628144915,مبانی داده کاوی,نظري,3,0,1634254364,,سه شنبه از 13:15 تا 15:45,هادي رحيم بيگي چگيني,,50,,1405/04/06 از 13:00 تا 15:00,مهندسی یک-120,كارشناسي پيوسته,حضوري,ارائه در سطح گروه آموزشی,,گروه آموزشي کامپيوتر و فناوري اطلاعات(7116330),163 - شيراز(163),163 - شيراز(71163),71 - فارس(71)
4628144915,مبانی داده کاوی,نظري,3,0,1634254363,,سه شنبه از 15:45 تا 18:30,هادي رحيم بيگي چگيني,,50,,1405/04/06 از 13:00 تا 15:00,مهندسی یک-120,كارشناسي پيوسته,حضوري,ارائه در سطح گروه آموزشی,,گروه آموزشي کامپيوتر و فناوري اطلاعات(7116330),163 - شيراز(163),163 - شيراز(71163),71 - فارس(71)
4628144915,مبانی داده کاوی,نظري,3,0,1634254362,,دوشنبه از 13:15 تا 15:45,هادي رحيم بيگي چگيني,,50,,1405/04/06 از 13:00 تا 15:00,مهندسی یک-16,كارشناسي پيوسته,حضوري,ارائه در سطح گروه آموزشی,,گروه آموزشي کامپيوتر و فناوري اطلاعات(7116330),163 - شيراز(163),163 - شيراز(71163),71 - فارس(71)
4628144915,مبانی داده کاوی,نظري,3,0,1634254361,,دوشنبه از 15:45 تا 18:30,هادي رحيم بيگي چگيني,,50,,1405/04/06 از 13:00 تا 15:00,مهندسی یک-16,كارشناسي پيوسته,حضوري,ارائه در سطح گروه آموزشی,,گروه آموزشي کامپيوتر و فناوري اطلاعات(7116330),163 - شيراز(163),163 - شيراز(71163),71 - فارس(71)
4628144915,مبانی داده کاوی,نظري,3,0,1634254360,,شنبه از 15:45 تا 18:30,سیامک طباطبایی,,50,,1405/04/06 از 13:00 تا 15:00,مهندسی یک-320,كارشناسي پيوسته,حضوري,ارائه در سطح گروه آموزشی,,گروه آموزشي کامپيوتر و فناوري اطلاعات(7116330),163 - شيراز(163),163 - شيراز(71163),71 - فارس(71)
4628144915,مبانی داده کاوی,نظري,3,0,1634254359,,دوشنبه از 15:45 تا 18:30,سیامک طباطبایی,,50,,1405/04/06 از 13:00 تا 15:00,مهندسی یک-220,كارشناسي پيوسته,حضوري,ارائه در سطح گروه آموزشی,,گروه آموزشي کامپيوتر و فناوري اطلاعات(7116330),163 - شيراز(163),163 - شيراز(71163),71 - فارس(71)
4628164509,مبانی بازبابی اطلاعات وجستجوی وب,نظري,3,0,1634254358,,,,,50,,1405/04/15 از 08:00 تا 10:00,,كارشناسي پيوسته,حضوري,ارائه در سطح گروه آموزشی,,گروه آموزشي کامپيوتر و فناوري اطلاعات(7116330),163 - شيراز(163),163 - شيراز(71163),71 - فارس(71)
4628164509,مبانی بازبابی اطلاعات وجستجوی وب,نظري,3,0,1634254357,استاد دکتر اسکندری,چهارشنبه از 10:15 تا 11:45 چهارشنبه از ...,وحید صفاری,,31,,1405/04/15 از 08:00 تا 10:00,مهندسی یک-318,كارشناسي پيوسته,حضوري,ارائه در سطح گروه آموزشی,,گروه آموزشي کامپيوتر و فناوري اطلاعات(7116330),163 - شيراز(163),163 - شيراز(71163),71 - فارس(71)
4628164509,مبانی بازبابی اطلاعات وجستجوی وب,نظري,3,0,1634254356,,,امین طوسی,,0,,1405/04/15 از 08:00 تا 10:00,,كارشناسي پيوسته,حضوري,ارائه در سطح گروه آموزشی,,گروه آموزشي کامپيوتر و فناوري اطلاعات(7116330),163 - شيراز(163),163 - شيراز(71163),71 - فارس(71)
4628164509,مبانی بازبابی اطلاعات وجستجوی وب,نظري,3,0,1634254355,,,امین طوسی,,0,,1405/04/15 از 08:00 تا 10:00,,كارشناسي پيوسته,حضوري,ارائه در سطح گروه آموزشی,,گروه آموزشي کامپيوتر و فناوري اطلاعات(7116330),163 - شيراز(163),163 - شيراز(71163),71 - فارس(71)
4628143773,مباحث ویژه 1,نظري,3,0,1634254354,,پنج شنبه از 07:30 تا 10:15,اسما رحیمی,,50,,1405/04/07 از 15:00 تا 16:30,مهندسی یک-209,كارشناسي پيوسته,حضوري,ارائه در سطح گروه آموزشی,,گروه آموزشي کامپيوتر و فناوري اطلاعات(7116330),163 - شيراز(163),163 - شيراز(71163),71 - فارس(71)
4628143773,مباحث ویژه 1,نظري,3,0,1634254353,,پنج شنبه از 10:15 تا 11:45 پنج شنبه از ...,اسما رحیمی,,50,,1405/04/07 از 15:00 تا 16:30,مهندسی یک-209,كارشناسي پيوسته,حضوري,ارائه در سطح گروه آموزشی,,گروه آموزشي کامپيوتر و فناوري اطلاعات(7116330),163 - شيراز(163),163 - شيراز(71163),71 - فارس(71)
4628143773,مباحث ویژه 1,نظري,3,0,1634254352,,پنج شنبه از 13:15 تا 15:45,اسما رحیمی,,50,,1405/04/07 از 15:00 تا 16:30,مهندسی یک-209,كارشناسي پيوسته,حضوري,ارائه در سطح گروه آموزشی,,گروه آموزشي کامپيوتر و فناوري اطلاعات(7116330),163 - شيراز(163),163 - شيراز(71163),71 - فارس(71)
4628143773,مباحث ویژه 1,نظري,3,0,1634254351,,سه شنبه از 15:45 تا 18:30,حامد خداپرست,,57,,1405/04/07 از 15:00 تا 16:30,مهندسی یک-207,كارشناسي پيوسته,حضوري,ارائه در سطح گروه آموزشی,,گروه آموزشي کامپيوتر و فناوري اطلاعات(7116330),163 - شيراز(163),163 - شيراز(71163),71 - فارس(71)
4628142462,گرافیک‌ کامپیوتری‌,نظري,3,0,1634254350,,,امین طوسی,,0,,1405/04/16 از 13:00 تا 15:00,,كارشناسي پيوسته,حضوري,ارائه در سطح گروه آموزشی,,گروه آموزشي کامپيوتر و فناوري اطلاعات(7116330),163 - شيراز(163),163 - شيراز(71163),71 - فارس(71)
7000031553,کارگاه کامپیوتر,عملي,0,1,1634254349,,دوشنبه از 15:00 تا 16:45,سيده آنيسا موسوي,,30,,1405/03/15 از 08:00 تا 10:00,مهندسی یک-20کارگاه کامپیوتر,كارشناسي پيوسته,حضوري,ارائه در سطح گروه آموزشی,,گروه آموزشي کامپيوتر و فناوري اطلاعات(7116330),163 - شيراز(163),163 - شيراز(71163),71 - فارس(71)
7000031553,کارگاه کامپیوتر,عملي,0,1,1634254348,,دوشنبه از 16:45 تا 18:30,سيده آنيسا موسوي,,30,,1405/03/15 از 08:00 تا 10:00,مهندسی یک-20کارگاه کامپیوتر,كارشناسي پيوسته,حضوري,ارائه در سطح گروه آموزشی,,گروه آموزشي کامپيوتر و فناوري اطلاعات(7116330),163 - شيراز(163),163 - شيراز(71163),71 - فارس(71)
7000031553,کارگاه کامپیوتر,عملي,0,1,1634254347,,دوشنبه از 07:30 تا 09:15,سيده آنيسا موسوي,,0,,1405/03/15 از 08:00 تا 10:00,,كارشناسي پيوسته,حضوري,ارائه در سطح گروه آموزشی,,گروه آموزشي کامپيوتر و فناوري اطلاعات(7116330),163 - شيراز(163),163 - شيراز(71163),71 - فارس(71)
7000031553,کارگاه کامپیوتر,عملي,0,1,1634254346,,دوشنبه از 09:15 تا 11:00,سيده آنيسا موسوي,,0,,1405/03/15 از 08:00 تا 10:00,,كارشناسي پيوسته,حضوري,ارائه در سطح گروه آموزشی,,گروه آموزشي کامپيوتر و فناوري اطلاعات(7116330),163 - شيراز(163),163 - شيراز(71163),71 - فارس(71)
7000031553,کارگاه کامپیوتر,عملي,0,1,1634254345,,دوشنبه از 11:00 تا 11:45 دوشنبه از از ...,سيده آنيسا موسوي,,0,,1405/03/15 از 08:00 تا 10:00,,كارشناسي پيوسته,حضوري,ارائه در سطح گروه آموزشی,,گروه آموزشي کامپيوتر و فناوري اطلاعات(7116330),163 - شيراز(163),163 - شيراز(71163),71 - فارس(71)
7000031553,کارگاه کامپیوتر,عملي,0,1,1634254344,,دوشنبه از 13:15 تا 15:00,سيده آنيسا موسوي,,0,,1405/03/15 از 08:00 تا 10:00,,كارشناسي پيوسته,حضوري,ارائه در سطح گروه آموزشی,,گروه آموزشي کامپيوتر و فناوري اطلاعات(7116330),163 - شيراز(163),163 - شيراز(71163),71 - فارس(71)
7000031553,کارگاه کامپیوتر,عملي,0,1,1634254343,بابک سراجی,شنبه از 07:30 تا 09:15,امین طوسی,,30,,1405/03/15 از 08:00 تا 10:00,مهندسی یک-20کارگاه کامپیوتر,كارشناسي پيوسته,حضوري,ارائه در سطح گروه آموزشی,,گروه آموزشي کامپيوتر و فناوري اطلاعات(7116330),163 - شيراز(163),163 - شيراز(71163),71 - فارس(71)
7000031553,کارگاه کامپیوتر,عملي,0,1,1634254342,بابک سراجی,شنبه از 09:15 تا 11:00,امین طوسی,,30,,1405/03/15 از 08:00 تا 10:00,مهندسی یک-20کارگاه کامپیوتر,كارشناسي پيوسته,حضوري,ارائه در سطح گروه آموزشی,,گروه آموزشي کامپيوتر و فناوري اطلاعات(7116330),163 - شيراز(163),163 - شيراز(71163),71 - فارس(71)
7000031553,کارگاه کامپیوتر,عملي,0,1,1634254341,بابک سراجی,شنبه از 11:00 تا 11:45 شنبه از از ...,امین طوسی,,30,,1405/03/15 از 08:00 تا 10:00,مهندسی یک-20کارگاه کامپیوتر,كارشناسي پيوسته,حضوري,ارائه در سطح گروه آموزشی,,گروه آموزشي کامپيوتر و فناوري اطلاعات(7116330),163 - شيراز(163),163 - شيراز(71163),71 - فارس(71)
7000031553,کارگاه کامپیوتر,عملي,0,1,1634254340,,,امین طوسی,,0,,1405/03/15 از 08:00 تا 10:00,,كارشناسي پيوسته,حضوري,ارائه در سطح گروه آموزشی,,گروه آموزشي کامپيوتر و فناوري اطلاعات(7116330),163 - شيراز(163),163 - شيراز(71163),71 - فارس(71)
7000031553,کارگاه کامپیوتر,عملي,0,1,1634254339,,,امین طوسی,,0,,1405/03/15 از 08:00 تا 10:00,,كارشناسي پيوسته,حضوري,ارائه در سطح گروه آموزشی,,گروه آموزشي کامپيوتر و فناوري اطلاعات(7116330),163 - شيراز(163),163 - شيراز(71163),71 - فارس(71)
7000031553,کارگاه کامپیوتر,عملي,0,1,1634254338,,,امین طوسی,,0,,1405/03/15 از 08:00 تا 10:00,,كارشناسي پيوسته,حضوري,ارائه در سطح گروه آموزشی,,گروه آموزشي کامپيوتر و فناوري اطلاعات(7116330),163 - شيراز(163),163 - شيراز(71163),71 - فارس(71)
7000031553,کارگاه کامپیوتر,عملي,0,1,1634254337,استاد : غریبی,سه شنبه از 11:00 تا 11:45 سه شنبه از ...,صدیقه طاهری,,30,,1405/03/15 از 08:00 تا 10:00,مهندسی یک-17کارگاه کامپیوتر,كارشناسي پيوسته,حضوري,ارائه در سطح گروه آموزشی,,گروه آموزشي کامپيوتر و فناوري اطلاعات(7116330),163 - شيراز(163),163 - شيراز(71163),71 - فارس(71)
7000031553,کارگاه کامپیوتر,عملي,0,1,1634254336,,سه شنبه از 09:15 تا 11:00,زهره غریبی,,30,,1405/03/15 از 08:00 تا 10:00,مهندسی یک- 18کارگاه کامپیوتر,كارشناسي پيوسته,حضوري,ارائه در سطح گروه آموزشی,,گروه آموزشي کامپيوتر و فناوري اطلاعات(7116330),163 - شيراز(163),163 - شيراز(71163),71 - فارس(71)
7000031553,کارگاه کامپیوتر,عملي,0,1,1634254335,,سه شنبه از 07:30 تا 09:15,زهره غریبی,,30,,1405/03/15 از 08:00 تا 10:00,مهندسی یک- 18کارگاه کامپیوتر,كارشناسي پيوسته,حضوري,ارائه در سطح گروه آموزشی,,گروه آموزشي کامپيوتر و فناوري اطلاعات(7116330),163 - شيراز(163),163 - شيراز(71163),71 - فارس(71)
7000031553,کارگاه کامپیوتر,عملي,0,1,1634254334,,چهارشنبه از 09:15 تا 11:00,زهره غریبی,,30,,1405/03/15 از 08:00 تا 10:00,مهندسی یک-17کارگاه کامپیوتر,كارشناسي پيوسته,حضوري,ارائه در سطح گروه آموزشی,,گروه آموزشي کامپيوتر و فناوري اطلاعات(7116330),163 - شيراز(163),163 - شيراز(71163),71 - فارس(71)
7000031553,کارگاه کامپیوتر,عملي,0,1,1634254333,,چهارشنبه از 07:30 تا 09:15,زهره غریبی,,30,,1405/03/15 از 08:00 تا 10:00,مهندسی یک-17کارگاه کامپیوتر,كارشناسي پيوسته,حضوري,ارائه در سطح گروه آموزشی,,گروه آموزشي کامپيوتر و فناوري اطلاعات(7116330),163 - شيراز(163),163 - شيراز(71163),71 - فارس(71)
7000031553,کارگاه کامپیوتر,عملي,0,1,1634254332,,شنبه از 11:00 تا 11:45 شنبه از از ...,زهره غریبی,,30,,1405/03/15 از 08:00 تا 10:00,مهندسی یک-17کارگاه کامپیوتر,كارشناسي پيوسته,حضوري,ارائه در سطح گروه آموزشی,,گروه آموزشي کامپيوتر و فناوري اطلاعات(7116330),163 - شيراز(163),163 - شيراز(71163),71 - فارس(71)
7000031553,کارگاه کامپیوتر,عملي,0,1,1634254331,,شنبه از 09:15 تا 11:00,زهره غریبی,,30,,1405/03/15 از 08:00 تا 10:00,مهندسی یک-17کارگاه کامپیوتر,كارشناسي پيوسته,حضوري,ارائه در سطح گروه آموزشی,,گروه آموزشي کامپيوتر و فناوري اطلاعات(7116330),163 - شيراز(163),163 - شيراز(71163),71 - فارس(71)
7000031553,کارگاه کامپیوتر,عملي,0,1,1634254330,,شنبه از 07:30 تا 09:15,زهره غریبی,,30,,1405/03/15 از 08:00 تا 10:00,مهندسی یک-17کارگاه کامپیوتر,كارشناسي پيوسته,حضوري,ارائه در سطح گروه آموزشی,,گروه آموزشي کامپيوتر و فناوري اطلاعات(7116330),163 - شيراز(163),163 - شيراز(71163),71 - فارس(71)
4628160442,کارگاه کامپیوتر,عملي,0,1,1634254329,,,,,30,,1405/03/15 از 08:00 تا 10:00,,كارشناسي پيوسته,حضوري,ارائه در سطح گروه آموزشی,,گروه آموزشي کامپيوتر و فناوري اطلاعات(7116330),163 - شيراز(163),163 - شيراز(71163),71 - فارس(71)
4628160442,کارگاه کامپیوتر,عملي,0,1,1634254328,,,,,30,,1405/03/15 از 08:00 تا 10:00,,كارشناسي پيوسته,حضوري,ارائه در سطح گروه آموزشی,,گروه آموزشي کامپيوتر و فناوري اطلاعات(7116330),163 - شيراز(163),163 - شيراز(71163),71 - فارس(71)
4628160442,کارگاه کامپیوتر,عملي,0,1,1634254327,,,امین طوسی,,0,,1405/03/15 از 08:00 تا 10:00,,كارشناسي پيوسته,حضوري,ارائه در سطح گروه آموزشی,,گروه آموزشي کامپيوتر و فناوري اطلاعات(7116330),163 - شيراز(163),163 - شيراز(71163),71 - فارس(71)
4628160442,کارگاه کامپیوتر,عملي,0,1,1634254326,,,امین طوسی,,0,,1405/03/15 از 08:00 تا 10:00,,كارشناسي پيوسته,حضوري,ارائه در سطح گروه آموزشی,,گروه آموزشي کامپيوتر و فناوري اطلاعات(7116330),163 - شيراز(163),163 - شيراز(71163),71 - فارس(71)
4628160442,کارگاه کامپیوتر,عملي,0,1,1634254325,,,امین طوسی,,0,,1405/03/15 از 08:00 تا 10:00,,كارشناسي پيوسته,حضوري,ارائه در سطح گروه آموزشی,,گروه آموزشي کامپيوتر و فناوري اطلاعات(7116330),163 - شيراز(163),163 - شيراز(71163),71 - فارس(71)
4628160442,کارگاه کامپیوتر,عملي,0,1,1634254324,,,امین طوسی,,0,,1405/03/15 از 08:00 تا 10:00,,كارشناسي پيوسته,حضوري,ارائه در سطح گروه آموزشی,,گروه آموزشي کامپيوتر و فناوري اطلاعات(7116330),163 - شيراز(163),163 - شيراز(71163),71 - فارس(71)
4628160442,کارگاه کامپیوتر,عملي,0,1,1634254323,,,امین طوسی,,0,,1405/03/15 از 08:00 تا 10:00,,كارشناسي پيوسته,حضوري,ارائه در سطح گروه آموزشی,,گروه آموزشي کامپيوتر و فناوري اطلاعات(7116330),163 - شيراز(163),163 - شيراز(71163),71 - فارس(71)
4628160442,کارگاه کامپیوتر,عملي,0,1,1634254322,,,امین طوسی,,0,,1405/03/15 از 08:00 تا 10:00,,كارشناسي پيوسته,حضوري,ارائه در سطح گروه آموزشی,,گروه آموزشي کامپيوتر و فناوري اطلاعات(7116330),163 - شيراز(163),163 - شيراز(71163),71 - فارس(71)
4628160442,کارگاه کامپیوتر,عملي,0,1,1634254321,,,امین طوسی,,0,,1405/03/15 از 08:00 تا 10:00,,كارشناسي پيوسته,حضوري,ارائه در سطح گروه آموزشی,,گروه آموزشي کامپيوتر و فناوري اطلاعات(7116330),163 - شيراز(163),163 - شيراز(71163),71 - فارس(71)
4628160442,کارگاه کامپیوتر,عملي,0,1,1634254320,,,امین طوسی,,0,,1405/03/15 از 08:00 تا 10:00,,كارشناسي پيوسته,حضوري,ارائه در سطح گروه آموزشی,,گروه آموزشي کامپيوتر و فناوري اطلاعات(7116330),163 - شيراز(163),163 - شيراز(71163),71 - فارس(71)
4628160442,کارگاه کامپیوتر,عملي,0,1,1634254319,,,امین طوسی,,0,,1405/03/15 از 08:00 تا 10:00,,كارشناسي پيوسته,حضوري,ارائه در سطح گروه آموزشی,,گروه آموزشي کامپيوتر و فناوري اطلاعات(7116330),163 - شيراز(163),163 - شيراز(71163),71 - فارس(71)
4628160442,کارگاه کامپیوتر,عملي,0,1,1634254318,,,امین طوسی,,0,,1405/03/15 از 08:00 تا 10:00,,كارشناسي پيوسته,حضوري,ارائه در سطح گروه آموزشی,,گروه آموزشي کامپيوتر و فناوري اطلاعات(7116330),163 - شيراز(163),163 - شيراز(71163),71 - فارس(71)
4628160442,کارگاه کامپیوتر,عملي,0,1,1634254317,,,,,30,,1405/03/15 از 08:00 تا 10:00,,كارشناسي پيوسته,حضوري,ارائه در سطح گروه آموزشی,,گروه آموزشي کامپيوتر و فناوري اطلاعات(7116330),163 - شيراز(163),163 - شيراز(71163),71 - فارس(71)
4628160442,کارگاه کامپیوتر,عملي,0,1,1634254316,,,,,30,,1405/03/15 از 08:00 تا 10:00,,كارشناسي پيوسته,حضوري,ارائه در سطح گروه آموزشی,,گروه آموزشي کامپيوتر و فناوري اطلاعات(7116330),163 - شيراز(163),163 - شيراز(71163),71 - فارس(71)
4628160442,کارگاه کامپیوتر,عملي,0,1,1634254315,,,,,30,,1405/03/15 از 08:00 تا 10:00,,كارشناسي پيوسته,حضوري,ارائه در سطح گروه آموزشی,,گروه آموزشي کامپيوتر و فناوري اطلاعات(7116330),163 - شيراز(163),163 - شيراز(71163),71 - فارس(71)
4628160442,کارگاه کامپیوتر,عملي,0,1,1634254314,,,,,30,,1405/03/15 از 08:00 تا 10:00,,كارشناسي پيوسته,حضوري,ارائه در سطح گروه آموزشی,,گروه آموزشي کامپيوتر و فناوري اطلاعات(7116330),163 - شيراز(163),163 - شيراز(71163),71 - فارس(71)
4628160442,کارگاه کامپیوتر,عملي,0,1,1634254313,,,,,30,,1405/03/15 از 08:00 تا 10:00,,كارشناسي پيوسته,حضوري,ارائه در سطح گروه آموزشی,,گروه آموزشي کامپيوتر و فناوري اطلاعات(7116330),163 - شيراز(163),163 - شيراز(71163),71 - فارس(71)
4628160442,کارگاه کامپیوتر,عملي,0,1,1634254312,,,,,30,,1405/03/15 از 08:00 تا 10:00,,كارشناسي پيوسته,حضوري,ارائه در سطح گروه آموزشی,,گروه آموزشي کامپيوتر و فناوري اطلاعات(7116330),163 - شيراز(163),163 - شيراز(71163),71 - فارس(71)
4628160442,کارگاه کامپیوتر,عملي,0,1,1634254311,,,,,30,,1405/03/15 از 08:00 تا 10:00,,كارشناسي پيوسته,حضوري,ارائه در سطح گروه آموزشی,,گروه آموزشي کامپيوتر و فناوري اطلاعات(7116330),163 - شيراز(163),163 - شيراز(71163),71 - فارس(71)
4628160442,کارگاه کامپیوتر,عملي,0,1,1634254310,,,,,30,,1405/03/15 از 08:00 تا 10:00,,كارشناسي پيوسته,حضوري,ارائه در سطح گروه آموزشی,,گروه آموزشي کامپيوتر و فناوري اطلاعات(7116330),163 - شيراز(163),163 - شيراز(71163),71 - فارس(71)
4628182893,کارگاه برنامه نویسی مت لب,عملي,0,1,1634254309,,دوشنبه از 07:30 تا 09:15,علی حسینی,,30,,1405/03/15 از 08:00 تا 10:00,مهندسی یک-19 کارگاه کامپیوتر,كارشناسي پيوسته,حضوري,ارائه در سطح گروه آموزشی,,گروه آموزشي کامپيوتر و فناوري اطلاعات(7116330),163 - شيراز(163),163 - شيراز(71163),71 - فارس(71)
4628182893,کارگاه برنامه نویسی مت لب,عملي,0,1,1634254308,,دوشنبه از 09:15 تا 11:00,علی حسینی,,30,,1405/03/15 از 08:00 تا 10:00,مهندسی یک-19 کارگاه کامپیوتر,كارشناسي پيوسته,حضوري,ارائه در سطح گروه آموزشی,,گروه آموزشي کامپيوتر و فناوري اطلاعات(7116330),163 - شيراز(163),163 - شيراز(71163),71 - فارس(71)
4628182893,کارگاه برنامه نویسی مت لب,عملي,0,1,1634254307,,دوشنبه از 11:00 تا 11:45 دوشنبه از از ...,علی حسینی,,30,,1405/03/15 از 08:00 تا 10:00,مهندسی یک-19 کارگاه کامپیوتر,كارشناسي پيوسته,حضوري,ارائه در سطح گروه آموزشی,,گروه آموزشي کامپيوتر و فناوري اطلاعات(7116330),163 - شيراز(163),163 - شيراز(71163),71 - فارس(71)
4628182893,کارگاه برنامه نویسی مت لب,عملي,0,1,1634254306,,دوشنبه از 07:30 تا 09:15,سعید صدیقی,,30,,1405/03/15 از 08:00 تا 10:00,مهندسی یک-17کارگاه کامپیوتر,كارشناسي پيوسته,حضوري,ارائه در سطح گروه آموزشی,,گروه آموزشي کامپيوتر و فناوري اطلاعات(7116330),163 - شيراز(163),163 - شيراز(71163),71 - فارس(71)
4628182893,کارگاه برنامه نویسی مت لب,عملي,0,1,1634254305,,دوشنبه از 09:15 تا 11:00,سعید صدیقی,,30,,1405/03/15 از 08:00 تا 10:00,مهندسی یک-17کارگاه کامپیوتر,كارشناسي پيوسته,حضوري,ارائه در سطح گروه آموزشی,,گروه آموزشي کامپيوتر و فناوري اطلاعات(7116330),163 - شيراز(163),163 - شيراز(71163),71 - فارس(71)
4628182893,کارگاه برنامه نویسی مت لب,عملي,0,1,1634254304,,دوشنبه از 11:00 تا 11:45 دوشنبه از از ...,سعید صدیقی,,30,,1405/03/15 از 08:00 تا 10:00,مهندسی یک-17کارگاه کامپیوتر,كارشناسي پيوسته,حضوري,ارائه در سطح گروه آموزشی,,گروه آموزشي کامپيوتر و فناوري اطلاعات(7116330),163 - شيراز(163),163 - شيراز(71163),71 - فارس(71)
4628182893,کارگاه برنامه نویسی مت لب,عملي,0,1,1634254303,,,امین طوسی,,0,,1405/03/15 از 08:00 تا 10:00,,كارشناسي پيوسته,حضوري,ارائه در سطح گروه آموزشی,,گروه آموزشي کامپيوتر و فناوري اطلاعات(7116330),163 - شيراز(163),163 - شيراز(71163),71 - فارس(71)
4628182893,کارگاه برنامه نویسی مت لب,عملي,0,1,1634254302,,,امین طوسی,,0,,1405/03/15 از 08:00 تا 10:00,,كارشناسي پيوسته,حضوري,ارائه در سطح گروه آموزشی,,گروه آموزشي کامپيوتر و فناوري اطلاعات(7116330),163 - شيراز(163),163 - شيراز(71163),71 - فارس(71)
4628182893,کارگاه برنامه نویسی مت لب,عملي,0,1,1634254301,,,امین طوسی,,0,,1405/03/15 از 08:00 تا 10:00,,كارشناسي پيوسته,حضوري,ارائه در سطح گروه آموزشی,,گروه آموزشي کامپيوتر و فناوري اطلاعات(7116330),163 - شيراز(163),163 - شيراز(71163),71 - فارس(71)
4628182893,کارگاه برنامه نویسی مت لب,عملي,0,1,1634254300,,,امین طوسی,,0,,1405/03/15 از 08:00 تا 10:00,,كارشناسي پيوسته,حضوري,ارائه در سطح گروه آموزشی,,گروه آموزشي کامپيوتر و فناوري اطلاعات(7116330),163 - شيراز(163),163 - شيراز(71163),71 - فارس(71)
4628156372,کارآموزی,كارآموزي,0,1,1634254299,,,امین طوسی,,200,,,,كارشناسي پيوسته,حضوري,ارائه در سطح گروه آموزشی,,گروه آموزشي کامپيوتر و فناوري اطلاعات(7116330),163 - شيراز(163),163 - شيراز(71163),71 - فارس(71)
7000031531,فیزیک 1,نظري,3,0,1634254296,,,امین طوسی,,0,,1405/04/16 از 10:00 تا 12:00,,كارشناسي پيوسته,حضوري,ارائه در سطح گروه آموزشی,,گروه آموزشي کامپيوتر و فناوري اطلاعات(7116330),163 - شيراز(163),163 - شيراز(71163),71 - فارس(71)
7000031531,فیزیک 1,نظري,3,0,1634254295,,,امین طوسی,,0,,1405/04/16 از 10:00 تا 12:00,,كارشناسي پيوسته,حضوري,ارائه در سطح گروه آموزشی,,گروه آموزشي کامپيوتر و فناوري اطلاعات(7116330),163 - شيراز(163),163 - شيراز(71163),71 - فارس(71)
7000031531,فیزیک 1,نظري,3,0,1634254294,,,امین طوسی,,0,,1405/04/16 از 10:00 تا 12:00,,كارشناسي پيوسته,حضوري,ارائه در سطح گروه آموزشی,,گروه آموزشي کامپيوتر و فناوري اطلاعات(7116330),163 - شيراز(163),163 - شيراز(71163),71 - فارس(71)
7000031556,آزمایشگاه معماری کامپیوتر,عملي,0,1,1634254528,,دوشنبه از 16:45 تا 18:30,مهدی قائمی امیری,,16,,1405/03/15 از 08:00 تا 10:00,163 - شيراز-304آزمایشگاه الکترونیک سوله شماره 3 مجتمع آزمایشگاهی و کارگاهی دکتر محمود حسابی,كارشناسي پيوسته,حضوري,ارائه در سطح گروه آموزشی,,گروه آموزشي کامپيوتر و فناوري اطلاعات(7116330),163 - شيراز(163),163 - شيراز(71163),71 - فارس(71)
7000031556,آزمایشگاه معماری کامپیوتر,عملي,0,1,1634254527,,چهارشنبه از 07:30 تا 09:15,مهدی قائمی امیری,,16,,1405/03/15 از 08:00 تا 10:00,163 - شيراز-304آزمایشگاه الکترونیک سوله شماره 3 مجتمع آزمایشگاهی و کارگاهی دکتر محمود حسابی,كارشناسي پيوسته,حضوري,ارائه در سطح گروه آموزشی,,گروه آموزشي کامپيوتر و فناوري اطلاعات(7116330),163 - شيراز(163),163 - شيراز(71163),71 - فارس(71)
7000031556,آزمایشگاه معماری کامپیوتر,عملي,0,1,1634254526,,يكشنبه از 15:00 تا 16:45,مهدی قائمی امیری,,16,,1405/03/15 از 08:00 تا 10:00,163 - شيراز-304آزمایشگاه الکترونیک سوله شماره 3 مجتمع آزمایشگاهی و کارگاهی دکتر محمود حسابی,كارشناسي پيوسته,حضوري,ارائه در سطح گروه آموزشی,,گروه آموزشي کامپيوتر و فناوري اطلاعات(7116330),163 - شيراز(163),163 - شيراز(71163),71 - فارس(71)
7000031556,آزمایشگاه معماری کامپیوتر,عملي,0,1,1634254525,,,امین طوسی,,0,,1405/03/15 از 08:00 تا 10:00,,كارشناسي پيوسته,حضوري,ارائه در سطح گروه آموزشی,,گروه آموزشي کامپيوتر و فناوري اطلاعات(7116330),163 - شيراز(163),163 - شيراز(71163),71 - فارس(71)
7000031556,آزمایشگاه معماری کامپیوتر,عملي,0,1,1634254524,,,امین طوسی,,0,,1405/03/15 از 08:00 تا 10:00,,كارشناسي پيوسته,حضوري,ارائه در سطح گروه آموزشی,,گروه آموزشي کامپيوتر و فناوري اطلاعات(7116330),163 - شيراز(163),163 - شيراز(71163),71 - فارس(71)
7000031556,آزمایشگاه معماری کامپیوتر,عملي,0,1,1634254523,,,امین طوسی,,0,,1405/03/15 از 08:00 تا 10:00,,كارشناسي پيوسته,حضوري,ارائه در سطح گروه آموزشی,,گروه آموزشي کامپيوتر و فناوري اطلاعات(7116330),163 - شيراز(163),163 - شيراز(71163),71 - فارس(71)
7000031556,آزمایشگاه معماری کامپیوتر,عملي,0,1,1634254522,,,امین طوسی,,0,,1405/03/15 از 08:00 تا 10:00,,كارشناسي پيوسته,حضوري,ارائه در سطح گروه آموزشی,,گروه آموزشي کامپيوتر و فناوري اطلاعات(7116330),163 - شيراز(163),163 - شيراز(71163),71 - فارس(71)
7000031556,آزمایشگاه معماری کامپیوتر,عملي,0,1,1634254521,,,امین طوسی,,0,,1405/03/15 از 08:00 تا 10:00,,كارشناسي پيوسته,حضوري,ارائه در سطح گروه آموزشی,,گروه آموزشي کامپيوتر و فناوري اطلاعات(7116330),163 - شيراز(163),163 - شيراز(71163),71 - فارس(71)
7000031556,آزمایشگاه معماری کامپیوتر,عملي,0,1,1634254520,,,امین طوسی,,0,,1405/03/15 از 08:00 تا 10:00,,كارشناسي پيوسته,حضوري,ارائه در سطح گروه آموزشی,,گروه آموزشي کامپيوتر و فناوري اطلاعات(7116330),163 - شيراز(163),163 - شيراز(71163),71 - فارس(71)
7000031546,سیستم های نهفته و بی درنگ,نظري,3,0,1634254519,,سه شنبه از 13:15 تا 15:45,محمد هاشم ايمانپور,,50,,1405/04/13 از 15:00 تا 16:30,مهندسی یک-316,كارشناسي پيوسته,حضوري,ارائه در سطح گروه آموزشی,,گروه آموزشي کامپيوتر و فناوري اطلاعات(7116330),163 - شيراز(163),163 - شيراز(71163),71 - فارس(71)
7000031546,سیستم های نهفته و بی درنگ,نظري,3,0,1634254518,,دوشنبه از 15:45 تا 18:30,محمد هاشم ايمانپور,,50,,1405/04/13 از 15:00 تا 16:30,مهندسی یک-210,كارشناسي پيوسته,حضوري,ارائه در سطح گروه آموزشی,,گروه آموزشي کامپيوتر و فناوري اطلاعات(7116330),163 - شيراز(163),163 - شيراز(71163),71 - فارس(71)
7000031546,سیستم های نهفته و بی درنگ,نظري,3,0,1634254517,,سه شنبه از 15:45 تا 18:30,محمد هاشم ايمانپور,,50,,1405/04/13 از 15:00 تا 16:30,مهندسی یک-316,كارشناسي پيوسته,حضوري,ارائه در سطح گروه آموزشی,,گروه آموزشي کامپيوتر و فناوري اطلاعات(7116330),163 - شيراز(163),163 - شيراز(71163),71 - فارس(71)
7000031546,سیستم های نهفته و بی درنگ,نظري,3,0,1634254516,,,امین طوسی,,0,,1405/04/13 از 15:00 تا 16:30,,كارشناسي پيوسته,حضوري,ارائه در سطح گروه آموزشی,,گروه آموزشي کامپيوتر و فناوري اطلاعات(7116330),163 - شيراز(163),163 - شيراز(71163),71 - فارس(71)
7000031544,جبر خطی,نظري,3,0,1634254515,مریم قدسی,شنبه از 10:15 تا 13:15,مریم قدسی,,50,,1405/04/08 از 13:00 تا 15:00,مهندسی دو-215,كارشناسي پيوسته,حضوري,ارائه در سطح گروه آموزشی,,گروه آموزشي کامپيوتر و فناوري اطلاعات(7116330),163 - شيراز(163),163 - شيراز(71163),71 - فارس(71)
7000031544,جبر خطی,نظري,3,0,1634254514,مریم قدسی,شنبه از 07:30 تا 10:15,مریم قدسی,,50,,1405/04/08 از 13:00 تا 15:00,مهندسی دو-215,كارشناسي پيوسته,حضوري,ارائه در سطح گروه آموزشی,,گروه آموزشي کامپيوتر و فناوري اطلاعات(7116330),163 - شيراز(163),163 - شيراز(71163),71 - فارس(71)
7000031544,جبر خطی,نظري,3,0,1634254513,کهیار اسلامی,چهارشنبه از 13:15 تا 15:45,کهیار اسلامی,,50,,1405/04/08 از 13:00 تا 15:00,مهندسی یک-319,كارشناسي پيوسته,حضوري,ارائه در سطح گروه آموزشی,,گروه آموزشي کامپيوتر و فناوري اطلاعات(7116330),163 - شيراز(163),163 - شيراز(71163),71 - فارس(71)
7000031544,جبر خطی,نظري,3,0,1634254512,,شنبه از 10:15 تا 13:15,محمدرضا مظفری,,50,,1405/04/08 از 13:00 تا 15:00,مهندسی دو-216,كارشناسي پيوسته,حضوري,ارائه در سطح گروه آموزشی,,گروه آموزشي کامپيوتر و فناوري اطلاعات(7116330),163 - شيراز(163),163 - شيراز(71163),71 - فارس(71)
7000031544,جبر خطی,نظري,3,0,1634254511,,شنبه از 07:30 تا 10:15,محمدرضا مظفری,,50,,1405/04/08 از 13:00 تا 15:00,مهندسی دو-216,كارشناسي پيوسته,حضوري,ارائه در سطح گروه آموزشی,,گروه آموزشي کامپيوتر و فناوري اطلاعات(7116330),163 - شيراز(163),163 - شيراز(71163),71 - فارس(71)
7000031544,جبر خطی,نظري,3,0,1634254510,,دوشنبه از 10:15 تا 13:15,زهرا کمالی,,50,,1405/04/08 از 13:00 تا 15:00,مهندسی دو-116,كارشناسي پيوسته,حضوري,ارائه در سطح گروه آموزشی,,گروه آموزشي کامپيوتر و فناوري اطلاعات(7116330),163 - شيراز(163),163 - شيراز(71163),71 - فارس(71)
7000031544,جبر خطی,نظري,3,0,1634254509,,دوشنبه از 07:30 تا 10:15,زهرا کمالی,,50,,1405/04/08 از 13:00 تا 15:00,مهندسی دو-116,كارشناسي پيوسته,حضوري,ارائه در سطح گروه آموزشی,,گروه آموزشي کامپيوتر و فناوري اطلاعات(7116330),163 - شيراز(163),163 - شيراز(71163),71 - فارس(71)
7000031544,جبر خطی,نظري,3,0,1634254508,,چهارشنبه از 13:15 تا 15:45,مریم سپاسی,,50,,1405/04/08 از 13:00 تا 15:00,مهندسی دو-207,كارشناسي پيوسته,حضوري,ارائه در سطح گروه آموزشی,,گروه آموزشي کامپيوتر و فناوري اطلاعات(7116330),163 - شيراز(163),163 - شيراز(71163),71 - فارس(71)
7000031544,جبر خطی,نظري,3,0,1634254507,,سه شنبه از 15:45 تا 18:30,مریم سپاسی,,50,,1405/04/08 از 13:00 تا 15:00,مهندسی دو-207,كارشناسي پيوسته,حضوري,ارائه در سطح گروه آموزشی,,گروه آموزشي کامپيوتر و فناوري اطلاعات(7116330),163 - شيراز(163),163 - شيراز(71163),71 - فارس(71)
7000031544,جبر خطی,نظري,3,0,1634254506,,چهارشنبه از 10:15 تا 13:15,مهسا فاتحی,,50,,1405/04/08 از 13:00 تا 15:00,مهندسی دو-120,كارشناسي پيوسته,حضوري,ارائه در سطح گروه آموزشی,,گروه آموزشي کامپيوتر و فناوري اطلاعات(7116330),163 - شيراز(163),163 - شيراز(71163),71 - فارس(71)
7000031544,جبر خطی,نظري,3,0,1634254505,,چهارشنبه از 07:30 تا 10:15,مهسا فاتحی,,40,,1405/04/08 از 13:00 تا 15:00,مهندسی دو-216,كارشناسي پيوسته,حضوري,ارائه در سطح گروه آموزشی,,گروه آموزشي کامپيوتر و فناوري اطلاعات(7116330),163 - شيراز(163),163 - شيراز(71163),71 - فارس(71)
7000031544,جبر خطی,نظري,3,0,1634254504,,سه شنبه از 10:15 تا 13:15,مهسا فاتحی,,50,,1405/04/08 از 13:00 تا 15:00,مهندسی یک-219,كارشناسي پيوسته,حضوري,ارائه در سطح گروه آموزشی,,گروه آموزشي کامپيوتر و فناوري اطلاعات(7116330),163 - شيراز(163),163 - شيراز(71163),71 - فارس(71)
7000031544,جبر خطی,نظري,3,0,1634254503,,سه شنبه از 07:30 تا 10:15,مهسا فاتحی,,50,,1405/04/08 از 13:00 تا 15:00,مهندسی یک-219,كارشناسي پيوسته,حضوري,ارائه در سطح گروه آموزشی,,گروه آموزشي کامپيوتر و فناوري اطلاعات(7116330),163 - شيراز(163),163 - شيراز(71163),71 - فارس(71)
7000031544,جبر خطی,نظري,3,0,1634254502,,يكشنبه از 10:15 تا 13:15,مهسا فاتحی,,50,,1405/04/08 از 13:00 تا 15:00,مهندسی دو-216,كارشناسي پيوسته,حضوري,ارائه در سطح گروه آموزشی,,گروه آموزشي کامپيوتر و فناوري اطلاعات(7116330),163 - شيراز(163),163 - شيراز(71163),71 - فارس(71)
7000031544,جبر خطی,نظري,3,0,1634254501,,يكشنبه از 07:30 تا 10:15,مهسا فاتحی,,50,,1405/04/08 از 13:00 تا 15:00,مهندسی دو-216,كارشناسي پيوسته,حضوري,ارائه در سطح گروه آموزشی,,گروه آموزشي کامپيوتر و فناوري اطلاعات(7116330),163 - شيراز(163),163 - شيراز(71163),71 - فارس(71)
7000031534,کارگاه عمومی,عملي,0,1,1634254500,استاد : پور شیرازی,سه شنبه از 07:30 تا 09:00,فرزاد قهرمانی,,16,,1405/03/15 از 08:00 تا 10:00,163 - شيراز-104کارگاه برق و ماشین های الکتریکی سوله شماره 1 مجتمع آزمایشگاهی و کارگاهی دکتر محمود حسابی,كارشناسي پيوسته,حضوري,ارائه در سطح گروه آموزشی,,گروه آموزشي کامپيوتر و فناوري اطلاعات(7116330),163 - شيراز(163),163 - شيراز(71163),71 - فارس(71)
7000031534,کارگاه عمومی,عملي,0,1,1634254499,استاد :پورشیرازی,سه شنبه از 09:00 تا 10:30,امیرحسین قیصری,,16,,1405/03/15 از 08:00 تا 10:00,163 - شيراز-مجتمع آزمایشگاهی و کارگاهی دکتر محمود حسابی,كارشناسي پيوسته,حضوري,ارائه در سطح گروه آموزشی,,گروه آموزشي کامپيوتر و فناوري اطلاعات(7116330),163 - شيراز(163),163 - شيراز(71163),71 - فارس(71)
7000031534,کارگاه عمومی,عملي,0,1,1634254498,استاد:پورشیرازی,سه شنبه از 10:30 تا 12:00,امیرحسین قیصری,,16,,1405/03/15 از 08:00 تا 10:00,163 - شيراز-مجتمع آزمایشگاهی و کارگاهی دکتر محمود حسابی,كارشناسي پيوسته,حضوري,ارائه در سطح گروه آموزشی,,گروه آموزشي کامپيوتر و فناوري اطلاعات(7116330),163 - شيراز(163),163 - شيراز(71163),71 - فارس(71)
7000031534,کارگاه عمومی,عملي,0,1,1634254497,استاد:پورشیرازی,سه شنبه از 12:30 تا 14:00,امیرحسین قیصری,,16,,1405/03/15 از 08:00 تا 10:00,163 - شيراز-مجتمع آزمایشگاهی و کارگاهی دکتر محمود حسابی,كارشناسي پيوسته,حضوري,ارائه در سطح گروه آموزشی,,گروه آموزشي کامپيوتر و فناوري اطلاعات(7116330),163 - شيراز(163),163 - شيراز(71163),71 - فارس(71)
7000031534,کارگاه عمومی,عملي,0,1,1634254496,,,امین طوسی,,0,,1405/03/15 از 08:00 تا 10:00,,كارشناسي پيوسته,حضوري,ارائه در سطح گروه آموزشی,,گروه آموزشي کامپيوتر و فناوري اطلاعات(7116330),163 - شيراز(163),163 - شيراز(71163),71 - فارس(71)
7000031534,کارگاه عمومی,عملي,0,1,1634254495,,,امین طوسی,,0,,1405/03/15 از 08:00 تا 10:00,,كارشناسي پيوسته,حضوري,ارائه در سطح گروه آموزشی,,گروه آموزشي کامپيوتر و فناوري اطلاعات(7116330),163 - شيراز(163),163 - شيراز(71163),71 - فارس(71)
7000031534,کارگاه عمومی,عملي,0,1,1634254494,,,امین طوسی,,0,,1405/03/15 از 08:00 تا 10:00,,كارشناسي پيوسته,حضوري,ارائه در سطح گروه آموزشی,,گروه آموزشي کامپيوتر و فناوري اطلاعات(7116330),163 - شيراز(163),163 - شيراز(71163),71 - فارس(71)
7000031534,کارگاه عمومی,عملي,0,1,1634254493,,,امین طوسی,,0,,1405/03/15 از 08:00 تا 10:00,,كارشناسي پيوسته,حضوري,ارائه در سطح گروه آموزشی,,گروه آموزشي کامپيوتر و فناوري اطلاعات(7116330),163 - شيراز(163),163 - شيراز(71163),71 - فارس(71)
7000031534,کارگاه عمومی,عملي,0,1,1634254492,,,امین طوسی,,0,,1405/03/15 از 08:00 تا 10:00,,كارشناسي پيوسته,حضوري,ارائه در سطح گروه آموزشی,,گروه آموزشي کامپيوتر و فناوري اطلاعات(7116330),163 - شيراز(163),163 - شيراز(71163),71 - فارس(71)
7000031534,کارگاه عمومی,عملي,0,1,1634254491,,,امین طوسی,,0,,1405/03/15 از 08:00 تا 10:00,,كارشناسي پيوسته,حضوري,ارائه در سطح گروه آموزشی,,گروه آموزشي کامپيوتر و فناوري اطلاعات(7116330),163 - شيراز(163),163 - شيراز(71163),71 - فارس(71)
7000031534,کارگاه عمومی,عملي,0,1,1634254490,,,امین طوسی,,0,,1405/03/15 از 08:00 تا 10:00,,كارشناسي پيوسته,حضوري,ارائه در سطح گروه آموزشی,,گروه آموزشي کامپيوتر و فناوري اطلاعات(7116330),163 - شيراز(163),163 - شيراز(71163),71 - فارس(71)
7000031534,کارگاه عمومی,عملي,0,1,1634254489,,,امین طوسی,,0,,1405/03/15 از 08:00 تا 10:00,,كارشناسي پيوسته,حضوري,ارائه در سطح گروه آموزشی,,گروه آموزشي کامپيوتر و فناوري اطلاعات(7116330),163 - شيراز(163),163 - شيراز(71163),71 - فارس(71)
7000031534,کارگاه عمومی,عملي,0,1,1634254488,,,امین طوسی,,0,,1405/03/15 از 08:00 تا 10:00,,كارشناسي پيوسته,حضوري,ارائه در سطح گروه آموزشی,,گروه آموزشي کامپيوتر و فناوري اطلاعات(7116330),163 - شيراز(163),163 - شيراز(71163),71 - فارس(71)
7000031534,کارگاه عمومی,عملي,0,1,1634254487,,,امین طوسی,,0,,1405/03/15 از 08:00 تا 10:00,,كارشناسي پيوسته,حضوري,ارائه در سطح گروه آموزشی,,گروه آموزشي کامپيوتر و فناوري اطلاعات(7116330),163 - شيراز(163),163 - شيراز(71163),71 - فارس(71)
7000031534,کارگاه عمومی,عملي,0,1,1634254486,,,امین طوسی,,0,,1405/03/15 از 08:00 تا 10:00,,كارشناسي پيوسته,حضوري,ارائه در سطح گروه آموزشی,,گروه آموزشي کامپيوتر و فناوري اطلاعات(7116330),163 - شيراز(163),163 - شيراز(71163),71 - فارس(71)
7000031534,کارگاه عمومی,عملي,0,1,1634254485,,,امین طوسی,,0,,1405/03/15 از 08:00 تا 10:00,,كارشناسي پيوسته,حضوري,ارائه در سطح گروه آموزشی,,گروه آموزشي کامپيوتر و فناوري اطلاعات(7116330),163 - شيراز(163),163 - شيراز(71163),71 - فارس(71)
7000031534,کارگاه عمومی,عملي,0,1,1634254484,,,امین طوسی,,0,,1405/03/15 از 08:00 تا 10:00,,كارشناسي پيوسته,حضوري,ارائه در سطح گروه آموزشی,,گروه آموزشي کامپيوتر و فناوري اطلاعات(7116330),163 - شيراز(163),163 - شيراز(71163),71 - فارس(71)
7000031534,کارگاه عمومی,عملي,0,1,1634254483,استاد:پورشیرازی,شنبه از 16:45 تا 18:30,امین طوسی,,16,,1405/03/15 از 08:00 تا 10:00,163 - شيراز-104کارگاه برق و ماشین های الکتریکی سوله شماره 1 مجتمع آزمایشگاهی و کارگاهی دکتر محمود حسابی,كارشناسي پيوسته,حضوري,ارائه در سطح گروه آموزشی,,گروه آموزشي کامپيوتر و فناوري اطلاعات(7116330),163 - شيراز(163),163 - شيراز(71163),71 - فارس(71)
7000031534,کارگاه عمومی,عملي,0,1,1634254482,استاد:پورشیرازی,شنبه از 15:00 تا 16:45,امین طوسی,,16,,1405/03/15 از 08:00 تا 10:00,163 - شيراز-104کارگاه برق و ماشین های الکتریکی سوله شماره 1 مجتمع آزمایشگاهی و کارگاهی دکتر محمود حسابی,كارشناسي پيوسته,حضوري,ارائه در سطح گروه آموزشی,,گروه آموزشي کامپيوتر و فناوري اطلاعات(7116330),163 - شيراز(163),163 - شيراز(71163),71 - فارس(71)
7000031534,کارگاه عمومی,عملي,0,1,1634254481,استاد:پورشیرازی,شنبه از 13:15 تا 15:00,امین طوسی,,16,,1405/03/15 از 08:00 تا 10:00,163 - شيراز-104کارگاه برق و ماشین های الکتریکی سوله شماره 1 مجتمع آزمایشگاهی و کارگاهی دکتر محمود حسابی,كارشناسي پيوسته,حضوري,ارائه در سطح گروه آموزشی,,گروه آموزشي کامپيوتر و فناوري اطلاعات(7116330),163 - شيراز(163),163 - شيراز(71163),71 - فارس(71)
4628162051,یکپارچه سازی کاربردهای سازمانی,نظري,3,0,1634254480,,شنبه از 13:15 تا 15:45,ابراهیم بیرقی پناه,,70,,1405/04/15 از 15:00 تا 16:30,مهندسی یک-16,كارشناسي پيوسته,حضوري,ارائه در سطح گروه آموزشی,,گروه آموزشي کامپيوتر و فناوري اطلاعات(7116330),163 - شيراز(163),163 - شيراز(71163),71 - فارس(71)
4628155511,هوش مصنوعی و سیستم های خبره,نظري,3,0,1634254479,,,,,50,,1405/04/10 از 13:00 تا 15:00,,كارشناسي پيوسته,حضوري,ارائه در سطح گروه آموزشی,,گروه آموزشي کامپيوتر و فناوري اطلاعات(7116330),163 - شيراز(163),163 - شيراز(71163),71 - فارس(71)
4628155511,هوش مصنوعی و سیستم های خبره,نظري,3,0,1634254478,,,,,50,,1405/04/10 از 13:00 تا 15:00,,كارشناسي پيوسته,حضوري,ارائه در سطح گروه آموزشی,,گروه آموزشي کامپيوتر و فناوري اطلاعات(7116330),163 - شيراز(163),163 - شيراز(71163),71 - فارس(71)
4628155511,هوش مصنوعی و سیستم های خبره,نظري,3,0,1634254477,,,,,50,,1405/04/10 از 13:00 تا 15:00,,كارشناسي پيوسته,حضوري,ارائه در سطح گروه آموزشی,,گروه آموزشي کامپيوتر و فناوري اطلاعات(7116330),163 - شيراز(163),163 - شيراز(71163),71 - فارس(71)
4628155511,هوش مصنوعی و سیستم های خبره,نظري,3,0,1634254476,,,,,50,,1405/04/10 از 13:00 تا 15:00,,كارشناسي پيوسته,حضوري,ارائه در سطح گروه آموزشی,,گروه آموزشي کامپيوتر و فناوري اطلاعات(7116330),163 - شيراز(163),163 - شيراز(71163),71 - فارس(71)
4628155511,هوش مصنوعی و سیستم های خبره,نظري,3,0,1634254475,,,,,50,,1405/04/10 از 13:00 تا 15:00,,كارشناسي پيوسته,حضوري,ارائه در سطح گروه آموزشی,,گروه آموزشي کامپيوتر و فناوري اطلاعات(7116330),163 - شيراز(163),163 - شيراز(71163),71 - فارس(71)
4628155511,هوش مصنوعی و سیستم های خبره,نظري,3,0,1634254474,,,امین طوسی,,0,,1405/04/10 از 13:00 تا 15:00,,كارشناسي پيوسته,حضوري,ارائه در سطح گروه آموزشی,,گروه آموزشي کامپيوتر و فناوري اطلاعات(7116330),163 - شيراز(163),163 - شيراز(71163),71 - فارس(71)
4628155511,هوش مصنوعی و سیستم های خبره,نظري,3,0,1634254473,,,امین طوسی,,0,,1405/04/10 از 13:00 تا 15:00,,كارشناسي پيوسته,حضوري,ارائه در سطح گروه آموزشی,,گروه آموزشي کامپيوتر و فناوري اطلاعات(7116330),163 - شيراز(163),163 - شيراز(71163),71 - فارس(71)
4628155511,هوش مصنوعی و سیستم های خبره,نظري,3,0,1634254472,,,امین طوسی,,0,,1405/04/10 از 13:00 تا 15:00,,كارشناسي پيوسته,حضوري,ارائه در سطح گروه آموزشی,,گروه آموزشي کامپيوتر و فناوري اطلاعات(7116330),163 - شيراز(163),163 - شيراز(71163),71 - فارس(71)
4628153620,نظریه زبان‌ها و ماشین‌ها,نظري,3,0,1634254471,,شنبه از 07:30 تا 10:15,کاظم براتی مهر,,60,,1405/04/06 از 15:00 تا 16:30,مهندسی یک-118,كارشناسي پيوسته,حضوري,ارائه در سطح گروه آموزشی,,گروه آموزشي کامپيوتر و فناوري اطلاعات(7116330),163 - شيراز(163),163 - شيراز(71163),71 - فارس(71)
4628153620,نظریه زبان‌ها و ماشین‌ها,نظري,3,0,1634254470,,شنبه از 10:15 تا 11:45 شنبه از از ...,کاظم براتی مهر,,60,,1405/04/06 از 15:00 تا 16:30,مهندسی یک-118,كارشناسي پيوسته,حضوري,ارائه در سطح گروه آموزشی,,گروه آموزشي کامپيوتر و فناوري اطلاعات(7116330),163 - شيراز(163),163 - شيراز(71163),71 - فارس(71)
4628153620,نظریه زبان‌ها و ماشین‌ها,نظري,3,0,1634254469,,,,,50,,1405/04/06 از 15:00 تا 16:30,,كارشناسي پيوسته,حضوري,ارائه در سطح گروه آموزشی,,گروه آموزشي کامپيوتر و فناوري اطلاعات(7116330),163 - شيراز(163),163 - شيراز(71163),71 - فارس(71)
4628153620,نظریه زبان‌ها و ماشین‌ها,نظري,3,0,1634254468,,,,,50,,1405/04/06 از 15:00 تا 16:30,,كارشناسي پيوسته,حضوري,ارائه در سطح گروه آموزشی,,گروه آموزشي کامپيوتر و فناوري اطلاعات(7116330),163 - شيراز(163),163 - شيراز(71163),71 - فارس(71)
4628153620,نظریه زبان‌ها و ماشین‌ها,نظري,3,0,1634254467,,,,,50,,1405/04/06 از 15:00 تا 16:30,,كارشناسي پيوسته,حضوري,ارائه در سطح گروه آموزشی,,گروه آموزشي کامپيوتر و فناوري اطلاعات(7116330),163 - شيراز(163),163 - شيراز(71163),71 - فارس(71)
4628153620,نظریه زبان‌ها و ماشین‌ها,نظري,3,0,1634254466,,,,,50,,1405/04/06 از 15:00 تا 16:30,,كارشناسي پيوسته,حضوري,ارائه در سطح گروه آموزشی,,گروه آموزشي کامپيوتر و فناوري اطلاعات(7116330),163 - شيراز(163),163 - شيراز(71163),71 - فارس(71)
4628153620,نظریه زبان‌ها و ماشین‌ها,نظري,3,0,1634254465,,,,,50,,1405/04/06 از 15:00 تا 16:30,,كارشناسي پيوسته,حضوري,ارائه در سطح گروه آموزشی,,گروه آموزشي کامپيوتر و فناوري اطلاعات(7116330),163 - شيراز(163),163 - شيراز(71163),71 - فارس(71)
4628153620,نظریه زبان‌ها و ماشین‌ها,نظري,3,0,1634254464,,,,,50,,1405/04/06 از 15:00 تا 16:30,,كارشناسي پيوسته,حضوري,ارائه در سطح گروه آموزشی,,گروه آموزشي کامپيوتر و فناوري اطلاعات(7116330),163 - شيراز(163),163 - شيراز(71163),71 - فارس(71)
4628164737,مهندسی نرم افزار,نظري,3,0,1634254463,کلاس : 107,يكشنبه از 07:30 تا 10:15,وحید صفاری,,150,,1405/04/09 از 15:00 تا 16:30,مهندسی یک-اول راهرو غربی,كارشناسي پيوسته,حضوري,ارائه در سطح گروه آموزشی,,گروه آموزشي کامپيوتر و فناوري اطلاعات(7116330),163 - شيراز(163),163 - شيراز(71163),71 - فارس(71)
4628164737,مهندسی نرم افزار,نظري,3,0,1634254462,کلاس : 107,يكشنبه از 10:15 تا 11:45 يكشنبه از از ...,وحید صفاری,,150,,1405/04/09 از 15:00 تا 16:30,مهندسی یک-اول راهرو غربی,كارشناسي پيوسته,حضوري,ارائه در سطح گروه آموزشی,,گروه آموزشي کامپيوتر و فناوري اطلاعات(7116330),163 - شيراز(163),163 - شيراز(71163),71 - فارس(71)
4628164737,مهندسی نرم افزار,نظري,3,0,1634254461,,,امین طوسی,,0,,1405/04/09 از 15:00 تا 16:30,,كارشناسي پيوسته,حضوري,ارائه در سطح گروه آموزشی,,گروه آموزشي کامپيوتر و فناوري اطلاعات(7116330),163 - شيراز(163),163 - شيراز(71163),71 - فارس(71)
4628164737,مهندسی نرم افزار,نظري,3,0,1634254460,,,امین طوسی,,0,,1405/04/09 از 15:00 تا 16:30,,كارشناسي پيوسته,حضوري,ارائه در سطح گروه آموزشی,,گروه آموزشي کامپيوتر و فناوري اطلاعات(7116330),163 - شيراز(163),163 - شيراز(71163),71 - فارس(71)
4628151527,مهندسی‌ اینترنت‌,نظري,3,0,1634254459,,پنج شنبه از 13:15 تا 15:45,مهدی صفرپور,,150,,1405/04/09 از 13:00 تا 15:00,مهندسی یک-207,كارشناسي پيوسته,حضوري,ارائه در سطح گروه آموزشی,,گروه آموزشي کامپيوتر و فناوري اطلاعات(7116330),163 - شيراز(163),163 - شيراز(71163),71 - فارس(71)
4628151527,مهندسی‌ اینترنت‌,نظري,3,0,1634254458,,پنج شنبه از 10:15 تا 11:45 پنج شنبه از ...,مهدی صفرپور,,150,,1405/04/09 از 13:00 تا 15:00,مهندسی یک-207,كارشناسي پيوسته,حضوري,ارائه در سطح گروه آموزشی,,گروه آموزشي کامپيوتر و فناوري اطلاعات(7116330),163 - شيراز(163),163 - شيراز(71163),71 - فارس(71)
4628151527,مهندسی‌ اینترنت‌,نظري,3,0,1634254457,,,امین طوسی,,0,,1405/04/09 از 13:00 تا 15:00,,كارشناسي پيوسته,حضوري,ارائه در سطح گروه آموزشی,,گروه آموزشي کامپيوتر و فناوري اطلاعات(7116330),163 - شيراز(163),163 - شيراز(71163),71 - فارس(71)
7000035095,مهارت های نرم شغلی,نظري,2,0,1634254456,,يكشنبه از 09:15 تا 11:00,حسین منعم,,50,,1405/04/11 از 13:00 تا 15:00,مهندسی یک-16,كارشناسي پيوسته,حضوري,ارائه در سطح گروه آموزشی,,گروه آموزشي کامپيوتر و فناوري اطلاعات(7116330),163 - شيراز(163),163 - شيراز(71163),71 - فارس(71)
7000035095,مهارت های نرم شغلی,نظري,2,0,1634254455,,يكشنبه از 12:15 تا 13:15 يكشنبه از از ...,حسین منعم,,50,,1405/04/11 از 13:00 تا 15:00,مهندسی یک-16,كارشناسي پيوسته,حضوري,ارائه در سطح گروه آموزشی,,گروه آموزشي کامپيوتر و فناوري اطلاعات(7116330),163 - شيراز(163),163 - شيراز(71163),71 - فارس(71)
7000035095,مهارت های نرم شغلی,نظري,2,0,1634254454,,يكشنبه از 13:15 تا 15:00,حسین منعم,,50,,1405/04/11 از 13:00 تا 15:00,مهندسی یک-16,كارشناسي پيوسته,حضوري,ارائه در سطح گروه آموزشی,,گروه آموزشي کامپيوتر و فناوري اطلاعات(7116330),163 - شيراز(163),163 - شيراز(71163),71 - فارس(71)
7000035095,مهارت های نرم شغلی,نظري,2,0,1634254453,,يكشنبه از 15:00 تا 16:45,حسین منعم,,50,,1405/04/11 از 13:00 تا 15:00,مهندسی یک-16,كارشناسي پيوسته,حضوري,ارائه در سطح گروه آموزشی,,گروه آموزشي کامپيوتر و فناوري اطلاعات(7116330),163 - شيراز(163),163 - شيراز(71163),71 - فارس(71)
7000035095,مهارت های نرم شغلی,نظري,2,0,1634254452,,سه شنبه از 13:15 تا 15:00,مهدی صفرپور,,50,,1405/04/11 از 13:00 تا 15:00,مهندسی یک-20کارگاه کامپیوتر,كارشناسي پيوسته,حضوري,ارائه در سطح گروه آموزشی,,گروه آموزشي کامپيوتر و فناوري اطلاعات(7116330),163 - شيراز(163),163 - شيراز(71163),71 - فارس(71)
7000035095,مهارت های نرم شغلی,نظري,2,0,1634254451,,سه شنبه از 09:15 تا 11:00,مهدی صفرپور,,150,,1405/04/11 از 13:00 تا 15:00,مهندسی یک-207,كارشناسي پيوسته,حضوري,ارائه در سطح گروه آموزشی,,گروه آموزشي کامپيوتر و فناوري اطلاعات(7116330),163 - شيراز(163),163 - شيراز(71163),71 - فارس(71)
7000035095,مهارت های نرم شغلی,نظري,2,0,1634254450,,سه شنبه از 11:00 تا 11:45 سه شنبه از ...,مهدی صفرپور,,150,,1405/04/11 از 13:00 تا 15:00,مهندسی یک-207,كارشناسي پيوسته,حضوري,ارائه در سطح گروه آموزشی,,گروه آموزشي کامپيوتر و فناوري اطلاعات(7116330),163 - شيراز(163),163 - شيراز(71163),71 - فارس(71)
7000035095,مهارت های نرم شغلی,نظري,2,0,1634254449,,,امین طوسی,,0,,1405/04/11 از 13:00 تا 15:00,,كارشناسي پيوسته,حضوري,ارائه در سطح گروه آموزشی,,گروه آموزشي کامپيوتر و فناوري اطلاعات(7116330),163 - شيراز(163),163 - شيراز(71163),71 - فارس(71)
4628150474,معماری‌ کامپیوتر,نظري,3,0,1634254448,,,,,50,,1405/04/14 از 13:00 تا 15:00,,كارشناسي پيوسته,حضوري,ارائه در سطح گروه آموزشی,,گروه آموزشي کامپيوتر و فناوري اطلاعات(7116330),163 - شيراز(163),163 - شيراز(71163),71 - فارس(71)
4628150474,معماری‌ کامپیوتر,نظري,3,0,1634254447,,,,,50,,1405/04/14 از 13:00 تا 15:00,,كارشناسي پيوسته,حضوري,ارائه در سطح گروه آموزشی,,گروه آموزشي کامپيوتر و فناوري اطلاعات(7116330),163 - شيراز(163),163 - شيراز(71163),71 - فارس(71)
4628150474,معماری‌ کامپیوتر,نظري,3,0,1634254446,,,,,50,,1405/04/14 از 13:00 تا 15:00,,كارشناسي پيوسته,حضوري,ارائه در سطح گروه آموزشی,,گروه آموزشي کامپيوتر و فناوري اطلاعات(7116330),163 - شيراز(163),163 - شيراز(71163),71 - فارس(71)
4628150474,معماری‌ کامپیوتر,نظري,3,0,1634254445,,,,,50,,1405/04/14 از 13:00 تا 15:00,,كارشناسي پيوسته,حضوري,ارائه در سطح گروه آموزشی,,گروه آموزشي کامپيوتر و فناوري اطلاعات(7116330),163 - شيراز(163),163 - شيراز(71163),71 - فارس(71)
7000031541,معماری کامپیوتر,نظري,3,0,1634254444,,يكشنبه از 07:30 تا 10:15,محمد علی تبرزد,,150,,1405/04/14 از 13:00 تا 15:00,مهندسی یک-207,كارشناسي پيوسته,حضوري,ارائه در سطح گروه آموزشی,,گروه آموزشي کامپيوتر و فناوري اطلاعات(7116330),163 - شيراز(163),163 - شيراز(71163),71 - فارس(71)
7000031541,معماری کامپیوتر,نظري,3,0,1634254443,,يكشنبه از 10:15 تا 11:45 يكشنبه از از ...,محمد علی تبرزد,,150,,1405/04/14 از 13:00 تا 15:00,مهندسی یک-207,كارشناسي پيوسته,حضوري,ارائه در سطح گروه آموزشی,,گروه آموزشي کامپيوتر و فناوري اطلاعات(7116330),163 - شيراز(163),163 - شيراز(71163),71 - فارس(71)
7000031541,معماری کامپیوتر,نظري,3,0,1634254442,,شنبه از 13:15 تا 15:45,محسن قنبري زاده,,50,,1405/04/14 از 13:00 تا 15:00,مهندسی یک-118,كارشناسي پيوسته,حضوري,ارائه در سطح گروه آموزشی,,گروه آموزشي کامپيوتر و فناوري اطلاعات(7116330),163 - شيراز(163),163 - شيراز(71163),71 - فارس(71)
7000031541,معماری کامپیوتر,نظري,3,0,1634254441,,پنج شنبه از 07:30 تا 10:15,جواد حسن لي,,50,,1405/04/14 از 13:00 تا 15:00,مهندسی یک-16,كارشناسي پيوسته,حضوري,ارائه در سطح گروه آموزشی,,گروه آموزشي کامپيوتر و فناوري اطلاعات(7116330),163 - شيراز(163),163 - شيراز(71163),71 - فارس(71)
7000031541,معماری کامپیوتر,نظري,3,0,1634254440,,پنج شنبه از 13:15 تا 15:45,جواد حسن لي,,50,,1405/04/14 از 13:00 تا 15:00,مهندسی یک-16,كارشناسي پيوسته,حضوري,ارائه در سطح گروه آموزشی,,گروه آموزشي کامپيوتر و فناوري اطلاعات(7116330),163 - شيراز(163),163 - شيراز(71163),71 - فارس(71)
7000031541,معماری کامپیوتر,نظري,3,0,1634254439,,پنج شنبه از 10:15 تا 11:45 پنج شنبه از ...,جواد حسن لي,,50,,1405/04/14 از 13:00 تا 15:00,مهندسی یک-16,كارشناسي پيوسته,حضوري,ارائه در سطح گروه آموزشی,,گروه آموزشي کامپيوتر و فناوري اطلاعات(7116330),163 - شيراز(163),163 - شيراز(71163),71 - فارس(71)
7000031541,معماری کامپیوتر,نظري,3,0,1634254438,,,امین طوسی,,0,,1405/04/14 از 13:00 تا 15:00,,كارشناسي پيوسته,حضوري,ارائه در سطح گروه آموزشی,,گروه آموزشي کامپيوتر و فناوري اطلاعات(7116330),163 - شيراز(163),163 - شيراز(71163),71 - فارس(71)
7000031541,معماری کامپیوتر,نظري,3,0,1634254437,,,امین طوسی,,0,,1405/04/14 از 13:00 تا 15:00,,كارشناسي پيوسته,حضوري,ارائه در سطح گروه آموزشی,,گروه آموزشي کامپيوتر و فناوري اطلاعات(7116330),163 - شيراز(163),163 - شيراز(71163),71 - فارس(71)
7000031541,معماری کامپیوتر,نظري,3,0,1634254436,,,امین طوسی,,0,,1405/04/14 از 13:00 تا 15:00,,كارشناسي پيوسته,حضوري,ارائه در سطح گروه آموزشی,,گروه آموزشي کامپيوتر و فناوري اطلاعات(7116330),163 - شيراز(163),163 - شيراز(71163),71 - فارس(71)
7000031541,معماری کامپیوتر,نظري,3,0,1634254435,,,امین طوسی,,0,,1405/04/14 از 13:00 تا 15:00,,كارشناسي پيوسته,حضوري,ارائه در سطح گروه آموزشی,,گروه آموزشي کامپيوتر و فناوري اطلاعات(7116330),163 - شيراز(163),163 - شيراز(71163),71 - فارس(71)
7000031541,معماری کامپیوتر,نظري,3,0,1634254434,,,امین طوسی,,0,,1405/04/14 از 13:00 تا 15:00,,كارشناسي پيوسته,حضوري,ارائه در سطح گروه آموزشی,,گروه آموزشي کامپيوتر و فناوري اطلاعات(7116330),163 - شيراز(163),163 - شيراز(71163),71 - فارس(71)
7000031541,معماری کامپیوتر,نظري,3,0,1634254433,,,امین طوسی,,0,,1405/04/14 از 13:00 تا 15:00,,كارشناسي پيوسته,حضوري,ارائه در سطح گروه آموزشی,,گروه آموزشي کامپيوتر و فناوري اطلاعات(7116330),163 - شيراز(163),163 - شيراز(71163),71 - فارس(71)
4609150360,معادلات دیفرانسل,نظري,2,0,1634254405,,شنبه از 07:30 تا 10:15,سارا تیمناک,,30,,1405/04/07 از 10:00 تا 12:00,مهندسی دو-120,كارشناسي پيوسته,حضوري,ارائه در سطح گروه آموزشی,,گروه آموزشي کامپيوتر و فناوري اطلاعات(7116330),163 - شيراز(163),163 - شيراز(71163),71 - فارس(71)
4628148579,مدیریت پروژه های فناوری اطلاعات,نظري,3,0,1634254402,کلاس : 107,پنج شنبه از 07:30 تا 10:15,وحید صفاری,,100,,1405/04/02 از 15:00 تا 16:30,مهندسی یک-اول راهرو غربی,كارشناسي پيوسته,حضوري,ارائه در سطح گروه آموزشی,,گروه آموزشي کامپيوتر و فناوري اطلاعات(7116330),163 - شيراز(163),163 - شيراز(71163),71 - فارس(71)
7000031537,مدارهای منطقی,نظري,3,0,1634254401,,سه شنبه از 07:30 تا 10:15,محمدامین شایگان,,50,,1405/04/10 از 08:00 تا 10:00,مهندسی یک-118,كارشناسي پيوسته,حضوري,ارائه در سطح گروه آموزشی,,گروه آموزشي کامپيوتر و فناوري اطلاعات(7116330),163 - شيراز(163),163 - شيراز(71163),71 - فارس(71)
7000031537,مدارهای منطقی,نظري,3,0,1634254400,,سه شنبه از 13:15 تا 15:45,محمدامین شایگان,,50,,1405/04/10 از 08:00 تا 10:00,مهندسی یک-118,كارشناسي پيوسته,حضوري,ارائه در سطح گروه آموزشی,,گروه آموزشي کامپيوتر و فناوري اطلاعات(7116330),163 - شيراز(163),163 - شيراز(71163),71 - فارس(71)
1884111667,برنامه‌سازی پیشرفته,نظري,3,0,1634254705,,,امین طوسی,,0,,1405/03/10 از 08:00 تا 09:00,,كارشناسي پيوسته,حضوري,ارائه در سطح گروه آموزشی,,گروه آموزشي کامپيوتر و فناوري اطلاعات(7116330),163 - شيراز(163),163 - شيراز(71163),71 - فارس(71)
1884111667,برنامه‌سازی پیشرفته,نظري,3,0,1634254704,,,امین طوسی,,0,,1405/03/10 از 08:00 تا 09:00,,كارشناسي پيوسته,حضوري,ارائه در سطح گروه آموزشی,,گروه آموزشي کامپيوتر و فناوري اطلاعات(7116330),163 - شيراز(163),163 - شيراز(71163),71 - فارس(71)
1884111667,برنامه‌سازی پیشرفته,نظري,3,0,1634254703,,,امین طوسی,,0,,1405/03/10 از 08:00 تا 09:00,,كارشناسي پيوسته,حضوري,ارائه در سطح گروه آموزشی,,گروه آموزشي کامپيوتر و فناوري اطلاعات(7116330),163 - شيراز(163),163 - شيراز(71163),71 - فارس(71)
1884111667,برنامه‌سازی پیشرفته,نظري,3,0,1634254702,,,امین طوسی,,0,,1405/03/10 از 08:00 تا 09:00,,كارشناسي پيوسته,حضوري,ارائه در سطح گروه آموزشی,,گروه آموزشي کامپيوتر و فناوري اطلاعات(7116330),163 - شيراز(163),163 - شيراز(71163),71 - فارس(71)
5990181258,نرم افزارهای توسعه موبایل,عملي,0,1,7708,,شنبه از 12:30 تا 14:00,فهیمه تجرد,,35,,1405/03/16 از 08:00 تا 10:00,مهارتی -کامپیوتر2,کاردانی پیوسته,حضوري,ارائه در سطح گروه آموزشی,,گروه آموزشي کامپيوتر و فناوري اطلاعات(7116330),163 - شيراز(163),163 - شيراز(71163),71 - فارس(71)
5990147565,محیط‌ های‌ چندرسانه‌ ای‌,نظري_عملي,1,1,7707,,سه شنبه از 17:00 تا 20:00,علی حسینی,,35,,1405/03/27 از 08:00 تا 10:00,مهارتی -کامپیوتر4,کاردانی پیوسته,حضوري,ارائه در سطح گروه آموزشی,,گروه آموزشي کامپيوتر و فناوري اطلاعات(7116330),163 - شيراز(163),163 - شيراز(71163),71 - فارس(71)
5990171998,تجزیه و تحلیل سیستم ها,نظري,2,0,7705,,يكشنبه از 09:15 تا 11:00,سیده آسیه عباسی,,35,,1405/03/31 از 08:00 تا 10:00,مهارتی -کامپیوتر4,کاردانی پیوسته,حضوري,ارائه در سطح گروه آموزشی,,گروه آموزشي کامپيوتر و فناوري اطلاعات(7116330),163 - شيراز(163),163 - شيراز(71163),71 - فارس(71)
5990111667,برنامه‌سازی پیشرفته,نظري_عملي,1,1,7704,,شنبه از 10:00 تا 12:30,فهیمه تجرد,,35,,1405/03/30 از 08:00 تا 10:00,مهارتی -کامپیوتر2,کاردانی پیوسته,حضوري,ارائه در سطح گروه آموزشی,,گروه آموزشي کامپيوتر و فناوري اطلاعات(7116330),163 - شيراز(163),163 - شيراز(71163),71 - فارس(71)
7000004963,بسته های نرم افزاری,نظري,2,0,7703,,يكشنبه از 07:30 تا 09:15,سیده آسیه عباسی,,35,,1405/03/26 از 08:00 تا 10:00,مهارتی -کامپیوتر4,کاردانی پیوسته,حضوري,ارائه در سطح گروه آموزشی,,گروه آموزشي کامپيوتر و فناوري اطلاعات(7116330),163 - شيراز(163),163 - شيراز(71163),71 - فارس(71)
1395134775,سیستم عامل,نظري,3,0,7702,,يكشنبه از 14:30 تا 17:00,سید سجاد موید,,35,,1405/03/24 از 08:00 تا 10:00,مهارتی -کامپیوتر4,کاردانی پیوسته,حضوري,ارائه در سطح گروه آموزشی,,گروه آموزشي کامپيوتر و فناوري اطلاعات(7116330),163 - شيراز(163),163 - شيراز(71163),71 - فارس(71)
1197171567,مبانی برنامه نویسی کامپیوتر,نظري,2,0,7701,,يكشنبه از 11:00 تا 12:45,سیده آسیه عباسی,,30,,1405/03/23 از 08:00 تا 10:00,مهارتی -کامپیوتر2,کاردانی پیوسته,حضوري,ارائه در سطح گروه آموزشی,,گروه آموزشي کامپيوتر و فناوري اطلاعات(7116330),163 - شيراز(163),163 - شيراز(71163),71 - فارس(71)
7000031563,بازیابی اطلاعات,نظري,3,0,1634254676,,دوشنبه از 13:15 تا 15:45,مهدی محرابی,,50,,1405/04/15 از 08:00 تا 10:00,مهندسی یک-207,كارشناسي پيوسته,حضوري,ارائه در سطح گروه آموزشی,,گروه آموزشي کامپيوتر و فناوري اطلاعات(7116330),163 - شيراز(163),163 - شيراز(71163),71 - فارس(71)
7000031563,بازیابی اطلاعات,نظري,3,0,1634254675,,,امین طوسی,,0,,1405/04/15 از 08:00 تا 10:00,,كارشناسي پيوسته,حضوري,ارائه در سطح گروه آموزشی,,گروه آموزشي کامپيوتر و فناوري اطلاعات(7116330),163 - شيراز(163),163 - شيراز(71163),71 - فارس(71)
7000031563,بازیابی اطلاعات,نظري,3,0,1634254674,,,امین طوسی,,0,,1405/04/15 از 08:00 تا 10:00,,كارشناسي پيوسته,حضوري,ارائه در سطح گروه آموزشی,,گروه آموزشي کامپيوتر و فناوري اطلاعات(7116330),163 - شيراز(163),163 - شيراز(71163),71 - فارس(71)
7000031563,بازیابی اطلاعات,نظري,3,0,1634254673,,,,,15,,1405/04/15 از 08:00 تا 10:00,,كارشناسي پيوسته,حضوري,ارائه در سطح گروه آموزشی,,گروه آموزشي کامپيوتر و فناوري اطلاعات(7116330),163 - شيراز(163),163 - شيراز(71163),71 - فارس(71)
7000031561,طراحی پایگاه داده ها,نظري,3,0,1634254672,,سه شنبه از 07:30 تا 10:15,زهراء آگاه,,50,,1405/04/16 از 08:00 تا 10:00,مهندسی یک-15,كارشناسي پيوسته,حضوري,ارائه در سطح گروه آموزشی,,گروه آموزشي کامپيوتر و فناوري اطلاعات(7116330),163 - شيراز(163),163 - شيراز(71163),71 - فارس(71)
7000031561,طراحی پایگاه داده ها,نظري,3,0,1634254671,,پنج شنبه از 13:15 تا 15:45,سیامک طباطبایی,,50,,1405/04/16 از 08:00 تا 10:00,مهندسی یک-118,كارشناسي پيوسته,حضوري,ارائه در سطح گروه آموزشی,,گروه آموزشي کامپيوتر و فناوري اطلاعات(7116330),163 - شيراز(163),163 - شيراز(71163),71 - فارس(71)
7000031561,طراحی پایگاه داده ها,نظري,3,0,1634254670,,پنج شنبه از 15:45 تا 18:30,سیامک طباطبایی,,50,,1405/04/16 از 08:00 تا 10:00,مهندسی یک-110,كارشناسي پيوسته,حضوري,ارائه در سطح گروه آموزشی,,گروه آموزشي کامپيوتر و فناوري اطلاعات(7116330),163 - شيراز(163),163 - شيراز(71163),71 - فارس(71)
7000031561,طراحی پایگاه داده ها,نظري,3,0,1634254669,,,امین طوسی,,0,,1405/04/16 از 08:00 تا 10:00,,كارشناسي پيوسته,حضوري,ارائه در سطح گروه آموزشی,,گروه آموزشي کامپيوتر و فناوري اطلاعات(7116330),163 - شيراز(163),163 - شيراز(71163),71 - فارس(71)
7000031561,طراحی پایگاه داده ها,نظري,3,0,1634254668,کلاس : 107,سه شنبه از 07:30 تا 10:15,وحید صفاری,,100,,1405/04/16 از 08:00 تا 10:00,مهندسی یک-اول راهرو غربی,كارشناسي پيوسته,حضوري,ارائه در سطح گروه آموزشی,,گروه آموزشي کامپيوتر و فناوري اطلاعات(7116330),163 - شيراز(163),163 - شيراز(71163),71 - فارس(71)
7000031561,طراحی پایگاه داده ها,نظري,3,0,1634254667,کلاس : 107,سه شنبه از 10:15 تا 11:45 سه شنبه از ...,وحید صفاری,,100,,1405/04/16 از 08:00 تا 10:00,مهندسی یک-اول راهرو غربی,كارشناسي پيوسته,حضوري,ارائه در سطح گروه آموزشی,,گروه آموزشي کامپيوتر و فناوري اطلاعات(7116330),163 - شيراز(163),163 - شيراز(71163),71 - فارس(71)
7000031561,طراحی پایگاه داده ها,نظري,3,0,1634254666,,چهارشنبه از 13:15 تا 15:45,مهسا فربودنياي جهرمي,,50,,1405/04/16 از 08:00 تا 10:00,مهندسی یک-315,كارشناسي پيوسته,حضوري,ارائه در سطح گروه آموزشی,,گروه آموزشي کامپيوتر و فناوري اطلاعات(7116330),163 - شيراز(163),163 - شيراز(71163),71 - فارس(71)
7000031561,طراحی پایگاه داده ها,نظري,3,0,1634254665,,,امین طوسی,,0,,1405/04/16 از 08:00 تا 10:00,,كارشناسي پيوسته,حضوري,ارائه در سطح گروه آموزشی,,گروه آموزشي کامپيوتر و فناوري اطلاعات(7116330),163 - شيراز(163),163 - شيراز(71163),71 - فارس(71)
7000031561,طراحی پایگاه داده ها,نظري,3,0,1634254664,,,امین طوسی,,0,,1405/04/16 از 08:00 تا 10:00,,كارشناسي پيوسته,حضوري,ارائه در سطح گروه آموزشی,,گروه آموزشي کامپيوتر و فناوري اطلاعات(7116330),163 - شيراز(163),163 - شيراز(71163),71 - فارس(71)
7000031561,طراحی پایگاه داده ها,نظري,3,0,1634254663,,,امین طوسی,,0,,1405/04/16 از 08:00 تا 10:00,,كارشناسي پيوسته,حضوري,ارائه در سطح گروه آموزشی,,گروه آموزشي کامپيوتر و فناوري اطلاعات(7116330),163 - شيراز(163),163 - شيراز(71163),71 - فارس(71)
7000031549,تحلیل و طراحی نرم افزار,نظري,3,0,1634254662,,دوشنبه از 07:30 تا 10:15,صفیه قاسمی,,50,,1405/04/14 از 15:00 تا 16:30,مهندسی یک-220,كارشناسي پيوسته,حضوري,ارائه در سطح گروه آموزشی,,گروه آموزشي کامپيوتر و فناوري اطلاعات(7116330),163 - شيراز(163),163 - شيراز(71163),71 - فارس(71)
7000031549,تحلیل و طراحی نرم افزار,نظري,3,0,1634254661,,دوشنبه از 10:15 تا 11:45 دوشنبه از از ...,صفیه قاسمی,,50,,1405/04/14 از 15:00 تا 16:30,مهندسی یک-220,كارشناسي پيوسته,حضوري,ارائه در سطح گروه آموزشی,,گروه آموزشي کامپيوتر و فناوري اطلاعات(7116330),163 - شيراز(163),163 - شيراز(71163),71 - فارس(71)
7000031549,تحلیل و طراحی نرم افزار,نظري,3,0,1634254660,,سه شنبه از 10:15 تا 11:45 سه شنبه از ...,صفیه قاسمی,,50,,1405/04/14 از 15:00 تا 16:30,مهندسی یک-220,كارشناسي پيوسته,حضوري,ارائه در سطح گروه آموزشی,,گروه آموزشي کامپيوتر و فناوري اطلاعات(7116330),163 - شيراز(163),163 - شيراز(71163),71 - فارس(71)
7000031549,تحلیل و طراحی نرم افزار,نظري,3,0,1634254659,,سه شنبه از 13:15 تا 15:45,صفیه قاسمی,,50,,1405/04/14 از 15:00 تا 16:30,مهندسی یک-220,كارشناسي پيوسته,حضوري,ارائه در سطح گروه آموزشی,,گروه آموزشي کامپيوتر و فناوري اطلاعات(7116330),163 - شيراز(163),163 - شيراز(71163),71 - فارس(71)
7000031549,تحلیل و طراحی نرم افزار,نظري,3,0,1634254658,,سه شنبه از 15:45 تا 18:30,صفیه قاسمی,,50,,1405/04/14 از 15:00 تا 16:30,مهندسی یک-220,كارشناسي پيوسته,حضوري,ارائه در سطح گروه آموزشی,,گروه آموزشي کامپيوتر و فناوري اطلاعات(7116330),163 - شيراز(163),163 - شيراز(71163),71 - فارس(71)
7000031549,تحلیل و طراحی نرم افزار,نظري,3,0,1634254657,,چهارشنبه از 15:45 تا 18:30,صفیه قاسمی,,50,,1405/04/14 از 15:00 تا 16:30,مهندسی یک-110,كارشناسي پيوسته,حضوري,ارائه در سطح گروه آموزشی,,گروه آموزشي کامپيوتر و فناوري اطلاعات(7116330),163 - شيراز(163),163 - شيراز(71163),71 - فارس(71)
7000031549,تحلیل و طراحی نرم افزار,نظري,3,0,1634254656,,پنج شنبه از 13:15 تا 15:45,مریم ابراهیم نژاد,,50,,1405/04/14 از 15:00 تا 16:30,مهندسی یک-15,كارشناسي پيوسته,حضوري,ارائه در سطح گروه آموزشی,,گروه آموزشي کامپيوتر و فناوري اطلاعات(7116330),163 - شيراز(163),163 - شيراز(71163),71 - فارس(71)
7000031549,تحلیل و طراحی نرم افزار,نظري,3,0,1634254655,,چهارشنبه از 13:15 تا 15:45,صفیه قاسمی,,50,,1405/04/14 از 15:00 تا 16:30,مهندسی یک-110,كارشناسي پيوسته,حضوري,ارائه در سطح گروه آموزشی,,گروه آموزشي کامپيوتر و فناوري اطلاعات(7116330),163 - شيراز(163),163 - شيراز(71163),71 - فارس(71)
7000031549,تحلیل و طراحی نرم افزار,نظري,3,0,1634254654,,پنج شنبه از 10:15 تا 11:45 پنج شنبه از ...,عادل جهانبانی,,50,,1405/04/14 از 15:00 تا 16:30,مهندسی یک-110,كارشناسي پيوسته,حضوري,ارائه در سطح گروه آموزشی,,گروه آموزشي کامپيوتر و فناوري اطلاعات(7116330),163 - شيراز(163),163 - شيراز(71163),71 - فارس(71)
7000031549,تحلیل و طراحی نرم افزار,نظري,3,0,1634254653,,پنج شنبه از 07:30 تا 10:15,عادل جهانبانی,,50,,1405/04/14 از 15:00 تا 16:30,مهندسی یک-110,كارشناسي پيوسته,حضوري,ارائه در سطح گروه آموزشی,,گروه آموزشي کامپيوتر و فناوري اطلاعات(7116330),163 - شيراز(163),163 - شيراز(71163),71 - فارس(71)
7000031552,زبان تخصصی کامپیوتر,نظري,2,0,1634254652,,سه شنبه از 13:15 تا 15:00,ايمان سيمائي,,50,,1405/04/11 از 08:00 تا 10:00,مهندسی یک-110,كارشناسي پيوسته,حضوري,ارائه در سطح گروه آموزشی,,گروه آموزشي کامپيوتر و فناوري اطلاعات(7116330),163 - شيراز(163),163 - شيراز(71163),71 - فارس(71)
7000031552,زبان تخصصی کامپیوتر,نظري,2,0,1634254651,,سه شنبه از 15:00 تا 16:45,ايمان سيمائي,,50,,1405/04/11 از 08:00 تا 10:00,مهندسی یک-110,كارشناسي پيوسته,حضوري,ارائه در سطح گروه آموزشی,,گروه آموزشي کامپيوتر و فناوري اطلاعات(7116330),163 - شيراز(163),163 - شيراز(71163),71 - فارس(71)
7000031552,زبان تخصصی کامپیوتر,نظري,2,0,1634254650,,سه شنبه از 16:45 تا 18:30,ايمان سيمائي,,50,,1405/04/11 از 08:00 تا 10:00,مهندسی یک-110,كارشناسي پيوسته,حضوري,ارائه در سطح گروه آموزشی,,گروه آموزشي کامپيوتر و فناوري اطلاعات(7116330),163 - شيراز(163),163 - شيراز(71163),71 - فارس(71)
7000031552,زبان تخصصی کامپیوتر,نظري,2,0,1634254649,,دوشنبه از 07:30 تا 09:15,امين ساعدي,,50,,1405/04/11 از 08:00 تا 10:00,مهندسی یک-219,كارشناسي پيوسته,حضوري,ارائه در سطح گروه آموزشی,,گروه آموزشي کامپيوتر و فناوري اطلاعات(7116330),163 - شيراز(163),163 - شيراز(71163),71 - فارس(71)
7000031552,زبان تخصصی کامپیوتر,نظري,2,0,1634254648,,دوشنبه از 09:15 تا 11:00,امين ساعدي,,50,,1405/04/11 از 08:00 تا 10:00,مهندسی یک-219,كارشناسي پيوسته,حضوري,ارائه در سطح گروه آموزشی,,گروه آموزشي کامپيوتر و فناوري اطلاعات(7116330),163 - شيراز(163),163 - شيراز(71163),71 - فارس(71)
7000031552,زبان تخصصی کامپیوتر,نظري,2,0,1634254647,,دوشنبه از 11:00 تا 11:45 دوشنبه از از ...,امين ساعدي,,50,,1405/04/11 از 08:00 تا 10:00,مهندسی یک-219,كارشناسي پيوسته,حضوري,ارائه در سطح گروه آموزشی,,گروه آموزشي کامپيوتر و فناوري اطلاعات(7116330),163 - شيراز(163),163 - شيراز(71163),71 - فارس(71)
7000031543,نظریه زبان ها و ماشین ها,نظري,3,0,1634254646,,سه شنبه از 13:15 تا 15:45,غلامرضا ستوده,,70,,1405/04/06 از 15:00 تا 16:30,مهندسی یک-320,كارشناسي پيوسته,حضوري,ارائه در سطح گروه آموزشی,,گروه آموزشي کامپيوتر و فناوري اطلاعات(7116330),163 - شيراز(163),163 - شيراز(71163),71 - فارس(71)
7000031543,نظریه زبان ها و ماشین ها,نظري,3,0,1634254645,,دوشنبه از 13:15 تا 15:45,غلامرضا ستوده,,70,,1405/04/06 از 15:00 تا 16:30,مهندسی یک-320,كارشناسي پيوسته,حضوري,ارائه در سطح گروه آموزشی,,گروه آموزشي کامپيوتر و فناوري اطلاعات(7116330),163 - شيراز(163),163 - شيراز(71163),71 - فارس(71)
7000031543,نظریه زبان ها و ماشین ها,نظري,3,0,1634254644,,پنج شنبه از 07:30 تا 10:15,مریم ابراهیم نژاد,,70,,1405/04/06 از 15:00 تا 16:30,مهندسی یک-15,كارشناسي پيوسته,حضوري,ارائه در سطح گروه آموزشی,,گروه آموزشي کامپيوتر و فناوري اطلاعات(7116330),163 - شيراز(163),163 - شيراز(71163),71 - فارس(71)
7000031543,نظریه زبان ها و ماشین ها,نظري,3,0,1634254643,,پنج شنبه از 10:15 تا 11:45 پنج شنبه از ...,مریم ابراهیم نژاد,,70,,1405/04/06 از 15:00 تا 16:30,مهندسی یک-15,كارشناسي پيوسته,حضوري,ارائه در سطح گروه آموزشی,,گروه آموزشي کامپيوتر و فناوري اطلاعات(7116330),163 - شيراز(163),163 - شيراز(71163),71 - فارس(71)
7000031543,نظریه زبان ها و ماشین ها,نظري,3,0,1634254642,,يكشنبه از 13:15 تا 15:45,عبدالکریم جوانمردی,,70,,1405/04/06 از 15:00 تا 16:30,مهندسی یک-109,كارشناسي پيوسته,حضوري,ارائه در سطح گروه آموزشی,,گروه آموزشي کامپيوتر و فناوري اطلاعات(7116330),163 - شيراز(163),163 - شيراز(71163),71 - فارس(71)
7000031543,نظریه زبان ها و ماشین ها,نظري,3,0,1634254641,,يكشنبه از 15:45 تا 18:30,عبدالکریم جوانمردی,,70,,1405/04/06 از 15:00 تا 16:30,مهندسی یک-110,كارشناسي پيوسته,حضوري,ارائه در سطح گروه آموزشی,,گروه آموزشي کامپيوتر و فناوري اطلاعات(7116330),163 - شيراز(163),163 - شيراز(71163),71 - فارس(71)
7000031543,نظریه زبان ها و ماشین ها,نظري,3,0,1634254640,,شنبه از 10:15 تا 11:45 شنبه از از ...,کاظم براتی مهر,,65,,1405/04/06 از 15:00 تا 16:30,مهندسی یک-118,كارشناسي پيوسته,حضوري,ارائه در سطح گروه آموزشی,,گروه آموزشي کامپيوتر و فناوري اطلاعات(7116330),163 - شيراز(163),163 - شيراز(71163),71 - فارس(71)
7000031543,نظریه زبان ها و ماشین ها,نظري,3,0,1634254639,,شنبه از 07:30 تا 10:15,کاظم براتی مهر,,65,,1405/04/06 از 15:00 تا 16:30,مهندسی یک-118,كارشناسي پيوسته,حضوري,ارائه در سطح گروه آموزشی,,گروه آموزشي کامپيوتر و فناوري اطلاعات(7116330),163 - شيراز(163),163 - شيراز(71163),71 - فارس(71)
7000031542,طراحی سیستم های دیجیتال,نظري,3,0,1634254638,,,امین طوسی,,0,,1405/04/18 از 13:00 تا 15:00,,كارشناسي پيوسته,حضوري,ارائه در سطح گروه آموزشی,,گروه آموزشي کامپيوتر و فناوري اطلاعات(7116330),163 - شيراز(163),163 - شيراز(71163),71 - فارس(71)
7000031542,طراحی سیستم های دیجیتال,نظري,3,0,1634254637,,چهارشنبه از 13:15 تا 15:45,مرجان افشار,,100,,1405/04/18 از 13:00 تا 15:00,مهندسی یک-207,كارشناسي پيوسته,حضوري,ارائه در سطح گروه آموزشی,,گروه آموزشي کامپيوتر و فناوري اطلاعات(7116330),163 - شيراز(163),163 - شيراز(71163),71 - فارس(71)
7000031542,طراحی سیستم های دیجیتال,نظري,3,0,1634254636,,چهارشنبه از 10:15 تا 11:45 چهارشنبه از ...,مرجان افشار,,100,,1405/04/18 از 13:00 تا 15:00,مهندسی یک-207,كارشناسي پيوسته,حضوري,ارائه در سطح گروه آموزشی,,گروه آموزشي کامپيوتر و فناوري اطلاعات(7116330),163 - شيراز(163),163 - شيراز(71163),71 - فارس(71)
7000031542,طراحی سیستم های دیجیتال,نظري,3,0,1634254635,,چهارشنبه از 07:30 تا 10:15,مرجان افشار,,100,,1405/04/18 از 13:00 تا 15:00,مهندسی یک-207,كارشناسي پيوسته,حضوري,ارائه در سطح گروه آموزشی,,گروه آموزشي کامپيوتر و فناوري اطلاعات(7116330),163 - شيراز(163),163 - شيراز(71163),71 - فارس(71)
7000031528,ریاضی عمومی 2,نظري,3,0,1634254630,,,,,50,,1405/04/13 از 10:00 تا 12:00,,كارشناسي پيوسته,حضوري,ارائه در سطح گروه آموزشی,,گروه آموزشي کامپيوتر و فناوري اطلاعات(7116330),163 - شيراز(163),163 - شيراز(71163),71 - فارس(71)
7000031528,ریاضی عمومی 2,نظري,3,0,1634254617,,,امین طوسی,,0,,1405/04/13 از 10:00 تا 12:00,,كارشناسي پيوسته,حضوري,ارائه در سطح گروه آموزشی,,گروه آموزشي کامپيوتر و فناوري اطلاعات(7116330),163 - شيراز(163),163 - شيراز(71163),71 - فارس(71)
7000031528,ریاضی عمومی 2,نظري,3,0,1634254616,,,امین طوسی,,0,,1405/04/13 از 10:00 تا 12:00,,كارشناسي پيوسته,حضوري,ارائه در سطح گروه آموزشی,,گروه آموزشي کامپيوتر و فناوري اطلاعات(7116330),163 - شيراز(163),163 - شيراز(71163),71 - فارس(71)
7000031528,ریاضی عمومی 2,نظري,3,0,1634254615,,,امین طوسی,,0,,1405/04/13 از 10:00 تا 12:00,,كارشناسي پيوسته,حضوري,ارائه در سطح گروه آموزشی,,گروه آموزشي کامپيوتر و فناوري اطلاعات(7116330),163 - شيراز(163),163 - شيراز(71163),71 - فارس(71)
7000031586,آداب فناوری اطلاعات,نظري,3,0,1634254614,,,,,50,,1405/04/17 از 15:00 تا 16:30,,كارشناسي پيوسته,حضوري,ارائه در سطح گروه آموزشی,,گروه آموزشي کامپيوتر و فناوري اطلاعات(7116330),163 - شيراز(163),163 - شيراز(71163),71 - فارس(71)
7000031586,آداب فناوری اطلاعات,نظري,3,0,1634254613,,,,,50,,1405/04/17 از 15:00 تا 16:30,,كارشناسي پيوسته,حضوري,ارائه در سطح گروه آموزشی,,گروه آموزشي کامپيوتر و فناوري اطلاعات(7116330),163 - شيراز(163),163 - شيراز(71163),71 - فارس(71)
7000031545,هوش مصنوعی,نظري,3,0,1634254569,کلاس : 107,دوشنبه از 07:30 تا 10:15,الهام پروین نیا,,100,,1405/04/10 از 13:00 تا 15:00,مهندسی یک-اول راهرو غربی,كارشناسي پيوسته,حضوري,ارائه در سطح گروه آموزشی,,گروه آموزشي کامپيوتر و فناوري اطلاعات(7116330),163 - شيراز(163),163 - شيراز(71163),71 - فارس(71)
7000031545,هوش مصنوعی,نظري,3,0,1634254568,کلاس 107,دوشنبه از 10:15 تا 11:45 دوشنبه از از ...,الهام پروین نیا,,100,,1405/04/10 از 13:00 تا 15:00,مهندسی یک-اول راهرو غربی,كارشناسي پيوسته,حضوري,ارائه در سطح گروه آموزشی,,گروه آموزشي کامپيوتر و فناوري اطلاعات(7116330),163 - شيراز(163),163 - شيراز(71163),71 - فارس(71)
7000031545,هوش مصنوعی,نظري,3,0,1634254567,,يكشنبه از 13:15 تا 15:45,حامد خداپرست,,50,,1405/04/10 از 13:00 تا 15:00,مهندسی یک-220,كارشناسي پيوسته,حضوري,ارائه در سطح گروه آموزشی,,گروه آموزشي کامپيوتر و فناوري اطلاعات(7116330),163 - شيراز(163),163 - شيراز(71163),71 - فارس(71)
7000031545,هوش مصنوعی,نظري,3,0,1634254566,,يكشنبه از 15:45 تا 18:30,حامد خداپرست,,50,,1405/04/10 از 13:00 تا 15:00,مهندسی یک-220,كارشناسي پيوسته,حضوري,ارائه در سطح گروه آموزشی,,گروه آموزشي کامپيوتر و فناوري اطلاعات(7116330),163 - شيراز(163),163 - شيراز(71163),71 - فارس(71)
7000031545,هوش مصنوعی,نظري,3,0,1634254565,,سه شنبه از 13:15 تا 15:45,حامد خداپرست,,50,,1405/04/10 از 13:00 تا 15:00,مهندسی یک-207,كارشناسي پيوسته,حضوري,ارائه در سطح گروه آموزشی,,گروه آموزشي کامپيوتر و فناوري اطلاعات(7116330),163 - شيراز(163),163 - شيراز(71163),71 - فارس(71)
7000031545,هوش مصنوعی,نظري,3,0,1634254564,,,امین طوسی,,0,,1405/04/10 از 13:00 تا 15:00,,كارشناسي پيوسته,حضوري,ارائه در سطح گروه آموزشی,,گروه آموزشي کامپيوتر و فناوري اطلاعات(7116330),163 - شيراز(163),163 - شيراز(71163),71 - فارس(71)
7000031545,هوش مصنوعی,نظري,3,0,1634254563,,,امین طوسی,,0,,1405/04/10 از 13:00 تا 15:00,,كارشناسي پيوسته,حضوري,ارائه در سطح گروه آموزشی,,گروه آموزشي کامپيوتر و فناوري اطلاعات(7116330),163 - شيراز(163),163 - شيراز(71163),71 - فارس(71)
7000031545,هوش مصنوعی,نظري,3,0,1634254562,,,امین طوسی,,0,,1405/04/10 از 13:00 تا 15:00,,كارشناسي پيوسته,حضوري,ارائه در سطح گروه آموزشی,,گروه آموزشي کامپيوتر و فناوري اطلاعات(7116330),163 - شيراز(163),163 - شيراز(71163),71 - فارس(71)
7000031547,سیستم های عامل,نظري,3,0,1634254561,,يكشنبه از 07:30 تا 10:15,علي فرزانه مهر,,50,,1405/04/07 از 08:00 تا 10:00,مهندسی یک-219,كارشناسي پيوسته,حضوري,ارائه در سطح گروه آموزشی,,گروه آموزشي کامپيوتر و فناوري اطلاعات(7116330),163 - شيراز(163),163 - شيراز(71163),71 - فارس(71)
7000031547,سیستم های عامل,نظري,3,0,1634254560,,چهارشنبه از 13:15 تا 15:45,مسلم رضازاده چگینی,,30,,1405/04/07 از 08:00 تا 10:00,مهندسی یک- 18کارگاه کامپیوتر,كارشناسي پيوسته,حضوري,ارائه در سطح گروه آموزشی,,گروه آموزشي کامپيوتر و فناوري اطلاعات(7116330),163 - شيراز(163),163 - شيراز(71163),71 - فارس(71)
7000031547,سیستم های عامل,نظري,3,0,1634254559,,,امین طوسی,,0,,1405/04/07 از 08:00 تا 10:00,,كارشناسي پيوسته,حضوري,ارائه در سطح گروه آموزشی,,گروه آموزشي کامپيوتر و فناوري اطلاعات(7116330),163 - شيراز(163),163 - شيراز(71163),71 - فارس(71)
7000031547,سیستم های عامل,نظري,3,0,1634254558,,دوشنبه از 13:15 تا 15:45,محمد بانشی,,50,,1405/04/07 از 08:00 تا 10:00,مهندسی یک-219,كارشناسي پيوسته,حضوري,ارائه در سطح گروه آموزشی,,گروه آموزشي کامپيوتر و فناوري اطلاعات(7116330),163 - شيراز(163),163 - شيراز(71163),71 - فارس(71)
7000031547,سیستم های عامل,نظري,3,0,1634254557,,دوشنبه از 15:45 تا 18:30,محمد بانشی,,50,,1405/04/07 از 08:00 تا 10:00,مهندسی یک-219,كارشناسي پيوسته,حضوري,ارائه در سطح گروه آموزشی,,گروه آموزشي کامپيوتر و فناوري اطلاعات(7116330),163 - شيراز(163),163 - شيراز(71163),71 - فارس(71)
7000031547,سیستم های عامل,نظري,3,0,1634254556,,دوشنبه از 10:15 تا 11:45 دوشنبه از از ...,ساره راجی اسدابادی,,50,,1405/04/07 از 08:00 تا 10:00,مهندسی یک-209,كارشناسي پيوسته,حضوري,ارائه در سطح گروه آموزشی,,گروه آموزشي کامپيوتر و فناوري اطلاعات(7116330),163 - شيراز(163),163 - شيراز(71163),71 - فارس(71)
7000031547,سیستم های عامل,نظري,3,0,1634254555,,سه شنبه از 13:15 تا 15:45,مسلم رضازاده چگینی,,50,,1405/04/07 از 08:00 تا 10:00,مهندسی یک- 18کارگاه کامپیوتر,كارشناسي پيوسته,حضوري,ارائه در سطح گروه آموزشی,,گروه آموزشي کامپيوتر و فناوري اطلاعات(7116330),163 - شيراز(163),163 - شيراز(71163),71 - فارس(71)
7000031547,سیستم های عامل,نظري,3,0,1634254554,,سه شنبه از 15:45 تا 18:30,مسلم رضازاده چگینی,,50,,1405/04/07 از 08:00 تا 10:00,مهندسی یک-118,كارشناسي پيوسته,حضوري,ارائه در سطح گروه آموزشی,,گروه آموزشي کامپيوتر و فناوري اطلاعات(7116330),163 - شيراز(163),163 - شيراز(71163),71 - فارس(71)
7000031547,سیستم های عامل,نظري,3,0,1634254553,,,امین اسکندری,,0,,1405/04/07 از 08:00 تا 10:00,,كارشناسي پيوسته,حضوري,ارائه در سطح گروه آموزشی,,گروه آموزشي کامپيوتر و فناوري اطلاعات(7116330),163 - شيراز(163),163 - شيراز(71163),71 - فارس(71)
7000031547,سیستم های عامل,نظري,3,0,1634254552,,چهارشنبه از 15:45 تا 18:30,مسلم رضازاده چگینی,,50,,1405/04/07 از 08:00 تا 10:00,مهندسی یک-315,كارشناسي پيوسته,حضوري,ارائه در سطح گروه آموزشی,,گروه آموزشي کامپيوتر و فناوري اطلاعات(7116330),163 - شيراز(163),163 - شيراز(71163),71 - فارس(71)
7000031559,طراحی الگوریتم ها,نظري,3,0,1634254551,,شنبه از 07:30 تا 10:15,محمدرضا فرهمند,,50,,1405/04/17 از 08:00 تا 10:00,مهندسی یک-110,كارشناسي پيوسته,حضوري,ارائه در سطح گروه آموزشی,,گروه آموزشي کامپيوتر و فناوري اطلاعات(7116330),163 - شيراز(163),163 - شيراز(71163),71 - فارس(71)
7000031559,طراحی الگوریتم ها,نظري,3,0,1634254550,,شنبه از 10:15 تا 11:45 شنبه از از ...,محمدرضا فرهمند,,50,,1405/04/17 از 08:00 تا 10:00,مهندسی یک-110,كارشناسي پيوسته,حضوري,ارائه در سطح گروه آموزشی,,گروه آموزشي کامپيوتر و فناوري اطلاعات(7116330),163 - شيراز(163),163 - شيراز(71163),71 - فارس(71)
7000031559,طراحی الگوریتم ها,نظري,3,0,1634254549,استاد : نیکنام,شنبه از 13:15 تا 15:45,فرزاد قهرمانی,,50,,1405/04/17 از 08:00 تا 10:00,مهندسی یک-210,كارشناسي پيوسته,حضوري,ارائه در سطح گروه آموزشی,,گروه آموزشي کامپيوتر و فناوري اطلاعات(7116330),163 - شيراز(163),163 - شيراز(71163),71 - فارس(71)
7000031559,طراحی الگوریتم ها,نظري,3,0,1634254548,استاد : نیکنام,شنبه از 15:45 تا 18:30,فرزاد قهرمانی,,50,,1405/04/17 از 08:00 تا 10:00,مهندسی یک-210,كارشناسي پيوسته,حضوري,ارائه در سطح گروه آموزشی,,گروه آموزشي کامپيوتر و فناوري اطلاعات(7116330),163 - شيراز(163),163 - شيراز(71163),71 - فارس(71)
7000031559,طراحی الگوریتم ها,نظري,3,0,1634254547,,دوشنبه از 15:45 تا 18:30,ميلاد نيک نام,,50,,1405/04/17 از 08:00 تا 10:00,مهندسی یک-209,كارشناسي پيوسته,حضوري,ارائه در سطح گروه آموزشی,,گروه آموزشي کامپيوتر و فناوري اطلاعات(7116330),163 - شيراز(163),163 - شيراز(71163),71 - فارس(71)
7000031559,طراحی الگوریتم ها,نظري,3,0,1634254546,,دوشنبه از 13:15 تا 15:45,ميلاد نيک نام,,50,,1405/04/17 از 08:00 تا 10:00,مهندسی یک-209,كارشناسي پيوسته,حضوري,ارائه در سطح گروه آموزشی,,گروه آموزشي کامپيوتر و فناوري اطلاعات(7116330),163 - شيراز(163),163 - شيراز(71163),71 - فارس(71)
7000031559,طراحی الگوریتم ها,نظري,3,0,1634254545,,يكشنبه از 10:15 تا 11:45 يكشنبه از از ...,محمدرضا فرهمند,,50,,1405/04/17 از 08:00 تا 10:00,مهندسی یک-109,كارشناسي پيوسته,حضوري,ارائه در سطح گروه آموزشی,,گروه آموزشي کامپيوتر و فناوري اطلاعات(7116330),163 - شيراز(163),163 - شيراز(71163),71 - فارس(71)
7000031559,طراحی الگوریتم ها,نظري,3,0,1634254544,,يكشنبه از 07:30 تا 10:15,محمدرضا فرهمند,,50,,1405/04/17 از 08:00 تا 10:00,مهندسی یک-210,كارشناسي پيوسته,حضوري,ارائه در سطح گروه آموزشی,,گروه آموزشي کامپيوتر و فناوري اطلاعات(7116330),163 - شيراز(163),163 - شيراز(71163),71 - فارس(71)
7000031559,طراحی الگوریتم ها,نظري,3,0,1634254543,,,,,55,,1405/04/17 از 08:00 تا 10:00,,كارشناسي پيوسته,حضوري,ارائه در سطح گروه آموزشی,,گروه آموزشي کامپيوتر و فناوري اطلاعات(7116330),163 - شيراز(163),163 - شيراز(71163),71 - فارس(71)
7000031559,طراحی الگوریتم ها,نظري,3,0,1634254542,,دوشنبه از 10:15 تا 11:45 دوشنبه از از ...,امین اسکندری,,57,,1405/04/17 از 08:00 تا 10:00,مهندسی یک-118,كارشناسي پيوسته,حضوري,ارائه در سطح گروه آموزشی,,گروه آموزشي کامپيوتر و فناوري اطلاعات(7116330),163 - شيراز(163),163 - شيراز(71163),71 - فارس(71)
7000031539,مدارهای الکتریکی و الکترونیکی,نظري,3,0,1634254541,,چهارشنبه از 13:15 تا 15:45,گوهر ورامینی,,70,,1405/04/11 از 15:00 تا 16:30,مهندسی یک-16,كارشناسي پيوسته,حضوري,ارائه در سطح گروه آموزشی,,گروه آموزشي کامپيوتر و فناوري اطلاعات(7116330),163 - شيراز(163),163 - شيراز(71163),71 - فارس(71)
7000031539,مدارهای الکتریکی و الکترونیکی,نظري,3,0,1634254540,,دوشنبه از 07:30 تا 10:15,زهرا مقصود زاده,,70,,1405/04/11 از 15:00 تا 16:30,مهندسی یک-320,كارشناسي پيوسته,حضوري,ارائه در سطح گروه آموزشی,,گروه آموزشي کامپيوتر و فناوري اطلاعات(7116330),163 - شيراز(163),163 - شيراز(71163),71 - فارس(71)
7000031539,مدارهای الکتریکی و الکترونیکی,نظري,3,0,1634254539,,دوشنبه از 10:15 تا 11:45 دوشنبه از از ...,زهرا مقصود زاده,,70,,1405/04/11 از 15:00 تا 16:30,مهندسی یک-320,كارشناسي پيوسته,حضوري,ارائه در سطح گروه آموزشی,,گروه آموزشي کامپيوتر و فناوري اطلاعات(7116330),163 - شيراز(163),163 - شيراز(71163),71 - فارس(71)
7000031539,مدارهای الکتریکی و الکترونیکی,نظري,3,0,1634254538,,شنبه از 13:15 تا 15:45,ابوالفضل شعباني اصل,,70,,1405/04/11 از 15:00 تا 16:30,مهندسی یک-15,كارشناسي پيوسته,حضوري,ارائه در سطح گروه آموزشی,,گروه آموزشي کامپيوتر و فناوري اطلاعات(7116330),163 - شيراز(163),163 - شيراز(71163),71 - فارس(71)
7000031539,مدارهای الکتریکی و الکترونیکی,نظري,3,0,1634254537,,شنبه از 13:15 تا 15:45,مریم نجیب زاده,,70,,1405/04/11 از 15:00 تا 16:30,مهندسی یک-120,كارشناسي پيوسته,حضوري,ارائه در سطح گروه آموزشی,,گروه آموزشي کامپيوتر و فناوري اطلاعات(7116330),163 - شيراز(163),163 - شيراز(71163),71 - فارس(71)
7000031539,مدارهای الکتریکی و الکترونیکی,نظري,3,0,1634254536,,شنبه از 15:45 تا 18:30,مریم نجیب زاده,,70,,1405/04/11 از 15:00 تا 16:30,مهندسی یک-120,كارشناسي پيوسته,حضوري,ارائه در سطح گروه آموزشی,,گروه آموزشي کامپيوتر و فناوري اطلاعات(7116330),163 - شيراز(163),163 - شيراز(71163),71 - فارس(71)
7000031539,مدارهای الکتریکی و الکترونیکی,نظري,3,0,1634254535,,,امین طوسی,,0,,1405/04/11 از 15:00 تا 16:30,,كارشناسي پيوسته,حضوري,ارائه در سطح گروه آموزشی,,گروه آموزشي کامپيوتر و فناوري اطلاعات(7116330),163 - شيراز(163),163 - شيراز(71163),71 - فارس(71)
7000031539,مدارهای الکتریکی و الکترونیکی,نظري,3,0,1634254534,,,امین طوسی,,0,,1405/04/11 از 15:00 تا 16:30,,كارشناسي پيوسته,حضوري,ارائه در سطح گروه آموزشی,,گروه آموزشي کامپيوتر و فناوري اطلاعات(7116330),163 - شيراز(163),163 - شيراز(71163),71 - فارس(71)
7000031539,مدارهای الکتریکی و الکترونیکی,نظري,3,0,1634254533,,,امین طوسی,,0,,1405/04/11 از 15:00 تا 16:30,,كارشناسي پيوسته,حضوري,ارائه در سطح گروه آموزشی,,گروه آموزشي کامپيوتر و فناوري اطلاعات(7116330),163 - شيراز(163),163 - شيراز(71163),71 - فارس(71)
7000031539,مدارهای الکتریکی و الکترونیکی,نظري,3,0,1634254532,,,امین طوسی,,0,,1405/04/11 از 15:00 تا 16:30,,كارشناسي پيوسته,حضوري,ارائه در سطح گروه آموزشی,,گروه آموزشي کامپيوتر و فناوري اطلاعات(7116330),163 - شيراز(163),163 - شيراز(71163),71 - فارس(71)
7000031556,آزمایشگاه معماری کامپیوتر,عملي,0,1,1634254531,,شنبه از 15:00 تا 16:45,مهدی قائمی امیری,,16,,1405/03/15 از 08:00 تا 10:00,163 - شيراز-304آزمایشگاه الکترونیک سوله شماره 3 مجتمع آزمایشگاهی و کارگاهی دکتر محمود حسابی,كارشناسي پيوسته,حضوري,ارائه در سطح گروه آموزشی,,گروه آموزشي کامپيوتر و فناوري اطلاعات(7116330),163 - شيراز(163),163 - شيراز(71163),71 - فارس(71)
7000031556,آزمایشگاه معماری کامپیوتر,عملي,0,1,1634254530,,شنبه از 16:45 تا 18:30,مهدی قائمی امیری,,16,,1405/03/15 از 08:00 تا 10:00,163 - شيراز-304آزمایشگاه الکترونیک سوله شماره 3 مجتمع آزمایشگاهی و کارگاهی دکتر محمود حسابی,كارشناسي پيوسته,حضوري,ارائه در سطح گروه آموزشی,,گروه آموزشي کامپيوتر و فناوري اطلاعات(7116330),163 - شيراز(163),163 - شيراز(71163),71 - فارس(71)
7000031556,آزمایشگاه معماری کامپیوتر,عملي,0,1,1634254529,,دوشنبه از 15:00 تا 16:45,مهدی قائمی امیری,,16,,1405/03/15 از 08:00 تا 10:00,163 - شيراز-304آزمایشگاه الکترونیک سوله شماره 3 مجتمع آزمایشگاهی و کارگاهی دکتر محمود حسابی,كارشناسي پيوسته,حضوري,ارائه در سطح گروه آموزشی,,گروه آموزشي کامپيوتر و فناوري اطلاعات(7116330),163 - شيراز(163),163 - شيراز(71163),71 - فارس(71)
7000031535,مبانی کامپیوتر و برنامه سازی,نظري,3,0,16342543833,دانشجویان جدیدالورود,شنبه از 13:15 تا 15:45,مهدی محرابی,,0,,1405/04/06 از 08:00 تا 10:00,مهندسی یک-219,كارشناسي پيوسته,حضوري,ارائه در سطح گروه آموزشی,,گروه آموزشي کامپيوتر و فناوري اطلاعات(7116330),163 - شيراز(163),163 - شيراز(71163),71 - فارس(71)
7000031535,مبانی کامپیوتر و برنامه سازی,نظري,3,0,16342543822,دانشجویان جدیدالورود,,فرزاد قهرمانی,,0,,1405/04/06 از 08:00 تا 10:00,,كارشناسي پيوسته,حضوري,ارائه در سطح گروه آموزشی,,گروه آموزشي کامپيوتر و فناوري اطلاعات(7116330),163 - شيراز(163),163 - شيراز(71163),71 - فارس(71)
7000031535,مبانی کامپیوتر و برنامه سازی,نظري,3,0,16342543811,دانشجویان جدیدالورود,,فرزاد قهرمانی,,0,,1405/04/06 از 08:00 تا 10:00,,كارشناسي پيوسته,حضوري,ارائه در سطح گروه آموزشی,,گروه آموزشي کامپيوتر و فناوري اطلاعات(7116330),163 - شيراز(163),163 - شيراز(71163),71 - فارس(71)
7000031535,مبانی کامپیوتر و برنامه سازی,نظري,3,0,16342543800,دانشجویان جدیدالورود,,فرزاد قهرمانی,,0,,1405/04/06 از 08:00 تا 10:00,,كارشناسي پيوسته,حضوري,ارائه در سطح گروه آموزشی,,گروه آموزشي کامپيوتر و فناوري اطلاعات(7116330),163 - شيراز(163),163 - شيراز(71163),71 - فارس(71)
7000031535,مبانی کامپیوتر و برنامه سازی,نظري,3,0,16342543799,,,فرزاد قهرمانی,,0,,1405/04/06 از 08:00 تا 10:00,,كارشناسي پيوسته,حضوري,ارائه در سطح گروه آموزشی,,گروه آموزشي کامپيوتر و فناوري اطلاعات(7116330),163 - شيراز(163),163 - شيراز(71163),71 - فارس(71)
7000031535,مبانی کامپیوتر و برنامه سازی,نظري,3,0,16342543787,دانشجویان جدیدالورود,شنبه از 10:15 تا 11:45 شنبه از از ...,امین اسکندری,,0,,1405/04/06 از 08:00 تا 10:00,,كارشناسي پيوسته,حضوري,ارائه در سطح گروه آموزشی,,گروه آموزشي کامپيوتر و فناوري اطلاعات(7116330),163 - شيراز(163),163 - شيراز(71163),71 - فارس(71)
7000031535,مبانی کامپیوتر و برنامه سازی,نظري,3,0,16342543888,دانشجویان جدیدالورود,شنبه از 07:30 تا 10:15,امین اسکندری,,0,,1405/04/06 از 08:00 تا 10:00,مهندسی یک-210,كارشناسي پيوسته,حضوري,ارائه در سطح گروه آموزشی,,گروه آموزشي کامپيوتر و فناوري اطلاعات(7116330),163 - شيراز(163),163 - شيراز(71163),71 - فارس(71)
7000031535,مبانی کامپیوتر و برنامه سازی,نظري,3,0,16342543878,دانشجویان جدیدالورود,يكشنبه از 15:45 تا 18:30,وحید صفاری,,0,,1405/04/06 از 08:00 تا 10:00,مهندسی یک-219,كارشناسي پيوسته,حضوري,ارائه در سطح گروه آموزشی,,گروه آموزشي کامپيوتر و فناوري اطلاعات(7116330),163 - شيراز(163),163 - شيراز(71163),71 - فارس(71)
7000031554,آزمایشگاه مدارهای منطقی,عملي,0,1,1634254810,,سه شنبه از 16:45 تا 18:30,مهدی قائمی امیری,,18,,1405/03/14 از 08:00 تا 10:00,163 - شيراز-304آزمایشگاه الکترونیک سوله شماره 3 مجتمع آزمایشگاهی و کارگاهی دکتر محمود حسابی,كارشناسي پيوسته,حضوري,ارائه در سطح گروه آموزشی,,گروه آموزشي کامپيوتر و فناوري اطلاعات(7116330),163 - شيراز(163),163 - شيراز(71163),71 - فارس(71)
7000031554,آزمایشگاه مدارهای منطقی,عملي,0,1,16342540800,,سه شنبه از 15:00 تا 16:45,مهدی قائمی امیری,,18,,1405/03/14 از 08:00 تا 10:00,163 - شيراز-304آزمایشگاه الکترونیک سوله شماره 3 مجتمع آزمایشگاهی و کارگاهی دکتر محمود حسابی,كارشناسي پيوسته,حضوري,ارائه در سطح گروه آموزشی,,گروه آموزشي کامپيوتر و فناوري اطلاعات(7116330),163 - شيراز(163),163 - شيراز(71163),71 - فارس(71)
7000031554,آزمایشگاه مدارهای منطقی,عملي,0,1,16342540799,,سه شنبه از 13:15 تا 15:00,مهدی قائمی امیری,,18,,1405/03/14 از 08:00 تا 10:00,163 - شيراز-304آزمایشگاه الکترونیک سوله شماره 3 مجتمع آزمایشگاهی و کارگاهی دکتر محمود حسابی,كارشناسي پيوسته,حضوري,ارائه در سطح گروه آموزشی,,گروه آموزشي کامپيوتر و فناوري اطلاعات(7116330),163 - شيراز(163),163 - شيراز(71163),71 - فارس(71)
7000031554,آزمایشگاه مدارهای منطقی,عملي,0,1,16342540788,,سه شنبه از 11:00 تا 11:45 سه شنبه از ...,مهدی قائمی امیری,,18,,1405/03/14 از 08:00 تا 10:00,163 - شيراز-304آزمایشگاه الکترونیک سوله شماره 3 مجتمع آزمایشگاهی و کارگاهی دکتر محمود حسابی,كارشناسي پيوسته,حضوري,ارائه در سطح گروه آموزشی,,گروه آموزشي کامپيوتر و فناوري اطلاعات(7116330),163 - شيراز(163),163 - شيراز(71163),71 - فارس(71)
7000031554,آزمایشگاه مدارهای منطقی,عملي,0,1,16342540777,,سه شنبه از 09:15 تا 11:00,مهدی قائمی امیری,,18,,1405/03/14 از 08:00 تا 10:00,163 - شيراز-304آزمایشگاه الکترونیک سوله شماره 3 مجتمع آزمایشگاهی و کارگاهی دکتر محمود حسابی,كارشناسي پيوسته,حضوري,ارائه در سطح گروه آموزشی,,گروه آموزشي کامپيوتر و فناوري اطلاعات(7116330),163 - شيراز(163),163 - شيراز(71163),71 - فارس(71)
7000031554,آزمایشگاه مدارهای منطقی,عملي,0,1,16342540766,,سه شنبه از 07:30 تا 09:15,مهدی قائمی امیری,,18,,1405/03/14 از 08:00 تا 10:00,163 - شيراز-304آزمایشگاه الکترونیک سوله شماره 3 مجتمع آزمایشگاهی و کارگاهی دکتر محمود حسابی,كارشناسي پيوسته,حضوري,ارائه در سطح گروه آموزشی,,گروه آموزشي کامپيوتر و فناوري اطلاعات(7116330),163 - شيراز(163),163 - شيراز(71163),71 - فارس(71)
7000031554,آزمایشگاه مدارهای منطقی,عملي,0,1,16342540744,,چهارشنبه از 15:00 تا 16:45,مهدی قائمی امیری,,18,,1405/03/14 از 08:00 تا 10:00,163 - شيراز-304آزمایشگاه الکترونیک سوله شماره 3 مجتمع آزمایشگاهی و کارگاهی دکتر محمود حسابی,كارشناسي پيوسته,حضوري,ارائه در سطح گروه آموزشی,,گروه آموزشي کامپيوتر و فناوري اطلاعات(7116330),163 - شيراز(163),163 - شيراز(71163),71 - فارس(71)
7000031554,آزمایشگاه مدارهای منطقی,عملي,0,1,16342540755,,چهارشنبه از 16:45 تا 18:30,مهدی قائمی امیری,,18,,1405/03/14 از 08:00 تا 10:00,163 - شيراز-304آزمایشگاه الکترونیک سوله شماره 3 مجتمع آزمایشگاهی و کارگاهی دکتر محمود حسابی,كارشناسي پيوسته,حضوري,ارائه در سطح گروه آموزشی,,گروه آموزشي کامپيوتر و فناوري اطلاعات(7116330),163 - شيراز(163),163 - شيراز(71163),71 - فارس(71)
4628102126,آزمایشگاه ریزپردازنده,عملي,0,1,1634254032,استاد:خدابنده | مکان : سوله 303,سه شنبه از 16:45 تا 18:30,فرزاد قهرمانی,,16,,1405/03/11 از 08:00 تا 10:00,مهندسی یک-سوم راهرو شرقی,كارشناسي پيوسته,حضوري,ارائه در سطح گروه آموزشی,,گروه آموزشي کامپيوتر و فناوري اطلاعات(7116330),163 - شيراز(163),163 - شيراز(71163),71 - فارس(71)
4628102126,آزمایشگاه ریزپردازنده,عملي,0,1,1634254031,استاد:خدابنده | مکان : سوله 303,سه شنبه از 15:00 تا 16:45,مهدی صفرپور,,16,,1405/03/11 از 08:00 تا 10:00,مهندسی یک-سوم راهرو شرقی,كارشناسي پيوسته,حضوري,ارائه در سطح گروه آموزشی,,گروه آموزشي کامپيوتر و فناوري اطلاعات(7116330),163 - شيراز(163),163 - شيراز(71163),71 - فارس(71)
7000031554,آزمایشگاه مدارهای منطقی,عملي,0,1,16342540733,,چهارشنبه از 13:15 تا 15:00,مهدی قائمی امیری,,16,,1405/03/14 از 08:00 تا 10:00,163 - شيراز-304آزمایشگاه الکترونیک سوله شماره 3 مجتمع آزمایشگاهی و کارگاهی دکتر محمود حسابی,كارشناسي پيوسته,حضوري,ارائه در سطح گروه آموزشی,,گروه آموزشي کامپيوتر و فناوري اطلاعات(7116330),163 - شيراز(163),163 - شيراز(71163),71 - فارس(71)
4628117515,تحلیل‌ و طراحی سیستم ها,نظري,3,0,1634254168,,,,,50,,1405/04/14 از 15:00 تا 16:30,,كارشناسي پيوسته,حضوري,ارائه در سطح گروه آموزشی,,گروه آموزشي کامپيوتر و فناوري اطلاعات(7116330),163 - شيراز(163),163 - شيراز(71163),71 - فارس(71)
4628117515,تحلیل‌ و طراحی سیستم ها,نظري,3,0,1634254169,,,,,50,,1405/04/14 از 15:00 تا 16:30,,كارشناسي پيوسته,حضوري,ارائه در سطح گروه آموزشی,,گروه آموزشي کامپيوتر و فناوري اطلاعات(7116330),163 - شيراز(163),163 - شيراز(71163),71 - فارس(71)
7000038385,بینایی کامپیوتر,نظري,3,0,163330645,,چهارشنبه از 13:15 تا 15:45,مهدی محرابی,,0,,1405/03/26 از 08:00 تا 10:00,مهندسی یک-19 کارگاه کامپیوتر,كارشناسي ارشد ناپيوسته,حضوري,ارائه در سطح گروه آموزشی,,گروه آموزشي کامپيوتر و فناوري اطلاعات(7116330),163 - شيراز(163),163 - شيراز(71163),71 - فارس(71)
7000038287,سیستم های عامل پیشرفته,نظري,3,0,163330627,,پنج شنبه از 07:30 تا 10:15,غلامرضا ستوده,,0,,1405/03/27 از 08:00 تا 10:00,مهندسی یک-19 کارگاه کامپیوتر,كارشناسي ارشد ناپيوسته,حضوري,ارائه در سطح گروه آموزشی,,گروه آموزشي کامپيوتر و فناوري اطلاعات(7116330),163 - شيراز(163),163 - شيراز(71163),71 - فارس(71)
4722147393,محاسبات توری,نظري,3,0,163330626,,پنج شنبه از 10:15 تا 11:45 پنج شنبه از ...,سید ابراهیم دشتی,,12,,1405/04/12 از 08:00 تا 10:00,مهندسی یک-19 کارگاه کامپیوتر,كارشناسي ارشد ناپيوسته,حضوري,ارائه در سطح گروه آموزشی,,گروه آموزشي کامپيوتر و فناوري اطلاعات(7116330),163 - شيراز(163),163 - شيراز(71163),71 - فارس(71)
4628129896,ریاضیات مهندسی,نظري,3,0,1634254223,,يكشنبه از 13:15 تا 15:45,سیدمصطفی زبرجد,,50,,1405/04/13 از 13:00 تا 15:00,مهندسی دو-209,كارشناسي پيوسته,حضوري,ارائه در سطح گروه آموزشی,,گروه آموزشي کامپيوتر و فناوري اطلاعات(7116330),163 - شيراز(163),163 - شيراز(71163),71 - فارس(71)
7000038272,شبکه های اجتماعی,نظري,3,0,163330625,,پنج شنبه از 10:15 تا 11:45 پنج شنبه از ...,کاظم براتی مهر,,12,,1405/04/18 از 13:00 تا 15:00,مهندسی یک-210,كارشناسي ارشد ناپيوسته,حضوري,ارائه در سطح گروه آموزشی,,گروه آموزشي کامپيوتر و فناوري اطلاعات(7116330),163 - شيراز(163),163 - شيراز(71163),71 - فارس(71)
7000038271,تحلیل شبکه های پیچیده,نظري,3,0,163330623,,پنج شنبه از 07:30 تا 10:15,کاظم براتی مهر,,22,,1405/04/16 از 08:00 تا 10:00,مهندسی یک-210,كارشناسي ارشد ناپيوسته,حضوري,ارائه در سطح گروه آموزشی,,گروه آموزشي کامپيوتر و فناوري اطلاعات(7116330),163 - شيراز(163),163 - شيراز(71163),71 - فارس(71)
7000038387,پردازش تصویر,نظري,3,0,163330622,,پنج شنبه از 10:15 تا 11:45 پنج شنبه از ...,مهدی محرابی,,22,,1405/04/17 از 13:00 تا 15:00,مهندسی یک-117,كارشناسي ارشد ناپيوسته,حضوري,ارائه در سطح گروه آموزشی,,گروه آموزشي کامپيوتر و فناوري اطلاعات(7116330),163 - شيراز(163),163 - شيراز(71163),71 - فارس(71)
7000038368,یادگیری ماشین,نظري,3,0,163330621,,پنج شنبه از 10:15 تا 11:45 پنج شنبه از ...,محمد علی تبرزد,,32,,1405/04/06 از 08:00 تا 10:00,مهندسی یک-120,كارشناسي ارشد ناپيوسته,حضوري,ارائه در سطح گروه آموزشی,,گروه آموزشي کامپيوتر و فناوري اطلاعات(7116330),163 - شيراز(163),163 - شيراز(71163),71 - فارس(71)
7000038368,یادگیری ماشین,نظري,3,0,163330620,,پنج شنبه از 07:30 تا 10:15,محمد علی تبرزد,,28,,1405/04/06 از 08:00 تا 10:00,مهندسی یک-120,كارشناسي ارشد ناپيوسته,حضوري,ارائه در سطح گروه آموزشی,,گروه آموزشي کامپيوتر و فناوري اطلاعات(7116330),163 - شيراز(163),163 - شيراز(71163),71 - فارس(71)
7000038381,روش ها و سامانه های فازی,نظري,3,0,163330619,,چهارشنبه از 10:15 تا 11:45 چهارشنبه از ...,فرزاد قهرمانی,,32,,1405/04/10 از 13:00 تا 15:00,مهندسی یک-19 کارگاه کامپیوتر,كارشناسي ارشد ناپيوسته,حضوري,ارائه در سطح گروه آموزشی,,گروه آموزشي کامپيوتر و فناوري اطلاعات(7116330),163 - شيراز(163),163 - شيراز(71163),71 - فارس(71)
7000038387,پردازش تصویر,نظري,3,0,163330617,,چهارشنبه از 15:45 تا 18:30,مهدی محرابی,,20,,1405/04/17 از 13:00 تا 15:00,مهندسی یک-118,كارشناسي ارشد ناپيوسته,حضوري,ارائه در سطح گروه آموزشی,,گروه آموزشي کامپيوتر و فناوري اطلاعات(7116330),163 - شيراز(163),163 - شيراز(71163),71 - فارس(71)
7000002166,زبان تخصصی پیشرفته,نظري,2,0,163330650,,پنج شنبه از 10:15 تا 12:15,امیر رضا استخریان حقیقی,,11,,1405/04/09 از 13:00 تا 15:00,مهندسی یک-118,دكتري تخصصي,حضوري,ارائه در سطح گروه آموزشی,,گروه آموزشي کامپيوتر و فناوري اطلاعات(7116330),163 - شيراز(163),163 - شيراز(71163),71 - فارس(71)
4722103489,استراتژیهای تجارت الکترونیکی,نظري,3,0,163330615,,پنج شنبه از 07:30 تا 10:15,امیر رضا استخریان حقیقی,,32,,1405/04/08 از 08:00 تا 10:00,مهندسی یک-118,كارشناسي ارشد ناپيوسته,حضوري,ارائه در سطح گروه آموزشی,,گروه آموزشي کامپيوتر و فناوري اطلاعات(7116330),163 - شيراز(163),163 - شيراز(71163),71 - فارس(71)
4722148272,مدیریت ارتباط با مشتری,نظري,3,0,163330616,,چهارشنبه از 15:45 تا 18:30,امیر رضا استخریان حقیقی,,32,,1405/04/06 از 08:00 تا 10:00,مهندسی یک-117,كارشناسي ارشد ناپيوسته,حضوري,ارائه در سطح گروه آموزشی,,گروه آموزشي کامپيوتر و فناوري اطلاعات(7116330),163 - شيراز(163),163 - شيراز(71163),71 - فارس(71)
4722148235,مدیریت‌زنجیره‌عرضه ( scm ),نظري,3,0,163330614,,چهارشنبه از 13:15 تا 15:45,امیر رضا استخریان حقیقی,,32,,1405/04/17 از 08:00 تا 10:00,مهندسی یک-117,كارشناسي ارشد ناپيوسته,حضوري,ارائه در سطح گروه آموزشی,,گروه آموزشي کامپيوتر و فناوري اطلاعات(7116330),163 - شيراز(163),163 - شيراز(71163),71 - فارس(71)
7000038261,تحلیل داده,نظري,3,0,163330613,,چهارشنبه از 10:15 تا 11:45 چهارشنبه از ...,الهام پروین نیا,,18,,1405/04/17 از 08:00 تا 10:00,مهندسی یک-20کارگاه کامپیوتر,كارشناسي ارشد ناپيوسته,حضوري,ارائه در سطح گروه آموزشی,,گروه آموزشي کامپيوتر و فناوري اطلاعات(7116330),163 - شيراز(163),163 - شيراز(71163),71 - فارس(71)
7000038374,بهینه سازی فرا ابتکاری,نظري,3,0,163330612,,چهارشنبه از 13:15 تا 15:45,الهام پروین نیا,,12,,1405/04/18 از 08:00 تا 10:00,مهندسی یک-20کارگاه کامپیوتر,كارشناسي ارشد ناپيوسته,حضوري,ارائه در سطح گروه آموزشی,,گروه آموزشي کامپيوتر و فناوري اطلاعات(7116330),163 - شيراز(163),163 - شيراز(71163),71 - فارس(71)
7000005125,روش تحقیق,نظري,2,0,163330611,,چهارشنبه از 08:15 تا 10:15,فرزاد قهرمانی,,18,,1405/04/14 از 08:00 تا 10:00,مهندسی یک-120,كارشناسي ارشد ناپيوسته,حضوري,ارائه در سطح گروه آموزشی,,گروه آموزشي کامپيوتر و فناوري اطلاعات(7116330),163 - شيراز(163),163 - شيراز(71163),71 - فارس(71)
7000005125,روش تحقیق,نظري,2,0,163330610,,چهارشنبه از 10:15 تا 12:15,محمدامین شایگان,,33,,1405/04/14 از 08:00 تا 10:00,مهندسی یک-120,كارشناسي ارشد ناپيوسته,حضوري,ارائه در سطح گروه آموزشی,,گروه آموزشي کامپيوتر و فناوري اطلاعات(7116330),163 - شيراز(163),163 - شيراز(71163),71 - فارس(71)
7000038375,ربات های متحرک خودگردان,نظري,3,0,163330609,,چهارشنبه از 10:15 تا 11:45 چهارشنبه از ...,محمد علی اسدی,,32,,1405/04/08 از 08:00 تا 10:00,مهندسی یک-118,كارشناسي ارشد ناپيوسته,حضوري,ارائه در سطح گروه آموزشی,,گروه آموزشي کامپيوتر و فناوري اطلاعات(7116330),163 - شيراز(163),163 - شيراز(71163),71 - فارس(71)
7000038375,ربات های متحرک خودگردان,نظري,3,0,163330602,,چهارشنبه از 07:30 تا 10:15,محمد علی اسدی,,32,,1405/04/08 از 08:00 تا 10:00,مهندسی یک-15,كارشناسي ارشد ناپيوسته,حضوري,ارائه در سطح گروه آموزشی,,گروه آموزشي کامپيوتر و فناوري اطلاعات(7116330),163 - شيراز(163),163 - شيراز(71163),71 - فارس(71)
7000035088,سییستم های اطلاعات مدیریت,نظري_عملي,2,1,8826,,چهارشنبه از 14:30 تا 17:00,امیر محسنی آهویی,,35,,1405/03/25 از 13:00 تا 15:00,,كارشناسي ناپيوسته,حضوري,ارائه در سطح گروه آموزشی,,گروه آموزشي کامپيوتر و فناوري اطلاعات(7116330),163 - شيراز(163),163 - شيراز(71163),71 - فارس(71)
7000035044,داده کاوی,نظري_عملي,2,1,8825,,شنبه از 12:00 تا 14:30,سیده آسیه عباسی,,35,,1405/04/01 از 08:00 تا 10:00,مهارتی -کامپیوتر4,كارشناسي ناپيوسته,حضوري,ارائه در سطح گروه آموزشی,,گروه آموزشي کامپيوتر و فناوري اطلاعات(7116330),163 - شيراز(163),163 - شيراز(71163),71 - فارس(71)
6138108174,امنیت اطلاعات,نظري,2,0,8824,,شنبه از 07:30 تا 09:15,سیده آسیه عباسی,,35,,1405/03/06 از 13:00 تا 15:00,مهارتی -کامپیوتر4,كارشناسي ناپيوسته,حضوري,ارائه در سطح گروه آموزشی,,گروه آموزشي کامپيوتر و فناوري اطلاعات(7116330),163 - شيراز(163),163 - شيراز(71163),71 - فارس(71)
7000034939,توسعه نرم افزار,نظري_عملي,2,1,8823,,شنبه از 09:15 تا 12:00,سیده آسیه عباسی,,35,,1405/03/30 از 13:00 تا 15:00,مهارتی -کامپیوتر4,كارشناسي ناپيوسته,حضوري,ارائه در سطح گروه آموزشی,,گروه آموزشي کامپيوتر و فناوري اطلاعات(7116330),163 - شيراز(163),163 - شيراز(71163),71 - فارس(71)
6138102924,آزمایشگاه مهندسی نرم‌افزار,كارگاهي,0,1,8822,,پنج شنبه از 09:15 تا 11:00,سارا رنجبر,,35,,1405/03/17 از 08:00 تا 10:00,مهارتی -کامپیوتر2,كارشناسي ناپيوسته,حضوري,ارائه در سطح گروه آموزشی,,گروه آموزشي کامپيوتر و فناوري اطلاعات(7116330),163 - شيراز(163),163 - شيراز(71163),71 - فارس(71)
6138151529,مهندسی‌ نرم‌ افزار,نظري,2,0,8821,,پنج شنبه از 07:30 تا 09:15,سارا رنجبر,,35,,1405/04/02 از 13:00 تا 15:00,مهارتی -کامپیوتر2,كارشناسي ناپيوسته,حضوري,ارائه در سطح گروه آموزشی,,گروه آموزشي کامپيوتر و فناوري اطلاعات(7116330),163 - شيراز(163),163 - شيراز(71163),71 - فارس(71)
7000038259,پایگاه داده های پیشرفته,نظري,3,0,163330607,,چهارشنبه از 13:15 تا 15:45,غلامرضا ستوده,,32,,1405/04/07 از 08:00 تا 10:00,مهندسی یک-210,كارشناسي ارشد ناپيوسته,حضوري,ارائه در سطح گروه آموزشی,,گروه آموزشي کامپيوتر و فناوري اطلاعات(7116330),163 - شيراز(163),163 - شيراز(71163),71 - فارس(71)
7000038257,سیستم های توزیع شده,نظري,3,0,163330606,,چهارشنبه از 10:15 تا 11:45 چهارشنبه از ...,غلامرضا ستوده,,34,,1405/04/11 از 08:00 تا 10:00,مهندسی یک-210,كارشناسي ارشد ناپيوسته,حضوري,ارائه در سطح گروه آموزشی,,گروه آموزشي کامپيوتر و فناوري اطلاعات(7116330),163 - شيراز(163),163 - شيراز(71163),71 - فارس(71)
7000038275,توصیف و وارسی برنامه ها,نظري,3,0,163330605,,چهارشنبه از 07:30 تا 10:15,غلامرضا ستوده,,0,,1405/03/26 از 08:00 تا 10:00,مهندسی یک-210,كارشناسي ارشد ناپيوسته,حضوري,ارائه در سطح گروه آموزشی,,گروه آموزشي کامپيوتر و فناوري اطلاعات(7116330),163 - شيراز(163),163 - شيراز(71163),71 - فارس(71)
7000038276,رایانش ابری,نظري,3,0,163330604,,چهارشنبه از 10:15 تا 11:45 چهارشنبه از ...,امین اسکندری,,0,,1405/04/09 از 08:00 تا 10:00,مهندسی یک-117,كارشناسي ارشد ناپيوسته,حضوري,ارائه در سطح گروه آموزشی,,گروه آموزشي کامپيوتر و فناوري اطلاعات(7116330),163 - شيراز(163),163 - شيراز(71163),71 - فارس(71)
7000038276,رایانش ابری,نظري,3,0,163330603,,چهارشنبه از 07:30 تا 10:15,امین اسکندری,,34,,1405/04/09 از 08:00 تا 10:00,مهندسی یک-117,كارشناسي ارشد ناپيوسته,حضوري,ارائه در سطح گروه آموزشی,,گروه آموزشي کامپيوتر و فناوري اطلاعات(7116330),163 - شيراز(163),163 - شيراز(71163),71 - فارس(71)
7000038448,مباحث ویژه در هوش مصنوعی 2,نظري,3,0,163330608,,پنج شنبه از 07:30 تا 10:15,مهدی محرابی,,0,,1405/03/23 از 08:00 تا 10:00,مهندسی یک-117,كارشناسي ارشد ناپيوسته,حضوري,ارائه در سطح گروه آموزشی,,گروه آموزشي کامپيوتر و فناوري اطلاعات(7116330),163 - شيراز(163),163 - شيراز(71163),71 - فارس(71)
7000035039,مباحث ویژه,نظري_عملي,2,1,8820,,يكشنبه از 17:00 تا 19:45,سید سجاد موید,,35,,1405/03/31 از 13:00 تا 15:00,مهارتی -کامپیوتر4,كارشناسي ناپيوسته,حضوري,ارائه در سطح گروه آموزشی,,گروه آموزشي کامپيوتر و فناوري اطلاعات(7116330),163 - شيراز(163),163 - شيراز(71163),71 - فارس(71)
6138207657,آزمایشگاه هوش مصنوعی,كارگاهي,0,1,8819,,چهارشنبه از 18:00 تا 19:45,زهراسادات عصایی معمم,,35,,1405/03/20 از 08:00 تا 10:00,,كارشناسي ناپيوسته,حضوري,ارائه در سطح گروه آموزشی,,گروه آموزشي کامپيوتر و فناوري اطلاعات(7116330),163 - شيراز(163),163 - شيراز(71163),71 - فارس(71)
6138155491,هوش مصنوعی,نظري,3,0,8818,,چهارشنبه از 15:30 تا 18:00,زهراسادات عصایی معمم,,35,,1405/03/26 از 13:00 تا 15:00,,كارشناسي ناپيوسته,حضوري,ارائه در سطح گروه آموزشی,,گروه آموزشي کامپيوتر و فناوري اطلاعات(7116330),163 - شيراز(163),163 - شيراز(71163),71 - فارس(71)
7000035089,اینترنت اشیا,نظري_عملي,2,1,8817,,چهارشنبه از 13:00 تا 15:30,زهراسادات عصایی معمم,,35,,1405/03/24 از 08:00 تا 10:00,,كارشناسي ناپيوسته,حضوري,ارائه در سطح گروه آموزشی,,گروه آموزشي کامپيوتر و فناوري اطلاعات(7116330),163 - شيراز(163),163 - شيراز(71163),71 - فارس(71)
6138159787,کارگاه سیستم عامل,كارگاهي,0,1,8816,,دوشنبه از 07:30 تا 09:15,زهراء اميدي فرد,,35,,1405/03/19 از 08:00 تا 10:00,مهارتی -کامپیوتر2,كارشناسي ناپيوسته,حضوري,ارائه در سطح گروه آموزشی,,گروه آموزشي کامپيوتر و فناوري اطلاعات(7116330),163 - شيراز(163),163 - شيراز(71163),71 - فارس(71)
6138150350,معادلات‌ دیفرانسیل‌,نظري,3,0,8815,,دوشنبه از 07:30 تا 10:00,کبری صالحی,,35,,1405/04/06 از 08:00 تا 10:00,مهارتی -کامپیوتر4,كارشناسي ناپيوسته,حضوري,ارائه در سطح گروه آموزشی,,گروه آموزشي کامپيوتر و فناوري اطلاعات(7116330),163 - شيراز(163),163 - شيراز(71163),71 - فارس(71)
6138207660,آزمایشگاه گرافیک و متحرک سازی,كارگاهي,0,1,8814,,دوشنبه از 09:15 تا 11:00,زهراء اميدي فرد,,35,,1405/03/18 از 08:00 تا 10:00,مهارتی -کامپیوتر2,كارشناسي ناپيوسته,حضوري,ارائه در سطح گروه آموزشی,,گروه آموزشي کامپيوتر و فناوري اطلاعات(7116330),163 - شيراز(163),163 - شيراز(71163),71 - فارس(71)
7000035046,بازی سازی,نظري_عملي,2,1,8813,,دوشنبه از 11:00 تا 13:00,زهراء اميدي فرد,,35,,1405/03/31 از 08:00 تا 10:00,مهارتی -کامپیوتر2,كارشناسي ناپيوسته,حضوري,ارائه در سطح گروه آموزشی,,گروه آموزشي کامپيوتر و فناوري اطلاعات(7116330),163 - شيراز(163),163 - شيراز(71163),71 - فارس(71)
7000035087,مهندسی اینترنت,نظري_عملي,2,1,8812,,پنج شنبه از 12:30 تا 15:00,مریم شه منش,,35,,1405/03/28 از 08:00 تا 10:00,مهارتی -کامپیوتر4,كارشناسي ناپيوسته,حضوري,ارائه در سطح گروه آموزشی,,گروه آموزشي کامپيوتر و فناوري اطلاعات(7116330),163 - شيراز(163),163 - شيراز(71163),71 - فارس(71)
7000034938,برنامه نویسی سیستمی,نظري_عملي,2,1,8811,,يكشنبه از 12:45 تا 15:00,سیده آسیه عباسی,,35,,1405/03/23 از 13:00 تا 15:00,,كارشناسي ناپيوسته,حضوري,ارائه در سطح گروه آموزشی,,گروه آموزشي کامپيوتر و فناوري اطلاعات(7116330),163 - شيراز(163),163 - شيراز(71163),71 - فارس(71)
7000035041,طراحی الگوریتم,نظري_عملي,2,1,8810,,شنبه از 09:15 تا 12:00,زهراء اميدي فرد,,35,,1405/03/30 از 08:00 تا 10:00,,كارشناسي ناپيوسته,حضوري,ارائه در سطح گروه آموزشی,,گروه آموزشي کامپيوتر و فناوري اطلاعات(7116330),163 - شيراز(163),163 - شيراز(71163),71 - فارس(71)
6138207655,آزمایشگاه طراحی واسط کاربری,كارگاهي,0,1,8809,,شنبه از 07:30 تا 09:15,زهراء اميدي فرد,,35,,1405/03/16 از 08:00 تا 10:00,,كارشناسي ناپيوسته,حضوري,ارائه در سطح گروه آموزشی,,گروه آموزشي کامپيوتر و فناوري اطلاعات(7116330),163 - شيراز(163),163 - شيراز(71163),71 - فارس(71)
6138207658,آزمایشگاه پایگاه داده 2,كارگاهي,0,1,8808,,پنج شنبه از 11:00 تا 12:30,سارا رنجبر,,35,,1405/03/20 از 08:00 تا 10:00,مهارتی -کامپیوتر2,كارشناسي ناپيوسته,حضوري,ارائه در سطح گروه آموزشی,,گروه آموزشي کامپيوتر و فناوري اطلاعات(7116330),163 - شيراز(163),163 - شيراز(71163),71 - فارس(71)
6138206597,زبان‌ تخصصی,نظري,2,0,8807,,چهارشنبه از 17:00 تا 18:30,امیر محسنی آهویی,,35,,1405/04/02 از 08:00 تا 10:00,,كارشناسي ناپيوسته,حضوري,ارائه در سطح گروه آموزشی,,گروه آموزشي کامپيوتر و فناوري اطلاعات(7116330),163 - شيراز(163),163 - شيراز(71163),71 - فارس(71)
6138207654,آزمایشگاه زبان های برنامه نویسی,آزمايشگاهي,0,1,8806,,يكشنبه از 12:30 تا 14:00,فهیمه تجرد,,35,,1405/03/16 از 08:00 تا 10:00,مهارتی -کامپیوتر3,كارشناسي ناپيوسته,حضوري,ارائه در سطح گروه آموزشی,,گروه آموزشي کامپيوتر و فناوري اطلاعات(7116330),163 - شيراز(163),163 - شيراز(71163),71 - فارس(71)
7000035091,نصب و راه اندازی شبکه,نظري_عملي,2,1,8805,,چهارشنبه از 14:30 تا 17:00,ازاده ظهيري,,35,,1405/03/26 از 08:00 تا 10:00,مهارتی -کامپیوتر2,كارشناسي ناپيوسته,حضوري,ارائه در سطح گروه آموزشی,,گروه آموزشي کامپيوتر و فناوري اطلاعات(7116330),163 - شيراز(163),163 - شيراز(71163),71 - فارس(71)
6138107856,آمار و احتمالات,نظري,3,0,8804,,دوشنبه از 10:00 تا 12:30,کبری صالحی,,35,,1405/04/06 از 08:00 تا 10:00,مهارتی -کامپیوتر4,كارشناسي ناپيوسته,حضوري,ارائه در سطح گروه آموزشی,,گروه آموزشي کامپيوتر و فناوري اطلاعات(7116330),163 - شيراز(163),163 - شيراز(71163),71 - فارس(71)
6138129687,ریاضی‌ گسسته‌,نظري,2,0,8803,,دوشنبه از 12:45 تا 14:30,کبری صالحی,,35,,1405/03/25 از 08:00 تا 10:00,مهارتی -کامپیوتر4,كارشناسي ناپيوسته,حضوري,ارائه در سطح گروه آموزشی,,گروه آموزشي کامپيوتر و فناوري اطلاعات(7116330),163 - شيراز(163),163 - شيراز(71163),71 - فارس(71)
7000035104,برنامه نویسی موبایل,نظري_عملي,2,1,8802,,يكشنبه از 10:00 تا 12:30,فهیمه تجرد,,35,,1405/03/23 از 08:00 تا 10:00,,كارشناسي ناپيوسته,حضوري,ارائه در سطح گروه آموزشی,,گروه آموزشي کامپيوتر و فناوري اطلاعات(7116330),163 - شيراز(163),163 - شيراز(71163),71 - فارس(71)
7000035105,برنامه سازی پیشرفته,نظري_عملي,2,1,8801,,يكشنبه از 07:30 تا 10:00,فهیمه تجرد,,35,,1405/03/31 از 08:00 تا 10:00,مهارتی -کامپیوتر2,كارشناسي ناپيوسته,حضوري,ارائه در سطح گروه آموزشی,,گروه آموزشي کامپيوتر و فناوري اطلاعات(7116330),163 - شيراز(163),163 - شيراز(71163),71 - فارس(71)
7000038375,ربات های متحرک خودگردان,نظري,3,0,163330601,,سه شنبه از 15:45 تا 18:30,محمد علی اسدی,,0,,1405/04/08 از 08:00 تا 10:00,مهندسی یک-210,كارشناسي ارشد ناپيوسته,حضوري,ارائه در سطح گروه آموزشی,,گروه آموزشي کامپيوتر و فناوري اطلاعات(7116330),163 - شيراز(163),163 - شيراز(71163),71 - فارس(71)
7000038368,یادگیری ماشین,نظري,3,0,163330600,,سه شنبه از 13:15 تا 15:45,محمد علی تبرزد,,18,,1405/04/06 از 08:00 تا 10:00,مهندسی یک-210,كارشناسي ارشد ناپيوسته,حضوري,ارائه در سطح گروه آموزشی,,گروه آموزشي کامپيوتر و فناوري اطلاعات(7116330),163 - شيراز(163),163 - شيراز(71163),71 - فارس(71)
7000004951,الگوریتم و فلو چارت,نظري,2,0,7732,,پنج شنبه از 07:30 تا 09:15,مریم شه منش,,35,,1405/03/28 از 08:00 تا 10:00,مهارتی -کامپیوتر4,کاردانی پیوسته,حضوري,ارائه در سطح گروه آموزشی,,گروه آموزشي کامپيوتر و فناوري اطلاعات(7116330),163 - شيراز(163),163 - شيراز(71163),71 - فارس(71)
5990181618,سیستم های مدیریت محتوا,نظري_عملي,1,1,7731,,پنج شنبه از 09:15 تا 12:00,مریم شه منش,,35,,1405/03/06 از 15:00 تا 16:30,مهارتی -کامپیوتر4,کاردانی پیوسته,حضوري,ارائه در سطح گروه آموزشی,,گروه آموزشي کامپيوتر و فناوري اطلاعات(7116330),163 - شيراز(163),163 - شيراز(71163),71 - فارس(71)
5990130423,زبان‌ فنی‌,نظري,2,0,7730,,چهارشنبه از 18:30 تا 20:00,امیر محسنی آهویی,,45,,1405/04/02 از 08:00 تا 10:00,,کاردانی پیوسته,حضوري,ارائه در سطح گروه آموزشی,,گروه آموزشي کامپيوتر و فناوري اطلاعات(7116330),163 - شيراز(163),163 - شيراز(71163),71 - فارس(71)
5990181265,برنامه نویسی سخت افزار,نظري_عملي,1,1,7729,,سه شنبه از 11:00 تا 14:00,محبوبه اقتصاد,,35,,1405/04/01 از 08:00 تا 10:00,مهارتی -کامپیوتر4,کاردانی پیوسته,حضوري,ارائه در سطح گروه آموزشی,,گروه آموزشي کامپيوتر و فناوري اطلاعات(7116330),163 - شيراز(163),163 - شيراز(71163),71 - فارس(71)
5990181267,مبانی ساختمان گسسته,نظري,2,0,7728,,سه شنبه از 09:15 تا 11:00,محبوبه اقتصاد,,35,,1405/03/25 از 08:00 تا 10:00,مهارتی -کامپیوتر4,کاردانی پیوسته,حضوري,ارائه در سطح گروه آموزشی,,گروه آموزشي کامپيوتر و فناوري اطلاعات(7116330),163 - شيراز(163),163 - شيراز(71163),71 - فارس(71)
5990147736,مدار منطقی,نظري,2,0,7727,,سه شنبه از 07:30 تا 09:15,محبوبه اقتصاد,,35,,1405/03/23 از 15:00 تا 16:30,مهارتی -کامپیوتر4,کاردانی پیوسته,حضوري,ارائه در سطح گروه آموزشی,,گروه آموزشي کامپيوتر و فناوري اطلاعات(7116330),163 - شيراز(163),163 - شيراز(71163),71 - فارس(71)
5990101495,آزمایشگاه پایگاه‌ داده‌ها,عملي,0,2,7726,,يكشنبه از 14:30 تا 16:15,سارا رنجبر,,35,,1405/03/18 از 08:00 تا 10:00,مهارتی -کامپیوتر2,کاردانی پیوسته,حضوري,ارائه در سطح گروه آموزشی,,گروه آموزشي کامپيوتر و فناوري اطلاعات(7116330),163 - شيراز(163),163 - شيراز(71163),71 - فارس(71)
5990111675,برنامه‌نویسی مبتنی بر وب,نظري_عملي,1,1,7725,,سه شنبه از 14:30 تا 17:00,علی حسینی,,35,,1405/03/26 از 13:00 تا 15:00,مهارتی -کامپیوتر4,کاردانی پیوسته,حضوري,ارائه در سطح گروه آموزشی,,گروه آموزشي کامپيوتر و فناوري اطلاعات(7116330),163 - شيراز(163),163 - شيراز(71163),71 - فارس(71)
5990181263,برنامه نویسی موبایل 2,نظري_عملي,1,1,7724,,چهارشنبه از 10:00 تا 12:30,فهیمه تجرد,,35,,1405/03/30 از 13:00 تا 15:00,مهارتی -کامپیوتر2,کاردانی پیوسته,حضوري,ارائه در سطح گروه آموزشی,,گروه آموزشي کامپيوتر و فناوري اطلاعات(7116330),163 - شيراز(163),163 - شيراز(71163),71 - فارس(71)
5990102228,آزمایشگاه سیستم عامل,عملي,0,1,7723,,پنج شنبه از 12:45 تا 14:30,ازاده ظهيري,,40,,1405/03/20 از 10:00 تا 12:00,مهارتی -کامپیوتر1,کاردانی پیوسته,حضوري,ارائه در سطح گروه آموزشی,,گروه آموزشي کامپيوتر و فناوري اطلاعات(7116330),163 - شيراز(163),163 - شيراز(71163),71 - فارس(71)
5990159901,کارگاه شبکه های کامپیوتری,عملي,0,1,7722,,پنج شنبه از 09:15 تا 11:00,ازاده ظهيري,,35,,1405/03/19 از 08:00 تا 10:00,مهارتی -کامپیوتر1,کاردانی پیوسته,حضوري,ارائه در سطح گروه آموزشی,,گروه آموزشي کامپيوتر و فناوري اطلاعات(7116330),163 - شيراز(163),163 - شيراز(71163),71 - فارس(71)
5990103163,آزمایشگاه نرم‌افزارهای گرافیکی,عملي,0,1,7721,,چهارشنبه از 09:15 تا 11:00,علی حسینی,,35,,1405/03/20 از 08:00 تا 10:00,مهارتی -کامپیوتر4,کاردانی پیوسته,حضوري,ارائه در سطح گروه آموزشی,,گروه آموزشي کامپيوتر و فناوري اطلاعات(7116330),163 - شيراز(163),163 - شيراز(71163),71 - فارس(71)
5990132559,ساختمان‌داده‌ها,نظري,3,0,7720,,شنبه از 14:30 تا 17:00,سید سجاد موید,,35,,1405/04/06 از 13:00 تا 15:00,مهارتی -کامپیوتر4,کاردانی پیوسته,حضوري,ارائه در سطح گروه آموزشی,,گروه آموزشي کامپيوتر و فناوري اطلاعات(7116330),163 - شيراز(163),163 - شيراز(71163),71 - فارس(71)
5990114001,پایگاه‌داده‌ها,نظري,2,0,7719,,يكشنبه از 18:15 تا 20:00,سارا رنجبر,,20,,1405/04/02 از 13:00 تا 15:00,مهارتی -کامپیوتر2,کاردانی پیوسته,حضوري,ارائه در سطح گروه آموزشی,,گروه آموزشي کامپيوتر و فناوري اطلاعات(7116330),163 - شيراز(163),163 - شيراز(71163),71 - فارس(71)
5990114001,پایگاه‌داده‌ها,نظري,2,0,7718,,يكشنبه از 16:30 تا 18:15,سارا رنجبر,,20,,1405/04/02 از 13:00 تا 15:00,مهارتی -کامپیوتر2,کاردانی پیوسته,حضوري,ارائه در سطح گروه آموزشی,,گروه آموزشي کامپيوتر و فناوري اطلاعات(7116330),163 - شيراز(163),163 - شيراز(71163),71 - فارس(71)
5990138014,طراحی وب,نظري_عملي,1,1,7717,,چهارشنبه از 14:00 تا 17:00,علی حسینی,,20,,1405/03/26 از 13:00 تا 15:00,مهارتی -کامپیوتر4,کاردانی پیوسته,حضوري,ارائه در سطح گروه آموزشی,,گروه آموزشي کامپيوتر و فناوري اطلاعات(7116330),163 - شيراز(163),163 - شيراز(71163),71 - فارس(71)
5990138014,طراحی وب,نظري_عملي,1,1,7716,,چهارشنبه از 11:00 تا 14:00,علی حسینی,,20,,1405/03/26 از 13:00 تا 15:00,مهارتی -کامپیوتر4,کاردانی پیوسته,حضوري,ارائه در سطح گروه آموزشی,,گروه آموزشي کامپيوتر و فناوري اطلاعات(7116330),163 - شيراز(163),163 - شيراز(71163),71 - فارس(71)
5990181259,برنامه نویسی موبایل 1,نظري_عملي,1,1,7715,,شنبه از 07:30 تا 10:00,فهیمه تجرد,,25,,1405/03/30 از 13:00 تا 15:00,مهارتی -کامپیوتر2,کاردانی پیوسته,حضوري,ارائه در سطح گروه آموزشی,,گروه آموزشي کامپيوتر و فناوري اطلاعات(7116330),163 - شيراز(163),163 - شيراز(71163),71 - فارس(71)
5990181259,برنامه نویسی موبایل 1,نظري_عملي,1,1,7714,,چهارشنبه از 07:30 تا 10:00,فهیمه تجرد,,20,,1405/03/30 از 13:00 تا 15:00,مهارتی -کامپیوتر2,کاردانی پیوسته,حضوري,ارائه در سطح گروه آموزشی,,گروه آموزشي کامپيوتر و فناوري اطلاعات(7116330),163 - شيراز(163),163 - شيراز(71163),71 - فارس(71)
5990181603,آزمایشگاه نرم افزارهای اداری,عملي,0,1,7713,,چهارشنبه از 07:30 تا 09:15,علی حسینی,,35,,1405/03/19 از 10:00 تا 12:00,مهارتی -کامپیوتر4,کاردانی پیوسته,حضوري,ارائه در سطح گروه آموزشی,,گروه آموزشي کامپيوتر و فناوري اطلاعات(7116330),163 - شيراز(163),163 - شيراز(71163),71 - فارس(71)
5990145174,مبانی شبکه‌های کامپیوتری,نظري,2,0,7712,,سه شنبه از 18:00 تا 19:45,ازاده ظهيري,,0,,1405/03/24 از 13:00 تا 15:00,مهارتی -کامپیوتر2,کاردانی پیوسته,حضوري,ارائه در سطح گروه آموزشی,,گروه آموزشي کامپيوتر و فناوري اطلاعات(7116330),163 - شيراز(163),163 - شيراز(71163),71 - فارس(71)
5990145174,مبانی شبکه‌های کامپیوتری,نظري,2,0,7711,,پنج شنبه از 07:30 تا 09:15,ازاده ظهيري,,40,,1405/03/24 از 13:00 تا 15:00,مهارتی -کامپیوتر1,کاردانی پیوسته,حضوري,ارائه در سطح گروه آموزشی,,گروه آموزشي کامپيوتر و فناوري اطلاعات(7116330),163 - شيراز(163),163 - شيراز(71163),71 - فارس(71)
5990134775,سیستم عامل,نظري,2,0,7710,,شنبه از 17:00 تا 18:45,سید سجاد موید,,20,,1405/03/23 از 13:00 تا 15:00,مهارتی -کامپیوتر4,کاردانی پیوسته,حضوري,ارائه در سطح گروه آموزشی,,گروه آموزشي کامپيوتر و فناوري اطلاعات(7116330),163 - شيراز(163),163 - شيراز(71163),71 - فارس(71)
5990134775,سیستم عامل,نظري,2,0,7709,,پنج شنبه از 11:00 تا 12:45,ازاده ظهيري,,20,,1405/03/23 از 13:00 تا 15:00,مهارتی -کامپیوتر1,کاردانی پیوسته,حضوري,ارائه در سطح گروه آموزشی,,گروه آموزشي کامپيوتر و فناوري اطلاعات(7116330),163 - شيراز(163),163 - شيراز(71163),71 - فارس(71)
7000031535,مبانی کامپیوتر و برنامه سازی,نظري,3,0,16342543982,دانشجویان جدیدالورود,يكشنبه از 16:45 تا 18:30,عادل جهانبانی,,0,,1405/04/06 از 08:00 تا 10:00,مهندسی یک-16,كارشناسي پيوسته,حضوري,ارائه در سطح گروه آموزشی,,گروه آموزشي کامپيوتر و فناوري اطلاعات(7116330),163 - شيراز(163),163 - شيراز(71163),71 - فارس(71)
7000031535,مبانی کامپیوتر و برنامه سازی,نظري,3,0,16342543981,دانشجویان جدیدالورود,يكشنبه از 07:30 تا 09:15,کاظم براتی مهر,,0,,1405/04/06 از 08:00 تا 10:00,مهندسی یک-16,كارشناسي پيوسته,حضوري,ارائه در سطح گروه آموزشی,,گروه آموزشي کامپيوتر و فناوري اطلاعات(7116330),163 - شيراز(163),163 - شيراز(71163),71 - فارس(71)
7000031535,مبانی کامپیوتر و برنامه سازی,نظري,3,0,16342543980,دانشجویان جدیدالورود,,غلامرضا ستوده,,0,,1405/04/06 از 08:00 تا 10:00,,كارشناسي پيوسته,حضوري,ارائه در سطح گروه آموزشی,,گروه آموزشي کامپيوتر و فناوري اطلاعات(7116330),163 - شيراز(163),163 - شيراز(71163),71 - فارس(71)
7000031535,مبانی کامپیوتر و برنامه سازی,نظري,3,0,16342543979,دانشجویان جدیدالورود,يكشنبه از 15:45 تا 18:30,غلامرضا ستوده,,0,,1405/04/06 از 08:00 تا 10:00,مهندسی یک-215,كارشناسي پيوسته,حضوري,ارائه در سطح گروه آموزشی,,گروه آموزشي کامپيوتر و فناوري اطلاعات(7116330),163 - شيراز(163),163 - شيراز(71163),71 - فارس(71)
7000031535,مبانی کامپیوتر و برنامه سازی,نظري,3,0,16342543978,دانشجویان جدیدالورود,يكشنبه از 13:15 تا 18:30,محمد علی تبرزد,,0,,1405/04/06 از 08:00 تا 10:00,مهندسی یک-115,كارشناسي پيوسته,حضوري,ارائه در سطح گروه آموزشی,,گروه آموزشي کامپيوتر و فناوري اطلاعات(7116330),163 - شيراز(163),163 - شيراز(71163),71 - فارس(71)
7000031535,مبانی کامپیوتر و برنامه سازی,نظري,3,0,16342543977,دانشجویان جدیدالورود,يكشنبه از 16:45 تا 18:30,فرزاد قهرمانی,,0,,1405/04/06 از 08:00 تا 10:00,مهندسی یک-20کارگاه کامپیوتر,كارشناسي پيوسته,حضوري,ارائه در سطح گروه آموزشی,,گروه آموزشي کامپيوتر و فناوري اطلاعات(7116330),163 - شيراز(163),163 - شيراز(71163),71 - فارس(71)
7000031535,مبانی کامپیوتر و برنامه سازی,نظري,3,0,16342543976,دانشجویان جدیدالورود,يكشنبه از 07:30 تا 10:15,سميرا افراسيابي,,50,,1405/04/06 از 08:00 تا 10:00,مهندسی یک-19 کارگاه کامپیوتر,كارشناسي پيوسته,حضوري,ارائه در سطح گروه آموزشی,,گروه آموزشي کامپيوتر و فناوري اطلاعات(7116330),163 - شيراز(163),163 - شيراز(71163),71 - فارس(71)
7000031535,مبانی کامپیوتر و برنامه سازی,نظري,3,0,16342543975,دانشجویان جدیدالورود,يكشنبه از 15:45 تا 18:30,امیر رضا استخریان حقیقی,,0,,1405/04/06 از 08:00 تا 10:00,مهندسی یک- 18کارگاه کامپیوتر,كارشناسي پيوسته,حضوري,ارائه در سطح گروه آموزشی,,گروه آموزشي کامپيوتر و فناوري اطلاعات(7116330),163 - شيراز(163),163 - شيراز(71163),71 - فارس(71)
7000031535,مبانی کامپیوتر و برنامه سازی,نظري,3,0,16342543974,دانشجویان جدیدالورود,يكشنبه از 07:30 تا 18:30,ایمان بادروح,,0,,1405/04/06 از 08:00 تا 10:00,مهندسی یک-17کارگاه کامپیوتر,كارشناسي پيوسته,حضوري,ارائه در سطح گروه آموزشی,,گروه آموزشي کامپيوتر و فناوري اطلاعات(7116330),163 - شيراز(163),163 - شيراز(71163),71 - فارس(71)
7000031535,مبانی کامپیوتر و برنامه سازی,نظري,3,0,16342543973,دانشجویان جدیدالورود,يكشنبه از 13:15 تا 18:30,کاظم براتی مهر,,0,,1405/04/06 از 08:00 تا 10:00,مهندسی یک-15,كارشناسي پيوسته,حضوري,ارائه در سطح گروه آموزشی,,گروه آموزشي کامپيوتر و فناوري اطلاعات(7116330),163 - شيراز(163),163 - شيراز(71163),71 - فارس(71)
7000031535,مبانی کامپیوتر و برنامه سازی,نظري,3,0,16342543972,,چهارشنبه از 10:15 تا 11:45 چهارشنبه از ...,سميرا افراسيابي,,0,,1405/04/06 از 08:00 تا 10:00,,كارشناسي پيوسته,حضوري,ارائه در سطح گروه آموزشی,,گروه آموزشي کامپيوتر و فناوري اطلاعات(7116330),163 - شيراز(163),163 - شيراز(71163),71 - فارس(71)
7000031535,مبانی کامپیوتر و برنامه سازی,نظري,3,0,16342543971,دانشجویان جدیدالورود,دوشنبه از 15:45 تا 18:30,ایمان بادروح,,0,,1405/04/06 از 08:00 تا 10:00,مهندسی یک-19 کارگاه کامپیوتر,كارشناسي پيوسته,حضوري,ارائه در سطح گروه آموزشی,,گروه آموزشي کامپيوتر و فناوري اطلاعات(7116330),163 - شيراز(163),163 - شيراز(71163),71 - فارس(71)
7000031535,مبانی کامپیوتر و برنامه سازی,نظري,3,0,16342543970,دانشجویان جدیدالورود,دوشنبه از 15:45 تا 18:30,الهام پروین نیا,,0,,1405/04/06 از 08:00 تا 10:00,مهندسی یک- 18کارگاه کامپیوتر,كارشناسي پيوسته,حضوري,ارائه در سطح گروه آموزشی,,گروه آموزشي کامپيوتر و فناوري اطلاعات(7116330),163 - شيراز(163),163 - شيراز(71163),71 - فارس(71)
7000031535,مبانی کامپیوتر و برنامه سازی,نظري,3,0,16342543969,دانشجویان جدیدالورود,پنج شنبه از 07:30 تا 10:15,مهدی صفرپور,,0,,1405/04/06 از 08:00 تا 10:00,مهندسی یک-207,كارشناسي پيوسته,حضوري,ارائه در سطح گروه آموزشی,,گروه آموزشي کامپيوتر و فناوري اطلاعات(7116330),163 - شيراز(163),163 - شيراز(71163),71 - فارس(71)
7000031535,مبانی کامپیوتر و برنامه سازی,نظري,3,0,16342543968,دانشجویان جدیدالورود,,ایمان بادروح,,0,,1405/04/06 از 08:00 تا 10:00,,كارشناسي پيوسته,حضوري,ارائه در سطح گروه آموزشی,,گروه آموزشي کامپيوتر و فناوري اطلاعات(7116330),163 - شيراز(163),163 - شيراز(71163),71 - فارس(71)
7000031535,مبانی کامپیوتر و برنامه سازی,نظري,3,0,16342543967,دانشجویان جدیدالورود,,وحید صفاری,,0,,1405/04/06 از 08:00 تا 10:00,,كارشناسي پيوسته,حضوري,ارائه در سطح گروه آموزشی,,گروه آموزشي کامپيوتر و فناوري اطلاعات(7116330),163 - شيراز(163),163 - شيراز(71163),71 - فارس(71)
7000031535,مبانی کامپیوتر و برنامه سازی,نظري,3,0,16342543966,دانشجویان جدیدالورود,سه شنبه از 07:30 تا 13:15,کاظم براتی مهر,,0,,1405/04/06 از 08:00 تا 10:00,مهندسی یک-19 کارگاه کامپیوتر,كارشناسي پيوسته,حضوري,ارائه در سطح گروه آموزشی,,گروه آموزشي کامپيوتر و فناوري اطلاعات(7116330),163 - شيراز(163),163 - شيراز(71163),71 - فارس(71)
7000031535,مبانی کامپیوتر و برنامه سازی,نظري,3,0,16342543965,دانشجویان جدیدالورود,سه شنبه از 07:30 تا 13:15,ایمان بادروح,,0,,1405/04/06 از 08:00 تا 10:00,مهندسی یک-20کارگاه کامپیوتر,كارشناسي پيوسته,حضوري,ارائه در سطح گروه آموزشی,,گروه آموزشي کامپيوتر و فناوري اطلاعات(7116330),163 - شيراز(163),163 - شيراز(71163),71 - فارس(71)
7000031535,مبانی کامپیوتر و برنامه سازی,نظري,3,0,16342543964,دانشجویان جدیدالورود,چهارشنبه از 15:45 تا 18:30,ایمان بادروح,,0,,1405/04/06 از 08:00 تا 10:00,مهندسی یک-207,كارشناسي پيوسته,حضوري,ارائه در سطح گروه آموزشی,,گروه آموزشي کامپيوتر و فناوري اطلاعات(7116330),163 - شيراز(163),163 - شيراز(71163),71 - فارس(71)
7000031535,مبانی کامپیوتر و برنامه سازی,نظري,3,0,16342543963,دانشجویان جدیدالورود,,محمد علی تبرزد,,0,,1405/04/06 از 08:00 تا 10:00,,كارشناسي پيوسته,حضوري,ارائه در سطح گروه آموزشی,,گروه آموزشي کامپيوتر و فناوري اطلاعات(7116330),163 - شيراز(163),163 - شيراز(71163),71 - فارس(71)
7000031535,مبانی کامپیوتر و برنامه سازی,نظري,3,0,16342543962,دانشجویان جدیدالورود,چهارشنبه از 07:30 تا 10:15,سميرا افراسيابي,,50,,1405/04/06 از 08:00 تا 10:00,مهندسی یک-20کارگاه کامپیوتر,كارشناسي پيوسته,حضوري,ارائه در سطح گروه آموزشی,,گروه آموزشي کامپيوتر و فناوري اطلاعات(7116330),163 - شيراز(163),163 - شيراز(71163),71 - فارس(71)
7000031535,مبانی کامپیوتر و برنامه سازی,نظري,3,0,16342543961,دانشجویان جدیدالورود,چهارشنبه از 15:45 تا 18:30,کاظم براتی مهر,,0,,1405/04/06 از 08:00 تا 10:00,مهندسی یک-19 کارگاه کامپیوتر,كارشناسي پيوسته,حضوري,ارائه در سطح گروه آموزشی,,گروه آموزشي کامپيوتر و فناوري اطلاعات(7116330),163 - شيراز(163),163 - شيراز(71163),71 - فارس(71)
7000023374,الگوریتم های پیشرفته,نظري,3,0,163330659,,چهارشنبه از 15:45 تا 18:30,غلامرضا ستوده,,10,,1405/04/15 از 08:00 تا 10:00,,دكتري تخصصي,حضوري,ارائه در سطح گروه آموزشی,,گروه آموزشي کامپيوتر و فناوري اطلاعات(7116330),163 - شيراز(163),163 - شيراز(71163),71 - فارس(71)
7000038448,مباحث ویژه در هوش مصنوعی 2,نظري,3,0,163330660,بینایی پیشرفته,پنج شنبه از 13:15 تا 15:45,مهدی محرابی,,10,,1405/04/14 از 13:00 تا 15:00,مهندسی یک-117,دكتري تخصصي,حضوري,ارائه در سطح گروه آموزشی,,گروه آموزشي کامپيوتر و فناوري اطلاعات(7116330),163 - شيراز(163),163 - شيراز(71163),71 - فارس(71)
7000031535,مبانی کامپیوتر و برنامه سازی,نظري,3,0,16342543960,دانشجویان جدیدالورود,چهارشنبه از 15:45 تا 18:30,امین طوسی,,0,,1405/04/06 از 08:00 تا 10:00,مهندسی یک-16,كارشناسي پيوسته,حضوري,ارائه در سطح گروه آموزشی,,گروه آموزشي کامپيوتر و فناوري اطلاعات(7116330),163 - شيراز(163),163 - شيراز(71163),71 - فارس(71)
7000031535,مبانی کامپیوتر و برنامه سازی,نظري,3,0,16342543959,دانشجویان جدیدالورود,پنج شنبه از 15:45 تا 18:30,کاظم براتی مهر,,0,,1405/04/06 از 08:00 تا 10:00,مهندسی یک-219,كارشناسي پيوسته,حضوري,ارائه در سطح گروه آموزشی,,گروه آموزشي کامپيوتر و فناوري اطلاعات(7116330),163 - شيراز(163),163 - شيراز(71163),71 - فارس(71)
7000031535,مبانی کامپیوتر و برنامه سازی,نظري,3,0,16342543958,دانشجویان جدیدالورود,پنج شنبه از 15:45 تا 18:30,امیر رضا استخریان حقیقی,,0,,1405/04/06 از 08:00 تا 10:00,مهندسی یک-207,كارشناسي پيوسته,حضوري,ارائه در سطح گروه آموزشی,,گروه آموزشي کامپيوتر و فناوري اطلاعات(7116330),163 - شيراز(163),163 - شيراز(71163),71 - فارس(71)
7000031535,مبانی کامپیوتر و برنامه سازی,نظري,3,0,16342543957,دانشجویان جدیدالورود,پنج شنبه از 15:45 تا 18:30,مهدی صفرپور,,0,,1405/04/06 از 08:00 تا 10:00,مهندسی یک-117,كارشناسي پيوسته,حضوري,ارائه در سطح گروه آموزشی,,گروه آموزشي کامپيوتر و فناوري اطلاعات(7116330),163 - شيراز(163),163 - شيراز(71163),71 - فارس(71)
7000031535,مبانی کامپیوتر و برنامه سازی,نظري,3,0,16342543956,دانشجویان جدیدالورود,پنج شنبه از 15:45 تا 18:30,محمد علی تبرزد,,0,,1405/04/06 از 08:00 تا 10:00,مهندسی یک-20کارگاه کامپیوتر,كارشناسي پيوسته,حضوري,ارائه در سطح گروه آموزشی,,گروه آموزشي کامپيوتر و فناوري اطلاعات(7116330),163 - شيراز(163),163 - شيراز(71163),71 - فارس(71)
7000031535,مبانی کامپیوتر و برنامه سازی,نظري,3,0,16342543955,دانشجویان جدیدالورود,پنج شنبه از 13:15 تا 18:30,محمدامین شایگان,,0,,1405/04/06 از 08:00 تا 10:00,مهندسی یک-19 کارگاه کامپیوتر,كارشناسي پيوسته,حضوري,ارائه در سطح گروه آموزشی,,گروه آموزشي کامپيوتر و فناوري اطلاعات(7116330),163 - شيراز(163),163 - شيراز(71163),71 - فارس(71)
7000031535,مبانی کامپیوتر و برنامه سازی,نظري,3,0,16342543954,دانشجویان جدیدالورود,پنج شنبه از 10:15 تا 18:30,غلامرضا ستوده,,0,,1405/04/06 از 08:00 تا 10:00,مهندسی یک- 18کارگاه کامپیوتر,كارشناسي پيوسته,حضوري,ارائه در سطح گروه آموزشی,,گروه آموزشي کامپيوتر و فناوري اطلاعات(7116330),163 - شيراز(163),163 - شيراز(71163),71 - فارس(71)
7000031535,مبانی کامپیوتر و برنامه سازی,نظري,3,0,16342543953,دانشجویان جدیدالورود,پنج شنبه از 15:45 تا 18:30,وحید صفاری,,0,,1405/04/06 از 08:00 تا 10:00,مهندسی یک-16,كارشناسي پيوسته,حضوري,ارائه در سطح گروه آموزشی,,گروه آموزشي کامپيوتر و فناوري اطلاعات(7116330),163 - شيراز(163),163 - شيراز(71163),71 - فارس(71)
7000031535,مبانی کامپیوتر و برنامه سازی,نظري,3,0,16342543952,دانشجویان جدیدالورود,پنج شنبه از 15:45 تا 18:30,مهدی محرابی,,0,,1405/04/06 از 08:00 تا 10:00,مهندسی یک-15,كارشناسي پيوسته,حضوري,ارائه در سطح گروه آموزشی,,گروه آموزشي کامپيوتر و فناوري اطلاعات(7116330),163 - شيراز(163),163 - شيراز(71163),71 - فارس(71)
7000031535,مبانی کامپیوتر و برنامه سازی,نظري,3,0,16342543951,دانشجویان جدیدالورود,پنج شنبه از 07:30 تا 10:15,امین طوسی,,0,,1405/04/06 از 08:00 تا 10:00,مهندسی یک-17کارگاه کامپیوتر,كارشناسي پيوسته,حضوري,ارائه در سطح گروه آموزشی,,گروه آموزشي کامپيوتر و فناوري اطلاعات(7116330),163 - شيراز(163),163 - شيراز(71163),71 - فارس(71)
7000031535,مبانی کامپیوتر و برنامه سازی,نظري,3,0,16342543950,دانشجویان جدیدالورود,پنج شنبه از 15:45 تا 18:30,محمد علی اسدی,,0,,1405/04/06 از 08:00 تا 10:00,مهندسی یک-320,كارشناسي پيوسته,حضوري,ارائه در سطح گروه آموزشی,,گروه آموزشي کامپيوتر و فناوري اطلاعات(7116330),163 - شيراز(163),163 - شيراز(71163),71 - فارس(71)
7000031535,مبانی کامپیوتر و برنامه سازی,نظري,3,0,16342543949,دانشجویان جدیدالورود,پنج شنبه از 15:45 تا 18:30,صدیقه طاهری,,0,,1405/04/06 از 08:00 تا 10:00,مهندسی یک-216,كارشناسي پيوسته,حضوري,ارائه در سطح گروه آموزشی,,گروه آموزشي کامپيوتر و فناوري اطلاعات(7116330),163 - شيراز(163),163 - شيراز(71163),71 - فارس(71)
7000031535,مبانی کامپیوتر و برنامه سازی,نظري,3,0,16342543948,دانشجویان جدیدالورود,پنج شنبه از 15:45 تا 18:30,امین اسکندری,,0,,1405/04/06 از 08:00 تا 10:00,مهندسی یک-220,كارشناسي پيوسته,حضوري,ارائه در سطح گروه آموزشی,,گروه آموزشي کامپيوتر و فناوري اطلاعات(7116330),163 - شيراز(163),163 - شيراز(71163),71 - فارس(71)
7000031535,مبانی کامپیوتر و برنامه سازی,نظري,3,0,16342543947,دانشجویان جدیدالورود,پنج شنبه از 07:30 تا 10:15,امین اسکندری,,0,,1405/04/06 از 08:00 تا 10:00,مهندسی یک-220,كارشناسي پيوسته,حضوري,ارائه در سطح گروه آموزشی,,گروه آموزشي کامپيوتر و فناوري اطلاعات(7116330),163 - شيراز(163),163 - شيراز(71163),71 - فارس(71)
7000031535,مبانی کامپیوتر و برنامه سازی,نظري,3,0,16342543946,دانشجویان جدیدالورود,پنج شنبه از 13:15 تا 18:30,الهام پروین نیا,,0,,1405/04/06 از 08:00 تا 10:00,مهندسی یک-210,كارشناسي پيوسته,حضوري,ارائه در سطح گروه آموزشی,,گروه آموزشي کامپيوتر و فناوري اطلاعات(7116330),163 - شيراز(163),163 - شيراز(71163),71 - فارس(71)
7000031535,مبانی کامپیوتر و برنامه سازی,نظري,3,0,16342543945,دانشجویان جدیدالورود,پنج شنبه از 15:45 تا 18:30,امین طوسی,,0,,1405/04/06 از 08:00 تا 10:00,مهندسی یک-120,كارشناسي پيوسته,حضوري,ارائه در سطح گروه آموزشی,,گروه آموزشي کامپيوتر و فناوري اطلاعات(7116330),163 - شيراز(163),163 - شيراز(71163),71 - فارس(71)
7000031535,مبانی کامپیوتر و برنامه سازی,نظري,3,0,16342543944,دانشجویان جدیدالورود,پنج شنبه از 13:15 تا 15:45,فرزاد قهرمانی,,0,,1405/04/06 از 08:00 تا 10:00,مهندسی یک-120,كارشناسي پيوسته,حضوري,ارائه در سطح گروه آموزشی,,گروه آموزشي کامپيوتر و فناوري اطلاعات(7116330),163 - شيراز(163),163 - شيراز(71163),71 - فارس(71)
7000031535,مبانی کامپیوتر و برنامه سازی,نظري,3,0,16342543943,دانشجویان جدیدالورود,,فرزاد قهرمانی,,0,,1405/04/06 از 08:00 تا 10:00,,كارشناسي پيوسته,حضوري,ارائه در سطح گروه آموزشی,,گروه آموزشي کامپيوتر و فناوري اطلاعات(7116330),163 - شيراز(163),163 - شيراز(71163),71 - فارس(71)
7000031535,مبانی کامپیوتر و برنامه سازی,نظري,3,0,16342543942,,,امین طوسی,,0,,1405/04/06 از 08:00 تا 10:00,,كارشناسي پيوسته,حضوري,ارائه در سطح گروه آموزشی,,گروه آموزشي کامپيوتر و فناوري اطلاعات(7116330),163 - شيراز(163),163 - شيراز(71163),71 - فارس(71)
7000031535,مبانی کامپیوتر و برنامه سازی,نظري,3,0,16342543941,دانشجویان جدیدالورود,چهارشنبه از 07:30 تا 10:15,صدیقه طاهری,,0,,1405/04/06 از 08:00 تا 10:00,مهندسی یک-19 کارگاه کامپیوتر,كارشناسي پيوسته,حضوري,ارائه در سطح گروه آموزشی,,گروه آموزشي کامپيوتر و فناوري اطلاعات(7116330),163 - شيراز(163),163 - شيراز(71163),71 - فارس(71)
1392133479,سمینار,نظري,2,0,163330631,,,مهدی محرابی,,35,,1405/08/26 از 08:00 تا 10:00,,كارشناسي ارشد ناپيوسته,حضوري,ارائه در سطح گروه آموزشی,,گروه آموزشي کامپيوتر و فناوري اطلاعات(7116330),163 - شيراز(163),163 - شيراز(71163),71 - فارس(71)
7000020524,سمینار,سمينار,2,0,163330630,,,,,35,,,,كارشناسي ارشد ناپيوسته,حضوري,ارائه در سطح گروه آموزشی,,گروه آموزشي کامپيوتر و فناوري اطلاعات(7116330),163 - شيراز(163),163 - شيراز(71163),71 - فارس(71)
7000029937,سمینار,نظري,2,0,163330629,,,مهدی محرابی,,35,,1405/08/26 از 08:00 تا 10:00,,كارشناسي ارشد ناپيوسته,حضوري,ارائه در سطح گروه آموزشی,,گروه آموزشي کامپيوتر و فناوري اطلاعات(7116330),163 - شيراز(163),163 - شيراز(71163),71 - فارس(71)
7000020081,سمینار,نظري,2,0,163330628,,,مهدی محرابی,,35,,1405/08/27 از 08:00 تا 10:00,,كارشناسي ارشد ناپيوسته,حضوري,ارائه در سطح گروه آموزشی,,گروه آموزشي کامپيوتر و فناوري اطلاعات(7116330),163 - شيراز(163),163 - شيراز(71163),71 - فارس(71)
7000023524,تحلیل شبکه های پیچیده,نظري,3,0,163330657,,,,,7,,1405/04/16 از 08:00 تا 10:00,,دكتري تخصصي,حضوري,ارائه در سطح گروه آموزشی,,گروه آموزشي کامپيوتر و فناوري اطلاعات(7116330),163 - شيراز(163),163 - شيراز(71163),71 - فارس(71)
7000023509,تصویرپردازی رقمی,نظري,3,0,163330656,,,,,6,,1405/04/17 از 13:00 تا 15:00,,دكتري تخصصي,حضوري,ارائه در سطح گروه آموزشی,,گروه آموزشي کامپيوتر و فناوري اطلاعات(7116330),163 - شيراز(163),163 - شيراز(71163),71 - فارس(71)
7000023509,تصویرپردازی رقمی,نظري,3,0,163330655,,,,,5,,1405/04/17 از 13:00 تا 15:00,,دكتري تخصصي,حضوري,ارائه در سطح گروه آموزشی,,گروه آموزشي کامپيوتر و فناوري اطلاعات(7116330),163 - شيراز(163),163 - شيراز(71163),71 - فارس(71)
7000023504,یادگیری ماشین,نظري,3,0,163330654,,,,,0,,1405/04/06 از 08:00 تا 10:00,,دكتري تخصصي,حضوري,ارائه در سطح گروه آموزشی,,گروه آموزشي کامپيوتر و فناوري اطلاعات(7116330),163 - شيراز(163),163 - شيراز(71163),71 - فارس(71)
7000023504,یادگیری ماشین,نظري,3,0,163330653,,,,,12,,1405/04/06 از 08:00 تا 10:00,,دكتري تخصصي,حضوري,ارائه در سطح گروه آموزشی,,گروه آموزشي کامپيوتر و فناوري اطلاعات(7116330),163 - شيراز(163),163 - شيراز(71163),71 - فارس(71)
999999991,آزمون جامع,آزمون جامع,0,0,163330651,,,,,12,,,,دكتري تخصصي,حضوري,ارائه در سطح گروه آموزشی,,گروه آموزشي کامپيوتر و فناوري اطلاعات(7116330),163 - شيراز(163),163 - شيراز(71163),71 - فارس(71)
7000000606,رساله (6 واحد),پایان نامه_رساله,0,6,163330652,,,,,12,,,,دكتري تخصصي,حضوري,ارائه در سطح گروه آموزشی,,گروه آموزشي کامپيوتر و فناوري اطلاعات(7116330),163 - شيراز(163),163 - شيراز(71163),71 - فارس(71)
7000031535,مبانی کامپیوتر و برنامه سازی,نظري,3,0,16342543940,دانشجویان جدیدالورود,,صدیقه طاهری,,0,,1405/04/06 از 08:00 تا 10:00,,كارشناسي پيوسته,حضوري,ارائه در سطح گروه آموزشی,,گروه آموزشي کامپيوتر و فناوري اطلاعات(7116330),163 - شيراز(163),163 - شيراز(71163),71 - فارس(71)
7000031535,مبانی کامپیوتر و برنامه سازی,نظري,3,0,16342543939,دانشجویان جدیدالورود,,محمد علی اسدی,,0,,1405/04/06 از 08:00 تا 10:00,,كارشناسي پيوسته,حضوري,ارائه در سطح گروه آموزشی,,گروه آموزشي کامپيوتر و فناوري اطلاعات(7116330),163 - شيراز(163),163 - شيراز(71163),71 - فارس(71)
7000031535,مبانی کامپیوتر و برنامه سازی,نظري,3,0,16342543938,دانشجویان جدیدالورود,چهارشنبه از 15:45 تا 18:30,وحید صفاری,,0,,1405/04/06 از 08:00 تا 10:00,مهندسی یک-220,كارشناسي پيوسته,حضوري,ارائه در سطح گروه آموزشی,,گروه آموزشي کامپيوتر و فناوري اطلاعات(7116330),163 - شيراز(163),163 - شيراز(71163),71 - فارس(71)
7000031535,مبانی کامپیوتر و برنامه سازی,نظري,3,0,16342543937,دانشجویان جدیدالورود,چهارشنبه از 15:45 تا 18:30,الهام پروین نیا,,0,,1405/04/06 از 08:00 تا 10:00,مهندسی یک-219,كارشناسي پيوسته,حضوري,ارائه در سطح گروه آموزشی,,گروه آموزشي کامپيوتر و فناوري اطلاعات(7116330),163 - شيراز(163),163 - شيراز(71163),71 - فارس(71)
7000031535,مبانی کامپیوتر و برنامه سازی,نظري,3,0,16342543936,دانشجویان جدیدالورود,چهارشنبه از 15:45 تا 18:30,امین اسکندری,,0,,1405/04/06 از 08:00 تا 10:00,مهندسی یک-210,كارشناسي پيوسته,حضوري,ارائه در سطح گروه آموزشی,,گروه آموزشي کامپيوتر و فناوري اطلاعات(7116330),163 - شيراز(163),163 - شيراز(71163),71 - فارس(71)
7000031535,مبانی کامپیوتر و برنامه سازی,نظري,3,0,16342543935,دانشجویان جدیدالورود,چهارشنبه از 15:45 تا 18:30,مهدی صفرپور,,0,,1405/04/06 از 08:00 تا 10:00,مهندسی یک-120,كارشناسي پيوسته,حضوري,ارائه در سطح گروه آموزشی,,گروه آموزشي کامپيوتر و فناوري اطلاعات(7116330),163 - شيراز(163),163 - شيراز(71163),71 - فارس(71)
7000031535,مبانی کامپیوتر و برنامه سازی,نظري,3,0,16342543934,,سه شنبه از 15:00 تا 18:30,ایمان بادروح,,0,,1405/04/06 از 08:00 تا 10:00,مهندسی یک-20کارگاه کامپیوتر,كارشناسي پيوسته,حضوري,ارائه در سطح گروه آموزشی,,گروه آموزشي کامپيوتر و فناوري اطلاعات(7116330),163 - شيراز(163),163 - شيراز(71163),71 - فارس(71)
7000031535,مبانی کامپیوتر و برنامه سازی,نظري,3,0,16342543933,دانشجویان جدیدالورود,سه شنبه از 10:15 تا 11:45 سه شنبه از ...,غلامرضا ستوده,,0,,1405/04/06 از 08:00 تا 10:00,مهندسی یک-16,كارشناسي پيوسته,حضوري,ارائه در سطح گروه آموزشی,,گروه آموزشي کامپيوتر و فناوري اطلاعات(7116330),163 - شيراز(163),163 - شيراز(71163),71 - فارس(71)
7000031535,مبانی کامپیوتر و برنامه سازی,نظري,3,0,16342543932,دانشجویان جدیدالورود,سه شنبه از 07:30 تا 10:15,غلامرضا ستوده,,0,,1405/04/06 از 08:00 تا 10:00,مهندسی یک-16,كارشناسي پيوسته,حضوري,ارائه در سطح گروه آموزشی,,گروه آموزشي کامپيوتر و فناوري اطلاعات(7116330),163 - شيراز(163),163 - شيراز(71163),71 - فارس(71)
7000031535,مبانی کامپیوتر و برنامه سازی,نظري,3,0,16342543931,دانشجویان جدیدالورود,سه شنبه از 15:45 تا 18:30,امین اسکندری,,0,,1405/04/06 از 08:00 تا 10:00,مهندسی یک-320,كارشناسي پيوسته,حضوري,ارائه در سطح گروه آموزشی,,گروه آموزشي کامپيوتر و فناوري اطلاعات(7116330),163 - شيراز(163),163 - شيراز(71163),71 - فارس(71)
7000031535,مبانی کامپیوتر و برنامه سازی,نظري,3,0,16342543930,دانشجویان جدیدالورود,,صدیقه طاهری,,0,,1405/04/06 از 08:00 تا 10:00,,كارشناسي پيوسته,حضوري,ارائه در سطح گروه آموزشی,,گروه آموزشي کامپيوتر و فناوري اطلاعات(7116330),163 - شيراز(163),163 - شيراز(71163),71 - فارس(71)
7000031535,مبانی کامپیوتر و برنامه سازی,نظري,3,0,16342543929,دانشجویان جدیدالورود,,الهام پروین نیا,,0,,1405/04/06 از 08:00 تا 10:00,,كارشناسي پيوسته,حضوري,ارائه در سطح گروه آموزشی,,گروه آموزشي کامپيوتر و فناوري اطلاعات(7116330),163 - شيراز(163),163 - شيراز(71163),71 - فارس(71)
7000031535,مبانی کامپیوتر و برنامه سازی,نظري,3,0,16342543928,دانشجویان جدیدالورود,سه شنبه از 07:30 تا 10:15,الهام پروین نیا,,0,,1405/04/06 از 08:00 تا 10:00,مهندسی یک-220,كارشناسي پيوسته,حضوري,ارائه در سطح گروه آموزشی,,گروه آموزشي کامپيوتر و فناوري اطلاعات(7116330),163 - شيراز(163),163 - شيراز(71163),71 - فارس(71)
7000031535,مبانی کامپیوتر و برنامه سازی,نظري,3,0,16342543927,دانشجویان جدیدالورود,,مهدی محرابی,,0,,1405/04/06 از 08:00 تا 10:00,,كارشناسي پيوسته,حضوري,ارائه در سطح گروه آموزشی,,گروه آموزشي کامپيوتر و فناوري اطلاعات(7116330),163 - شيراز(163),163 - شيراز(71163),71 - فارس(71)
7000031535,مبانی کامپیوتر و برنامه سازی,نظري,3,0,16342543926,دانشجویان جدیدالورود,,فرزاد قهرمانی,,0,,1405/04/06 از 08:00 تا 10:00,,كارشناسي پيوسته,حضوري,ارائه در سطح گروه آموزشی,,گروه آموزشي کامپيوتر و فناوري اطلاعات(7116330),163 - شيراز(163),163 - شيراز(71163),71 - فارس(71)
7000031535,مبانی کامپیوتر و برنامه سازی,نظري,3,0,16342543925,دانشجویان جدیدالورود,سه شنبه از 10:15 تا 11:45 سه شنبه از ...,امین اسکندری,,0,,1405/04/06 از 08:00 تا 10:00,مهندسی یک-210,كارشناسي پيوسته,حضوري,ارائه در سطح گروه آموزشی,,گروه آموزشي کامپيوتر و فناوري اطلاعات(7116330),163 - شيراز(163),163 - شيراز(71163),71 - فارس(71)
7000031535,مبانی کامپیوتر و برنامه سازی,نظري,3,0,16342543924,دانشجویان جدیدالورود,سه شنبه از 07:30 تا 10:15,امین اسکندری,,0,,1405/04/06 از 08:00 تا 10:00,مهندسی یک-210,كارشناسي پيوسته,حضوري,ارائه در سطح گروه آموزشی,,گروه آموزشي کامپيوتر و فناوري اطلاعات(7116330),163 - شيراز(163),163 - شيراز(71163),71 - فارس(71)
7000031535,مبانی کامپیوتر و برنامه سازی,نظري,3,0,16342543923,دانشجویان جدیدالورود,سه شنبه از 07:30 تا 10:15,امین طوسی,,0,,1405/04/06 از 08:00 تا 10:00,مهندسی یک-120,كارشناسي پيوسته,حضوري,ارائه در سطح گروه آموزشی,,گروه آموزشي کامپيوتر و فناوري اطلاعات(7116330),163 - شيراز(163),163 - شيراز(71163),71 - فارس(71)
7000031535,مبانی کامپیوتر و برنامه سازی,نظري,3,0,16342543922,دانشجویان جدیدالورود,,امین طوسی,,0,,1405/04/06 از 08:00 تا 10:00,,كارشناسي پيوسته,حضوري,ارائه در سطح گروه آموزشی,,گروه آموزشي کامپيوتر و فناوري اطلاعات(7116330),163 - شيراز(163),163 - شيراز(71163),71 - فارس(71)
7000031535,مبانی کامپیوتر و برنامه سازی,نظري,3,0,16342543921,دانشجویان جدیدالورود,سه شنبه از 10:15 تا 11:45 سه شنبه از ...,امین طوسی,,0,,1405/04/06 از 08:00 تا 10:00,مهندسی یک-118,كارشناسي پيوسته,حضوري,ارائه در سطح گروه آموزشی,,گروه آموزشي کامپيوتر و فناوري اطلاعات(7116330),163 - شيراز(163),163 - شيراز(71163),71 - فارس(71)
7000031535,مبانی کامپیوتر و برنامه سازی,نظري,3,0,16342543920,دانشجویان جدیدالورود,دوشنبه از 15:45 تا 18:30,وحید صفاری,,0,,1405/04/06 از 08:00 تا 10:00,مهندسی یک-215,كارشناسي پيوسته,حضوري,ارائه در سطح گروه آموزشی,,گروه آموزشي کامپيوتر و فناوري اطلاعات(7116330),163 - شيراز(163),163 - شيراز(71163),71 - فارس(71)
7000031535,مبانی کامپیوتر و برنامه سازی,نظري,3,0,16342543919,دانشجویان جدیدالورود,دوشنبه از 15:45 تا 18:30,امین اسکندری,,0,,1405/04/06 از 08:00 تا 10:00,مهندسی یک-207,كارشناسي پيوسته,حضوري,ارائه در سطح گروه آموزشی,,گروه آموزشي کامپيوتر و فناوري اطلاعات(7116330),163 - شيراز(163),163 - شيراز(71163),71 - فارس(71)
7000031535,مبانی کامپیوتر و برنامه سازی,نظري,3,0,16342543918,دانشجویان جدیدالورود,دوشنبه از 15:45 تا 18:30,مهدی صفرپور,,0,,1405/04/06 از 08:00 تا 10:00,مهندسی یک-320,كارشناسي پيوسته,حضوري,ارائه در سطح گروه آموزشی,,گروه آموزشي کامپيوتر و فناوري اطلاعات(7116330),163 - شيراز(163),163 - شيراز(71163),71 - فارس(71)
7000031535,مبانی کامپیوتر و برنامه سازی,نظري,3,0,16342543917,دانشجویان جدیدالورود,دوشنبه از 13:15 تا 15:45,الهام پروین نیا,,0,,1405/04/06 از 08:00 تا 10:00,مهندسی یک-220,كارشناسي پيوسته,حضوري,ارائه در سطح گروه آموزشی,,گروه آموزشي کامپيوتر و فناوري اطلاعات(7116330),163 - شيراز(163),163 - شيراز(71163),71 - فارس(71)
7000031535,مبانی کامپیوتر و برنامه سازی,نظري,3,0,16342543916,دانشجویان جدیدالورود,,غلامرضا ستوده,,0,,1405/04/06 از 08:00 تا 10:00,,كارشناسي پيوسته,حضوري,ارائه در سطح گروه آموزشی,,گروه آموزشي کامپيوتر و فناوري اطلاعات(7116330),163 - شيراز(163),163 - شيراز(71163),71 - فارس(71)
7000031535,مبانی کامپیوتر و برنامه سازی,نظري,3,0,16342543915,دانشجویان جدیدالورود,,مهدی محرابی,,0,,1405/04/06 از 08:00 تا 10:00,,كارشناسي پيوسته,حضوري,ارائه در سطح گروه آموزشی,,گروه آموزشي کامپيوتر و فناوري اطلاعات(7116330),163 - شيراز(163),163 - شيراز(71163),71 - فارس(71)
7000031535,مبانی کامپیوتر و برنامه سازی,نظري,3,0,16342543914,دانشجویان جدیدالورود,دوشنبه از 10:15 تا 11:45 دوشنبه از از ...,مهدی صفرپور,,0,,1405/04/06 از 08:00 تا 10:00,مهندسی یک-210,كارشناسي پيوسته,حضوري,ارائه در سطح گروه آموزشی,,گروه آموزشي کامپيوتر و فناوري اطلاعات(7116330),163 - شيراز(163),163 - شيراز(71163),71 - فارس(71)
7000031535,مبانی کامپیوتر و برنامه سازی,نظري,3,0,16342543913,دانشجویان جدیدالورود,,مهدی صفرپور,,0,,1405/04/06 از 08:00 تا 10:00,,كارشناسي پيوسته,حضوري,ارائه در سطح گروه آموزشی,,گروه آموزشي کامپيوتر و فناوري اطلاعات(7116330),163 - شيراز(163),163 - شيراز(71163),71 - فارس(71)
7000031535,مبانی کامپیوتر و برنامه سازی,نظري,3,0,16342543912,دانشجویان جدیدالورود,دوشنبه از 10:15 تا 11:45 دوشنبه از از ...,مهدی محرابی,,0,,1405/04/06 از 08:00 تا 10:00,مهندسی یک-120,كارشناسي پيوسته,حضوري,ارائه در سطح گروه آموزشی,,گروه آموزشي کامپيوتر و فناوري اطلاعات(7116330),163 - شيراز(163),163 - شيراز(71163),71 - فارس(71)
7000031535,مبانی کامپیوتر و برنامه سازی,نظري,3,0,16342543911,دانشجویان جدیدالورود,دوشنبه از 15:45 تا 18:30,امین طوسی,,0,,1405/04/06 از 08:00 تا 10:00,مهندسی یک-118,كارشناسي پيوسته,حضوري,ارائه در سطح گروه آموزشی,,گروه آموزشي کامپيوتر و فناوري اطلاعات(7116330),163 - شيراز(163),163 - شيراز(71163),71 - فارس(71)
7000031535,مبانی کامپیوتر و برنامه سازی,نظري,3,0,16342543910,دانشجویان جدیدالورود,دوشنبه از 13:15 تا 15:45,امین طوسی,,0,,1405/04/06 از 08:00 تا 10:00,مهندسی یک-118,كارشناسي پيوسته,حضوري,ارائه در سطح گروه آموزشی,,گروه آموزشي کامپيوتر و فناوري اطلاعات(7116330),163 - شيراز(163),163 - شيراز(71163),71 - فارس(71)
7000031535,مبانی کامپیوتر و برنامه سازی,نظري,3,0,16342543909,دانشجویان جدیدالورود,يكشنبه از 15:45 تا 18:30,امین اسکندری,,0,,1405/04/06 از 08:00 تا 10:00,مهندسی یک-304,كارشناسي پيوسته,حضوري,ارائه در سطح گروه آموزشی,,گروه آموزشي کامپيوتر و فناوري اطلاعات(7116330),163 - شيراز(163),163 - شيراز(71163),71 - فارس(71)
7000031535,مبانی کامپیوتر و برنامه سازی,نظري,3,0,16342543908,دانشجویان جدیدالورود,يكشنبه از 13:15 تا 15:45,امین طوسی,,0,,1405/04/06 از 08:00 تا 10:00,مهندسی یک-304,كارشناسي پيوسته,حضوري,ارائه در سطح گروه آموزشی,,گروه آموزشي کامپيوتر و فناوري اطلاعات(7116330),163 - شيراز(163),163 - شيراز(71163),71 - فارس(71)
7000031535,مبانی کامپیوتر و برنامه سازی,نظري,3,0,16342543907,دانشجویان جدیدالورود,,الهام پروین نیا,,0,,1405/04/06 از 08:00 تا 10:00,,كارشناسي پيوسته,حضوري,ارائه در سطح گروه آموزشی,,گروه آموزشي کامپيوتر و فناوري اطلاعات(7116330),163 - شيراز(163),163 - شيراز(71163),71 - فارس(71)
7000031535,مبانی کامپیوتر و برنامه سازی,نظري,3,0,16342543906,دانشجویان جدیدالورود,يكشنبه از 13:15 تا 15:45,مهدی محرابی,,0,,1405/04/06 از 08:00 تا 10:00,مهندسی یک-207,كارشناسي پيوسته,حضوري,ارائه در سطح گروه آموزشی,,گروه آموزشي کامپيوتر و فناوري اطلاعات(7116330),163 - شيراز(163),163 - شيراز(71163),71 - فارس(71)
7000031535,مبانی کامپیوتر و برنامه سازی,نظري,3,0,16342543905,دانشجویان جدیدالورود,يكشنبه از 15:45 تا 18:30,مهدی محرابی,,0,,1405/04/06 از 08:00 تا 10:00,مهندسی یک-207,كارشناسي پيوسته,حضوري,ارائه در سطح گروه آموزشی,,گروه آموزشي کامپيوتر و فناوري اطلاعات(7116330),163 - شيراز(163),163 - شيراز(71163),71 - فارس(71)
7000031535,مبانی کامپیوتر و برنامه سازی,نظري,3,0,16342543904,دانشجویان جدیدالورود,يكشنبه از 15:45 تا 18:30,الهام پروین نیا,,0,,1405/04/06 از 08:00 تا 10:00,مهندسی یک-320,كارشناسي پيوسته,حضوري,ارائه در سطح گروه آموزشی,,گروه آموزشي کامپيوتر و فناوري اطلاعات(7116330),163 - شيراز(163),163 - شيراز(71163),71 - فارس(71)
7000031535,مبانی کامپیوتر و برنامه سازی,نظري,3,0,16342543903,دانشجویان جدیدالورود,يكشنبه از 15:45 تا 18:30,مهدی صفرپور,,0,,1405/04/06 از 08:00 تا 10:00,مهندسی یک-118,كارشناسي پيوسته,حضوري,ارائه در سطح گروه آموزشی,,گروه آموزشي کامپيوتر و فناوري اطلاعات(7116330),163 - شيراز(163),163 - شيراز(71163),71 - فارس(71)
7000031535,مبانی کامپیوتر و برنامه سازی,نظري,3,0,16342543902,دانشجویان جدیدالورود,يكشنبه از 10:15 تا 11:45 يكشنبه از از ...,سميرا افراسيابي,,50,,1405/04/06 از 08:00 تا 10:00,مهندسی یک-19 کارگاه کامپیوتر,كارشناسي پيوسته,حضوري,ارائه در سطح گروه آموزشی,,گروه آموزشي کامپيوتر و فناوري اطلاعات(7116330),163 - شيراز(163),163 - شيراز(71163),71 - فارس(71)
7000031535,مبانی کامپیوتر و برنامه سازی,نظري,3,0,16342543901,دانشجویان جدیدالورود,,مهدی صفرپور,,0,,1405/04/06 از 08:00 تا 10:00,,كارشناسي پيوسته,حضوري,ارائه در سطح گروه آموزشی,,گروه آموزشي کامپيوتر و فناوري اطلاعات(7116330),163 - شيراز(163),163 - شيراز(71163),71 - فارس(71)
7000031535,مبانی کامپیوتر و برنامه سازی,نظري,3,0,16342543900,دانشجویان جدیدالورود,,مهدی صفرپور,,0,,1405/04/06 از 08:00 تا 10:00,,كارشناسي پيوسته,حضوري,ارائه در سطح گروه آموزشی,,گروه آموزشي کامپيوتر و فناوري اطلاعات(7116330),163 - شيراز(163),163 - شيراز(71163),71 - فارس(71)
7000031535,مبانی کامپیوتر و برنامه سازی,نظري,3,0,16342543877,دانشجویان جدیدالورود,شنبه از 13:15 تا 15:45,مهدی صفرپور,,0,,1405/04/06 از 08:00 تا 10:00,مهندسی یک-320,كارشناسي پيوسته,حضوري,ارائه در سطح گروه آموزشی,,گروه آموزشي کامپيوتر و فناوري اطلاعات(7116330),163 - شيراز(163),163 - شيراز(71163),71 - فارس(71)
7000031535,مبانی کامپیوتر و برنامه سازی,نظري,3,0,1634254386,دانشجویان جدیدالورود,,مهدی محرابی,,0,,1405/04/06 از 08:00 تا 10:00,,كارشناسي پيوسته,حضوري,ارائه در سطح گروه آموزشی,,گروه آموزشي کامپيوتر و فناوري اطلاعات(7116330),163 - شيراز(163),163 - شيراز(71163),71 - فارس(71)
7000031535,مبانی کامپیوتر و برنامه سازی,نظري,3,0,16342543855,دانشجویان جدیدالورود,,مهدی محرابی,,0,,1405/04/06 از 08:00 تا 10:00,,كارشناسي پيوسته,حضوري,ارائه در سطح گروه آموزشی,,گروه آموزشي کامپيوتر و فناوري اطلاعات(7116330),163 - شيراز(163),163 - شيراز(71163),71 - فارس(71)
7000031535,مبانی کامپیوتر و برنامه سازی,نظري,3,0,16342543844,دانشجویان جدیدالورود,شنبه از 15:45 تا 18:30,مهدی محرابی,,0,,1405/04/06 از 08:00 تا 10:00,مهندسی یک-219,كارشناسي پيوسته,حضوري,ارائه در سطح گروه آموزشی,,گروه آموزشي کامپيوتر و فناوري اطلاعات(7116330),163 - شيراز(163),163 - شيراز(71163),71 - فارس(71)
4722143364,مباحث‌ ویژه‌,نظري,3,0,163331646,داده کاوی ورودی 402,,,,12,,1405/04/17 از 08:00 تا 10:00,,كارشناسي ارشد ناپيوسته,حضوري,ارائه در سطح گروه آموزشی,,گروه آموزشي کامپيوتر و فناوري اطلاعات(7116330),163 - شيراز(163),163 - شيراز(71163),71 - فارس(71)
7000023504,یادگیری ماشین,نظري,3,0,163330666,,,,,12,,1405/04/06 از 08:00 تا 10:00,,دكتري تخصصي,حضوري,ارائه در سطح گروه آموزشی,,گروه آموزشي کامپيوتر و فناوري اطلاعات(7116330),163 - شيراز(163),163 - شيراز(71163),71 - فارس(71)
7000031534,کارگاه عمومی,عملي,0,1,16310000000000001675,استاد : پورشیرازی,سه شنبه از 15:30 تا 17:00,امیرحسین قیصری,,16,,,163 - شيراز-104کارگاه برق و ماشین های الکتریکی سوله شماره 1 مجتمع آزمایشگاهی و کارگاهی دکتر محمود حسابی,كارشناسي پيوسته,حضوري,ارائه در سطح گروه آموزشی,,گروه آموزشي کامپيوتر و فناوري اطلاعات(7116330),163 - شيراز(163),163 - شيراز(71163),71 - فارس(71)
7000031534,کارگاه عمومی,عملي,0,1,16310000000000001674,استاد : پورشیرازی,سه شنبه از 14:00 تا 15:30,امیرحسین قیصری,,16,,,163 - شيراز-104کارگاه برق و ماشین های الکتریکی سوله شماره 1 مجتمع آزمایشگاهی و کارگاهی دکتر محمود حسابی,كارشناسي پيوسته,حضوري,ارائه در سطح گروه آموزشی,,گروه آموزشي کامپيوتر و فناوري اطلاعات(7116330),163 - شيراز(163),163 - شيراز(71163),71 - فارس(71)
7000031587,تجارت الکترونیکی,نظري,3,0,16310000000000001673,,,,,0,,1405/04/09 از 15:00 تا 16:30,,كارشناسي پيوسته,حضوري,ارائه در سطح گروه آموزشی,,گروه آموزشي کامپيوتر و فناوري اطلاعات(7116330),163 - شيراز(163),163 - شيراز(71163),71 - فارس(71)
7000031571,مدیریت پروژه های فناوری اطلاعات,نظري,3,0,16342545458,,,,,0,,1405/04/02 از 15:00 تا 16:30,,كارشناسي پيوسته,حضوري,ارائه در سطح گروه آموزشی,,گروه آموزشي کامپيوتر و فناوري اطلاعات(7116330),163 - شيراز(163),163 - شيراز(71163),71 - فارس(71)
7000031551,امنیت سیستم های کامپیوتری,نظري,3,0,16342545456,,,,,0,,1405/04/09 از 13:00 تا 15:00,,كارشناسي پيوسته,حضوري,ارائه در سطح گروه آموزشی,,گروه آموزشي کامپيوتر و فناوري اطلاعات(7116330),163 - شيراز(163),163 - شيراز(71163),71 - فارس(71)
4628181640,آزمایشگاه مدارهای منطقی و معماری کامپیوتر,عملي,0,1,16342545455,,,امین طوسی,,0,,1405/04/11 از 08:00 تا 10:00,,كارشناسي پيوسته,حضوري,ارائه در سطح گروه آموزشی,,گروه آموزشي کامپيوتر و فناوري اطلاعات(7116330),163 - شيراز(163),163 - شيراز(71163),71 - فارس(71)
4628181640,آزمایشگاه مدارهای منطقی و معماری کامپیوتر,عملي,0,1,16342545444,,,امین طوسی,,0,,1405/04/11 از 08:00 تا 10:00,,كارشناسي پيوسته,حضوري,ارائه در سطح گروه آموزشی,,گروه آموزشي کامپيوتر و فناوري اطلاعات(7116330),163 - شيراز(163),163 - شيراز(71163),71 - فارس(71)
4628101498,آزمایشگاه شبکه ‌های‌ کامپیوتری‌,عملي,0,1,16342540537,,,امین اسکندری,,0,,,,كارشناسي پيوسته,حضوري,ارائه در سطح گروه آموزشی,,گروه آموزشي کامپيوتر و فناوري اطلاعات(7116330),163 - شيراز(163),163 - شيراز(71163),71 - فارس(71)
4628101498,آزمایشگاه شبکه ‌های‌ کامپیوتری‌,عملي,0,1,16342540536,,,امین اسکندری,,0,,,,كارشناسي پيوسته,حضوري,ارائه در سطح گروه آموزشی,,گروه آموزشي کامپيوتر و فناوري اطلاعات(7116330),163 - شيراز(163),163 - شيراز(71163),71 - فارس(71)
4628181640,آزمایشگاه مدارهای منطقی و معماری کامپیوتر,عملي,0,1,16342545433,,,امین طوسی,,0,,1405/04/11 از 08:00 تا 10:00,,كارشناسي پيوسته,حضوري,ارائه در سطح گروه آموزشی,,گروه آموزشي کامپيوتر و فناوري اطلاعات(7116330),163 - شيراز(163),163 - شيراز(71163),71 - فارس(71)
4628181640,آزمایشگاه مدارهای منطقی و معماری کامپیوتر,عملي,0,1,16342545422,,,امین طوسی,,0,,1405/04/11 از 08:00 تا 10:00,,كارشناسي پيوسته,حضوري,ارائه در سطح گروه آموزشی,,گروه آموزشي کامپيوتر و فناوري اطلاعات(7116330),163 - شيراز(163),163 - شيراز(71163),71 - فارس(71)
4628101498,آزمایشگاه شبکه ‌های‌ کامپیوتری‌,عملي,0,1,16342540535,,,امین اسکندری,,0,,,,كارشناسي پيوسته,حضوري,ارائه در سطح گروه آموزشی,,گروه آموزشي کامپيوتر و فناوري اطلاعات(7116330),163 - شيراز(163),163 - شيراز(71163),71 - فارس(71)
4628181640,آزمایشگاه مدارهای منطقی و معماری کامپیوتر,عملي,0,1,16342545411,,,امین طوسی,,0,,1405/04/11 از 08:00 تا 10:00,,كارشناسي پيوسته,حضوري,ارائه در سطح گروه آموزشی,,گروه آموزشي کامپيوتر و فناوري اطلاعات(7116330),163 - شيراز(163),163 - شيراز(71163),71 - فارس(71)
4628101498,آزمایشگاه شبکه ‌های‌ کامپیوتری‌,عملي,0,1,16342540534,,,امین اسکندری,,0,,,,كارشناسي پيوسته,حضوري,ارائه در سطح گروه آموزشی,,گروه آموزشي کامپيوتر و فناوري اطلاعات(7116330),163 - شيراز(163),163 - شيراز(71163),71 - فارس(71)
4628101498,آزمایشگاه شبکه ‌های‌ کامپیوتری‌,عملي,0,1,16342540533,,,امین اسکندری,,0,,,,كارشناسي پيوسته,حضوري,ارائه در سطح گروه آموزشی,,گروه آموزشي کامپيوتر و فناوري اطلاعات(7116330),163 - شيراز(163),163 - شيراز(71163),71 - فارس(71)
4628102246,آزمایشگاه سیستم‌های عامل,عملي,0,1,16342540437,,,امین اسکندری,,0,,,,كارشناسي پيوسته,حضوري,ارائه در سطح گروه آموزشی,,گروه آموزشي کامپيوتر و فناوري اطلاعات(7116330),163 - شيراز(163),163 - شيراز(71163),71 - فارس(71)
4628102246,آزمایشگاه سیستم‌های عامل,عملي,0,1,16342540436,,,امین اسکندری,,0,,,,كارشناسي پيوسته,حضوري,ارائه در سطح گروه آموزشی,,گروه آموزشي کامپيوتر و فناوري اطلاعات(7116330),163 - شيراز(163),163 - شيراز(71163),71 - فارس(71)
4628102246,آزمایشگاه سیستم‌های عامل,عملي,0,1,16342540435,,,امین اسکندری,,0,,,,كارشناسي پيوسته,حضوري,ارائه در سطح گروه آموزشی,,گروه آموزشي کامپيوتر و فناوري اطلاعات(7116330),163 - شيراز(163),163 - شيراز(71163),71 - فارس(71)
4628102246,آزمایشگاه سیستم‌های عامل,عملي,0,1,16342540434,,,امین اسکندری,,0,,,,كارشناسي پيوسته,حضوري,ارائه در سطح گروه آموزشی,,گروه آموزشي کامپيوتر و فناوري اطلاعات(7116330),163 - شيراز(163),163 - شيراز(71163),71 - فارس(71)
4628102246,آزمایشگاه سیستم‌های عامل,عملي,0,1,16342540433,,,امین اسکندری,,0,,,,كارشناسي پيوسته,حضوري,ارائه در سطح گروه آموزشی,,گروه آموزشي کامپيوتر و فناوري اطلاعات(7116330),163 - شيراز(163),163 - شيراز(71163),71 - فارس(71)
4628130341,ریزپردازنده و زبان اسمبلی,نظري,3,0,16342542322,,,امین طوسی,,0,,1405/04/11 از 08:00 تا 10:00,,كارشناسي پيوسته,حضوري,ارائه در سطح گروه آموزشی,,گروه آموزشي کامپيوتر و فناوري اطلاعات(7116330),163 - شيراز(163),163 - شيراز(71163),71 - فارس(71)
4628130341,ریزپردازنده و زبان اسمبلی,نظري,3,0,16342542311,,,امین طوسی,,0,,1405/04/11 از 08:00 تا 10:00,,كارشناسي پيوسته,حضوري,ارائه در سطح گروه آموزشی,,گروه آموزشي کامپيوتر و فناوري اطلاعات(7116330),163 - شيراز(163),163 - شيراز(71163),71 - فارس(71)
4628101485,آزمایشگاه پایگاه داده,عملي,0,1,16342540237,,,امین اسکندری,,0,,,,كارشناسي پيوسته,حضوري,ارائه در سطح گروه آموزشی,,گروه آموزشي کامپيوتر و فناوري اطلاعات(7116330),163 - شيراز(163),163 - شيراز(71163),71 - فارس(71)
4628130341,ریزپردازنده و زبان اسمبلی,نظري,3,0,16342542300,,,امین طوسی,,0,,1405/04/11 از 08:00 تا 10:00,,كارشناسي پيوسته,حضوري,ارائه در سطح گروه آموزشی,,گروه آموزشي کامپيوتر و فناوري اطلاعات(7116330),163 - شيراز(163),163 - شيراز(71163),71 - فارس(71)
4628101485,آزمایشگاه پایگاه داده,عملي,0,1,16342540236,,,امین اسکندری,,0,,,,كارشناسي پيوسته,حضوري,ارائه در سطح گروه آموزشی,,گروه آموزشي کامپيوتر و فناوري اطلاعات(7116330),163 - شيراز(163),163 - شيراز(71163),71 - فارس(71)
4628101485,آزمایشگاه پایگاه داده,عملي,0,1,16342540235,,,امین اسکندری,,0,,,,كارشناسي پيوسته,حضوري,ارائه در سطح گروه آموزشی,,گروه آموزشي کامپيوتر و فناوري اطلاعات(7116330),163 - شيراز(163),163 - شيراز(71163),71 - فارس(71)
4628101485,آزمایشگاه پایگاه داده,عملي,0,1,16342540234,,,امین اسکندری,,0,,,,كارشناسي پيوسته,حضوري,ارائه در سطح گروه آموزشی,,گروه آموزشي کامپيوتر و فناوري اطلاعات(7116330),163 - شيراز(163),163 - شيراز(71163),71 - فارس(71)
4628101485,آزمایشگاه پایگاه داده,عملي,0,1,16342540233,,,امین اسکندری,,0,,,,كارشناسي پيوسته,حضوري,ارائه در سطح گروه آموزشی,,گروه آموزشي کامپيوتر و فناوري اطلاعات(7116330),163 - شيراز(163),163 - شيراز(71163),71 - فارس(71)
4628127605,روش پژوهش و ارایه,نظري,2,0,16342541888,,,امین طوسی,,0,,1405/04/11 از 08:00 تا 10:00,,كارشناسي پيوسته,حضوري,ارائه در سطح گروه آموزشی,,گروه آموزشي کامپيوتر و فناوري اطلاعات(7116330),163 - شيراز(163),163 - شيراز(71163),71 - فارس(71)
4628127605,روش پژوهش و ارایه,نظري,2,0,16342541877,,,امین طوسی,,0,,1405/04/11 از 08:00 تا 10:00,,كارشناسي پيوسته,حضوري,ارائه در سطح گروه آموزشی,,گروه آموزشي کامپيوتر و فناوري اطلاعات(7116330),163 - شيراز(163),163 - شيراز(71163),71 - فارس(71)
4628127605,روش پژوهش و ارایه,نظري,2,0,16342541866,,,امین طوسی,,0,,1405/04/11 از 08:00 تا 10:00,,كارشناسي پيوسته,حضوري,ارائه در سطح گروه آموزشی,,گروه آموزشي کامپيوتر و فناوري اطلاعات(7116330),163 - شيراز(163),163 - شيراز(71163),71 - فارس(71)
7000031535,مبانی کامپیوتر و برنامه سازی,نظري,3,0,163425445037,,,غلامرضا ستوده,,0,,1405/04/06 از 08:00 تا 10:00,,كارشناسي پيوسته,حضوري,ارائه در سطح گروه آموزشی,,گروه آموزشي کامپيوتر و فناوري اطلاعات(7116330),163 - شيراز(163),163 - شيراز(71163),71 - فارس(71)
7000023521,مباحث ویژه در هوش مصنوعی و رباتیک 2,نظري,3,0,163330665,,,,,6,,1405/04/14 از 13:00 تا 15:00,,دكتري تخصصي,حضوري,ارائه در سطح گروه آموزشی,,گروه آموزشي کامپيوتر و فناوري اطلاعات(7116330),163 - شيراز(163),163 - شيراز(71163),71 - فارس(71)
1396135030,سیستم های توزیع شده,نظري,3,0,163331644,,,,,12,,1405/04/11 از 08:00 تا 10:00,,كارشناسي ارشد ناپيوسته,حضوري,ارائه در سطح گروه آموزشی,,گروه آموزشي کامپيوتر و فناوري اطلاعات(7116330),163 - شيراز(163),163 - شيراز(71163),71 - فارس(71)
7000017485,شبکه های پیچیده پویا,نظري,3,0,163331643,,,کاظم براتی مهر,,0,,1405/04/18 از 13:00 تا 15:00,,كارشناسي ارشد ناپيوسته,حضوري,ارائه در سطح گروه آموزشی,,گروه آموزشي کامپيوتر و فناوري اطلاعات(7116330),163 - شيراز(163),163 - شيراز(71163),71 - فارس(71)
7000009130,رایانش ابری,نظري,3,0,163331642,,,,,12,,1405/04/09 از 08:00 تا 10:00,,كارشناسي ارشد ناپيوسته,حضوري,ارائه در سطح گروه آموزشی,,گروه آموزشي کامپيوتر و فناوري اطلاعات(7116330),163 - شيراز(163),163 - شيراز(71163),71 - فارس(71)
1395169334,پایگاه داده پیشرفته,نظري,3,0,163331642,,,,,12,,1405/04/07 از 08:00 تا 10:00,,كارشناسي ارشد ناپيوسته,حضوري,ارائه در سطح گروه آموزشی,,گروه آموزشي کامپيوتر و فناوري اطلاعات(7116330),163 - شيراز(163),163 - شيراز(71163),71 - فارس(71)
7000020502,تصویرپردازی رقمی,نظري,3,0,163331641,,,,,12,,1405/04/17 از 13:00 تا 15:00,,كارشناسي ارشد ناپيوسته,حضوري,ارائه در سطح گروه آموزشی,,گروه آموزشي کامپيوتر و فناوري اطلاعات(7116330),163 - شيراز(163),163 - شيراز(71163),71 - فارس(71)
7000020498,رایانش تکاملی,نظري,3,0,163331640,,,,,12,,1405/04/18 از 08:00 تا 10:00,,كارشناسي ارشد ناپيوسته,حضوري,ارائه در سطح گروه آموزشی,,گروه آموزشي کامپيوتر و فناوري اطلاعات(7116330),163 - شيراز(163),163 - شيراز(71163),71 - فارس(71)
1392125015,داده کاوی,نظري,3,0,163331639,,,,,12,,1405/04/17 از 08:00 تا 10:00,,كارشناسي ارشد ناپيوسته,حضوري,ارائه در سطح گروه آموزشی,,گروه آموزشي کامپيوتر و فناوري اطلاعات(7116330),163 - شيراز(163),163 - شيراز(71163),71 - فارس(71)
7000020495,یادگیری ماشین,نظري,3,0,163331638,,,,,12,,1405/04/06 از 08:00 تا 10:00,,كارشناسي ارشد ناپيوسته,حضوري,ارائه در سطح گروه آموزشی,,گروه آموزشي کامپيوتر و فناوري اطلاعات(7116330),163 - شيراز(163),163 - شيراز(71163),71 - فارس(71)
7000020495,یادگیری ماشین,نظري,3,0,163331637,,,,,12,,1405/04/06 از 08:00 تا 10:00,,كارشناسي ارشد ناپيوسته,حضوري,ارائه در سطح گروه آموزشی,,گروه آموزشي کامپيوتر و فناوري اطلاعات(7116330),163 - شيراز(163),163 - شيراز(71163),71 - فارس(71)
1392113914,پایان‌‌نامه,پایان نامه_رساله,0,6,163331637,,,,,35,,,,كارشناسي ارشد ناپيوسته,حضوري,ارائه در سطح گروه آموزشی,,گروه آموزشي کامپيوتر و فناوري اطلاعات(7116330),163 - شيراز(163),163 - شيراز(71163),71 - فارس(71)
7000020523,مباحث ویژه در هوش مصنوعی و رباتیک 2,نظري,3,0,163331636,محاسبات ادراکی,,,,12,,1405/04/10 از 08:00 تا 10:00,,كارشناسي ارشد ناپيوسته,حضوري,ارائه در سطح گروه آموزشی,,گروه آموزشي کامپيوتر و فناوري اطلاعات(7116330),163 - شيراز(163),163 - شيراز(71163),71 - فارس(71)
7000020511,مباحث ویژه در هوش مصنوعی و رباتیک 1,نظري,3,0,163331635,,,,,12,,1405/04/10 از 13:00 تا 15:00,,كارشناسي ارشد ناپيوسته,حضوري,ارائه در سطح گروه آموزشی,,گروه آموزشي کامپيوتر و فناوري اطلاعات(7116330),163 - شيراز(163),163 - شيراز(71163),71 - فارس(71)
1396113839,پاپان نامه,پایان نامه_رساله,6,0,163331634,,,,,35,,,,كارشناسي ارشد ناپيوسته,حضوري,ارائه در سطح گروه آموزشی,,گروه آموزشي کامپيوتر و فناوري اطلاعات(7116330),163 - شيراز(163),163 - شيراز(71163),71 - فارس(71)
7000020524,سمینار,سمينار,2,0,163331633,,,,,35,,,,كارشناسي ارشد ناپيوسته,حضوري,ارائه در سطح گروه آموزشی,,گروه آموزشي کامپيوتر و فناوري اطلاعات(7116330),163 - شيراز(163),163 - شيراز(71163),71 - فارس(71)
7000005121,پایان نامه,پایان نامه_رساله,0,6,163331632,,,,,35,,,,كارشناسي ارشد ناپيوسته,حضوري,ارائه در سطح گروه آموزشی,,گروه آموزشي کامپيوتر و فناوري اطلاعات(7116330),163 - شيراز(163),163 - شيراز(71163),71 - فارس(71)
7000020509,ربات های متحرک خودگران,نظري,3,0,163331631,,,,,12,,1405/04/08 از 08:00 تا 10:00,,كارشناسي ارشد ناپيوسته,حضوري,ارائه در سطح گروه آموزشی,,گروه آموزشي کامپيوتر و فناوري اطلاعات(7116330),163 - شيراز(163),163 - شيراز(71163),71 - فارس(71)
7000031550,شبکه های کامپیوتری,نظري,3,0,16342542634,,,,,1,,1405/04/10 از 15:00 تا 16:30,,كارشناسي پيوسته,حضوري,ارائه در سطح گروه آموزشی,,گروه آموزشي کامپيوتر و فناوري اطلاعات(7116330),163 - شيراز(163),163 - شيراز(71163),71 - فارس(71)
7000020509,ربات های متحرک خودگران,نظري,3,0,163331630,,,,,12,,1405/04/08 از 08:00 تا 10:00,,كارشناسي ارشد ناپيوسته,حضوري,ارائه در سطح گروه آموزشی,,گروه آموزشي کامپيوتر و فناوري اطلاعات(7116330),163 - شيراز(163),163 - شيراز(71163),71 - فارس(71)
4628135313,سیگنال ها و سیستم ها,نظري,3,0,16342542633,,يكشنبه از 07:30 تا 10:15,امیر رضا استخریان حقیقی,,50,,1405/04/08 از 15:00 تا 16:30,مهندسی یک-118,كارشناسي پيوسته,حضوري,ارائه در سطح گروه آموزشی,,گروه آموزشي کامپيوتر و فناوري اطلاعات(7116330),163 - شيراز(163),163 - شيراز(71163),71 - فارس(71)
7000031549,تحلیل و طراحی نرم افزار,نظري,3,0,16342546633,استاد :کشاورز,شنبه از 10:15 تا 11:45 شنبه از از ...,امین اسکندری,,50,,1405/04/14 از 15:00 تا 16:30,مهندسی یک-210,كارشناسي پيوسته,حضوري,ارائه در سطح گروه آموزشی,,گروه آموزشي کامپيوتر و فناوري اطلاعات(7116330),163 - شيراز(163),163 - شيراز(71163),71 - فارس(71)
4628117515,تحلیل‌ و طراحی سیستم ها,نظري,3,0,16342541744,,,,,50,,1405/04/14 از 15:00 تا 16:30,,كارشناسي پيوسته,حضوري,ارائه در سطح گروه آموزشی,,گروه آموزشي کامپيوتر و فناوري اطلاعات(7116330),163 - شيراز(163),163 - شيراز(71163),71 - فارس(71)
7000023168,تحلیل کلان داده ها,نظري,3,0,163330665,داده کاوی,,,,6,,1405/04/17 از 08:00 تا 10:00,,دكتري تخصصي,حضوري,ارائه در سطح گروه آموزشی,,گروه آموزشي کامپيوتر و فناوري اطلاعات(7116330),163 - شيراز(163),163 - شيراز(71163),71 - فارس(71)
7000017485,شبکه های پیچیده پویا,نظري,3,0,163330646,برای نرم افزار,,,,12,,1405/04/18 از 13:00 تا 15:00,,كارشناسي ارشد ناپيوسته,حضوري,ارائه در سطح گروه آموزشی,,گروه آموزشي کامپيوتر و فناوري اطلاعات(7116330),163 - شيراز(163),163 - شيراز(71163),71 - فارس(71)
4722128026,روش تحقیق و سمینار,نظري,2,0,163330642,,,مهدی محرابی,,35,,1405/08/27 از 08:00 تا 10:00,,كارشناسي ارشد ناپيوسته,حضوري,ارائه در سطح گروه آموزشی,,گروه آموزشي کامپيوتر و فناوري اطلاعات(7116330),163 - شيراز(163),163 - شيراز(71163),71 - فارس(71)
1392185334,پایان نامه,پایان نامه_رساله,0,6,163330640,,,,,35,,,,كارشناسي ارشد ناپيوسته,حضوري,ارائه در سطح گروه آموزشی,,گروه آموزشي کامپيوتر و فناوري اطلاعات(7116330),163 - شيراز(163),163 - شيراز(71163),71 - فارس(71)
4722113914,پایان‌‌نامه,پایان نامه_رساله,0,6,163330639,,,,,35,,,,كارشناسي ارشد ناپيوسته,حضوري,ارائه در سطح گروه آموزشی,,گروه آموزشي کامپيوتر و فناوري اطلاعات(7116330),163 - شيراز(163),163 - شيراز(71163),71 - فارس(71)
7000038317,پایان نامه,پایان نامه_رساله,0,6,163330638,,,,,35,,,,كارشناسي ارشد ناپيوسته,حضوري,ارائه در سطح گروه آموزشی,,گروه آموزشي کامپيوتر و فناوري اطلاعات(7116330),163 - شيراز(163),163 - شيراز(71163),71 - فارس(71)
7000038317,پایان نامه,پایان نامه_رساله,0,6,163330643,,,,,35,,,,كارشناسي ارشد ناپيوسته,حضوري,ارائه در سطح گروه آموزشی,,گروه آموزشي کامپيوتر و فناوري اطلاعات(7116330),163 - شيراز(163),163 - شيراز(71163),71 - فارس(71)
7000005125,روش تحقیق,نظري,2,0,163330637,نرم افزار,,,,12,,1405/04/14 از 08:00 تا 10:00,,كارشناسي ارشد ناپيوسته,حضوري,ارائه در سطح گروه آموزشی,,گروه آموزشي کامپيوتر و فناوري اطلاعات(7116330),163 - شيراز(163),163 - شيراز(71163),71 - فارس(71)
7000005125,روش تحقیق,نظري,2,0,163330636,نرم افزار,,,,8,,1405/04/14 از 08:00 تا 10:00,,كارشناسي ارشد ناپيوسته,حضوري,ارائه در سطح گروه آموزشی,,گروه آموزشي کامپيوتر و فناوري اطلاعات(7116330),163 - شيراز(163),163 - شيراز(71163),71 - فارس(71)
4722143364,مباحث‌ ویژه‌,نظري,3,0,163330635,شبکه اجتماعی,,,,12,,1405/04/18 از 13:00 تا 15:00,,كارشناسي ارشد ناپيوسته,حضوري,ارائه در سطح گروه آموزشی,,گروه آموزشي کامپيوتر و فناوري اطلاعات(7116330),163 - شيراز(163),163 - شيراز(71163),71 - فارس(71)
7000038448,مباحث ویژه در هوش مصنوعی 2,نظري,3,0,163330633,محاسبات ادراکی,چهارشنبه از 13:15 تا 15:45,فرزاد قهرمانی,,20,,1405/04/10 از 08:00 تا 10:00,مهندسی یک-118,كارشناسي ارشد ناپيوسته,حضوري,ارائه در سطح گروه آموزشی,,گروه آموزشي کامپيوتر و فناوري اطلاعات(7116330),163 - شيراز(163),163 - شيراز(71163),71 - فارس(71)
7000023519,مباحث ویژه در هوش مصنوعی و رباتیک 1,نظري,3,0,163330664,سامانه فازی,,,,12,,1405/04/10 از 13:00 تا 15:00,,دكتري تخصصي,حضوري,ارائه در سطح گروه آموزشی,,گروه آموزشي کامپيوتر و فناوري اطلاعات(7116330),163 - شيراز(163),163 - شيراز(71163),71 - فارس(71)
7000023521,مباحث ویژه در هوش مصنوعی و رباتیک 2,نظري,3,0,163330663,محاسبات ادراکی,,,,12,,1405/04/10 از 08:00 تا 10:00,,دكتري تخصصي,حضوري,ارائه در سطح گروه آموزشی,,گروه آموزشي کامپيوتر و فناوري اطلاعات(7116330),163 - شيراز(163),163 - شيراز(71163),71 - فارس(71)
7000023068,سیستم های توزیع شده,نظري,3,0,163330662,,,,,12,,1405/04/11 از 08:00 تا 10:00,,دكتري تخصصي,حضوري,ارائه در سطح گروه آموزشی,,گروه آموزشي کامپيوتر و فناوري اطلاعات(7116330),163 - شيراز(163),163 - شيراز(71163),71 - فارس(71)
7000023153,رایانش تکاملی,نظري,3,0,163330661,,,,,12,,1405/04/18 از 08:00 تا 10:00,,دكتري تخصصي,حضوري,ارائه در سطح گروه آموزشی,,گروه آموزشي کامپيوتر و فناوري اطلاعات(7116330),163 - شيراز(163),163 - شيراز(71163),71 - فارس(71)
5990114704,پروژه,عملي,0,2,77724,,,علی حسینی,,5,,,,کاردانی پیوسته,حضوري,ارائه در سطح گروه آموزشی,,گروه آموزشي کامپيوتر و فناوري اطلاعات(7116330),163 - شيراز(163),163 - شيراز(71163),71 - فارس(71)
5990114704,پروژه,عملي,0,2,77723,,,زهراسادات عصایی معمم,,5,,,,کاردانی پیوسته,حضوري,ارائه در سطح گروه آموزشی,,گروه آموزشي کامپيوتر و فناوري اطلاعات(7116330),163 - شيراز(163),163 - شيراز(71163),71 - فارس(71)
5990114704,پروژه,عملي,0,2,77722,,,محبوبه اقتصاد,,5,,,,کاردانی پیوسته,حضوري,ارائه در سطح گروه آموزشی,,گروه آموزشي کامپيوتر و فناوري اطلاعات(7116330),163 - شيراز(163),163 - شيراز(71163),71 - فارس(71)
5990114704,پروژه,عملي,0,2,77721,,,فهیمه تجرد,,5,,,,کاردانی پیوسته,حضوري,ارائه در سطح گروه آموزشی,,گروه آموزشي کامپيوتر و فناوري اطلاعات(7116330),163 - شيراز(163),163 - شيراز(71163),71 - فارس(71)
5990156372,کارآموزی,كارآموزي,0,2,77715,,,امیر محسنی آهویی,,5,,,,کاردانی پیوسته,حضوري,ارائه در سطح گروه آموزشی,,گروه آموزشي کامپيوتر و فناوري اطلاعات(7116330),163 - شيراز(163),163 - شيراز(71163),71 - فارس(71)
5990156372,کارآموزی,كارآموزي,0,2,77714,,,علی حسینی,,5,,,,کاردانی پیوسته,حضوري,ارائه در سطح گروه آموزشی,,گروه آموزشي کامپيوتر و فناوري اطلاعات(7116330),163 - شيراز(163),163 - شيراز(71163),71 - فارس(71)
5990156372,کارآموزی,كارآموزي,0,2,77713,,,زهراسادات عصایی معمم,,5,,,,کاردانی پیوسته,حضوري,ارائه در سطح گروه آموزشی,,گروه آموزشي کامپيوتر و فناوري اطلاعات(7116330),163 - شيراز(163),163 - شيراز(71163),71 - فارس(71)
5990156372,کارآموزی,كارآموزي,0,2,77712,,,محبوبه اقتصاد,,5,,,,کاردانی پیوسته,حضوري,ارائه در سطح گروه آموزشی,,گروه آموزشي کامپيوتر و فناوري اطلاعات(7116330),163 - شيراز(163),163 - شيراز(71163),71 - فارس(71)
5990156372,کارآموزی,كارآموزي,0,2,77711,,,فهیمه تجرد,,5,,,,کاردانی پیوسته,حضوري,ارائه در سطح گروه آموزشی,,گروه آموزشي کامپيوتر و فناوري اطلاعات(7116330),163 - شيراز(163),163 - شيراز(71163),71 - فارس(71)
6138114704,پروژه,عملي,0,3,88824,,,علی حسینی,,5,,,,كارشناسي ناپيوسته,حضوري,ارائه در سطح گروه آموزشی,,گروه آموزشي کامپيوتر و فناوري اطلاعات(7116330),163 - شيراز(163),163 - شيراز(71163),71 - فارس(71)
6138114704,پروژه,عملي,0,3,88823,,,زهراسادات عصایی معمم,,5,,,,كارشناسي ناپيوسته,حضوري,ارائه در سطح گروه آموزشی,,گروه آموزشي کامپيوتر و فناوري اطلاعات(7116330),163 - شيراز(163),163 - شيراز(71163),71 - فارس(71)
6138114704,پروژه,عملي,0,3,88822,,,محبوبه اقتصاد,,5,,,,كارشناسي ناپيوسته,حضوري,ارائه در سطح گروه آموزشی,,گروه آموزشي کامپيوتر و فناوري اطلاعات(7116330),163 - شيراز(163),163 - شيراز(71163),71 - فارس(71)
6138114704,پروژه,عملي,0,3,88821,,,فهیمه تجرد,,5,,,,كارشناسي ناپيوسته,حضوري,ارائه در سطح گروه آموزشی,,گروه آموزشي کامپيوتر و فناوري اطلاعات(7116330),163 - شيراز(163),163 - شيراز(71163),71 - فارس(71)
6138156372,کارآموزی,كارآموزي,0,2,88815,,,امیر محسنی آهویی,,5,,,,كارشناسي ناپيوسته,حضوري,ارائه در سطح گروه آموزشی,,گروه آموزشي کامپيوتر و فناوري اطلاعات(7116330),163 - شيراز(163),163 - شيراز(71163),71 - فارس(71)
6138156372,کارآموزی,كارآموزي,0,2,88814,,,علی حسینی,,5,,,,كارشناسي ناپيوسته,حضوري,ارائه در سطح گروه آموزشی,,گروه آموزشي کامپيوتر و فناوري اطلاعات(7116330),163 - شيراز(163),163 - شيراز(71163),71 - فارس(71)
6138156372,کارآموزی,كارآموزي,0,2,88813,,,زهراسادات عصایی معمم,,5,,,,كارشناسي ناپيوسته,حضوري,ارائه در سطح گروه آموزشی,,گروه آموزشي کامپيوتر و فناوري اطلاعات(7116330),163 - شيراز(163),163 - شيراز(71163),71 - فارس(71)
6138156372,کارآموزی,كارآموزي,0,2,88812,,,محبوبه اقتصاد,,5,,,,كارشناسي ناپيوسته,حضوري,ارائه در سطح گروه آموزشی,,گروه آموزشي کامپيوتر و فناوري اطلاعات(7116330),163 - شيراز(163),163 - شيراز(71163),71 - فارس(71)
6138156372,کارآموزی,كارآموزي,0,2,88811,,,فهیمه تجرد,,5,,,,كارشناسي ناپيوسته,حضوري,ارائه در سطح گروه آموزشی,,گروه آموزشي کامپيوتر و فناوري اطلاعات(7116330),163 - شيراز(163),163 - شيراز(71163),71 - فارس(71)
7000031540,داده ساختارها و الگوریتم ها,نظري,3,0,163425418222,,يكشنبه از 15:45 تا 18:30,صدیقه طاهری,,50,,1405/04/08 از 08:00 تا 10:00,مهندسی یک-120,كارشناسي پيوسته,حضوري,ارائه در سطح گروه آموزشی,,گروه آموزشي کامپيوتر و فناوري اطلاعات(7116330),163 - شيراز(163),163 - شيراز(71163),71 - فارس(71)
7000031535,مبانی کامپیوتر و برنامه سازی,نظري,3,0,16342543990,,سه شنبه از 07:30 تا 09:15,عبدالکریم جوانمردی,,0,,1405/04/06 از 08:00 تا 10:00,مهندسی یک-207,كارشناسي پيوسته,حضوري,ارائه در سطح گروه آموزشی,,گروه آموزشي کامپيوتر و فناوري اطلاعات(7116330),163 - شيراز(163),163 - شيراز(71163),71 - فارس(71)
7000031535,مبانی کامپیوتر و برنامه سازی,نظري,3,0,16342543989,دانشجویان جدیدالورود,شنبه از 15:45 تا 18:30,محمد علی اسدی,,0,,1405/04/06 از 08:00 تا 10:00,مهندسی یک-110,كارشناسي پيوسته,حضوري,ارائه در سطح گروه آموزشی,,گروه آموزشي کامپيوتر و فناوري اطلاعات(7116330),163 - شيراز(163),163 - شيراز(71163),71 - فارس(71)
7000031535,مبانی کامپیوتر و برنامه سازی,نظري,3,0,16342543988,دانشجویان جدیدالورود,شنبه از 15:45 تا 18:30,مهدی صفرپور,,0,,1405/04/06 از 08:00 تا 10:00,مهندسی یک-207,كارشناسي پيوسته,حضوري,ارائه در سطح گروه آموزشی,,گروه آموزشي کامپيوتر و فناوري اطلاعات(7116330),163 - شيراز(163),163 - شيراز(71163),71 - فارس(71)
4628150474,معماری‌ کامپیوتر,نظري,3,0,163425445000,,,,,50,,1405/04/14 از 13:00 تا 15:00,,كارشناسي پيوسته,حضوري,ارائه در سطح گروه آموزشی,,گروه آموزشي کامپيوتر و فناوري اطلاعات(7116330),163 - شيراز(163),163 - شيراز(71163),71 - فارس(71)
7000031535,مبانی کامپیوتر و برنامه سازی,نظري,3,0,16342543987,دانشجویان جدیدالورود,,امیر رضا استخریان حقیقی,,0,,1405/04/06 از 08:00 تا 10:00,,كارشناسي پيوسته,حضوري,ارائه در سطح گروه آموزشی,,گروه آموزشي کامپيوتر و فناوري اطلاعات(7116330),163 - شيراز(163),163 - شيراز(71163),71 - فارس(71)
7000031535,مبانی کامپیوتر و برنامه سازی,نظري,3,0,16342543986,دانشجویان جدیدالورود,شنبه از 09:15 تا 13:15,ایمان بادروح,,0,,1405/04/06 از 08:00 تا 10:00,مهندسی یک-19 کارگاه کامپیوتر,كارشناسي پيوسته,حضوري,ارائه در سطح گروه آموزشی,,گروه آموزشي کامپيوتر و فناوري اطلاعات(7116330),163 - شيراز(163),163 - شيراز(71163),71 - فارس(71)
4628150474,معماری‌ کامپیوتر,نظري,3,0,163425444999,,,,,50,,1405/04/14 از 13:00 تا 15:00,,كارشناسي پيوسته,حضوري,ارائه در سطح گروه آموزشی,,گروه آموزشي کامپيوتر و فناوري اطلاعات(7116330),163 - شيراز(163),163 - شيراز(71163),71 - فارس(71)
7000031535,مبانی کامپیوتر و برنامه سازی,نظري,3,0,16342543985,دانشجویان جدیدالورود,شنبه از 15:45 تا 18:30,الهام پروین نیا,,0,,1405/04/06 از 08:00 تا 10:00,مهندسی یک-17کارگاه کامپیوتر,كارشناسي پيوسته,حضوري,ارائه در سطح گروه آموزشی,,گروه آموزشي کامپيوتر و فناوري اطلاعات(7116330),163 - شيراز(163),163 - شيراز(71163),71 - فارس(71)
7000031535,مبانی کامپیوتر و برنامه سازی,نظري,3,0,16342543984,دانشجویان جدیدالورود,شنبه از 07:30 تا 13:15,وحید صفاری,,0,,1405/04/06 از 08:00 تا 10:00,مهندسی یک-16,كارشناسي پيوسته,حضوري,ارائه در سطح گروه آموزشی,,گروه آموزشي کامپيوتر و فناوري اطلاعات(7116330),163 - شيراز(163),163 - شيراز(71163),71 - فارس(71)
7000031535,مبانی کامپیوتر و برنامه سازی,نظري,3,0,16342543983,دانشجویان جدیدالورود,شنبه از 07:30 تا 13:15,عادل جهانبانی,,0,,1405/04/06 از 08:00 تا 10:00,مهندسی یک-15,كارشناسي پيوسته,حضوري,ارائه در سطح گروه آموزشی,,گروه آموزشي کامپيوتر و فناوري اطلاعات(7116330),163 - شيراز(163),163 - شيراز(71163),71 - فارس(71)
99091,زبان انگلیسی عمومی-ترکیبی(2),نظري,1,0,4042226,,پنج شنبه از 11:30 تا 12:30,سپيده سالخورد,,100,,1405/04/20 از 10:00 تا 12:00,,كارشناسي پيوسته,ارائه ترکیبی در واحد منتخب,ارائه در سطح دانشکده,,گروه آموزشي دروس عمومي(7116399),163 - شيراز(163),163 - شيراز(71163),71 - فارس(71)
99091,زبان انگلیسی عمومی-ترکیبی(2),نظري,1,0,4042225,,پنج شنبه از 10:30 تا 11:30,سپيده سالخورد,,102,,1405/04/20 از 10:00 تا 12:00,,كارشناسي پيوسته,ارائه ترکیبی در واحد منتخب,ارائه در سطح دانشکده,,گروه آموزشي دروس عمومي(7116399),163 - شيراز(163),163 - شيراز(71163),71 - فارس(71)
99091,زبان انگلیسی عمومی-ترکیبی(2),نظري,1,0,4042224,,پنج شنبه از 09:30 تا 10:30,محمدجواد بهمئي,,100,,1405/04/20 از 10:00 تا 12:00,,كارشناسي پيوسته,ارائه ترکیبی در واحد منتخب,ارائه در سطح دانشکده,,گروه آموزشي دروس عمومي(7116399),163 - شيراز(163),163 - شيراز(71163),71 - فارس(71)
99091,زبان انگلیسی عمومی-ترکیبی(2),نظري,1,0,4042223,,پنج شنبه از 08:30 تا 09:30,محمدجواد بهمئي,,100,,1405/04/20 از 10:00 تا 12:00,,كارشناسي پيوسته,ارائه ترکیبی در واحد منتخب,ارائه در سطح دانشکده,,گروه آموزشي دروس عمومي(7116399),163 - شيراز(163),163 - شيراز(71163),71 - فارس(71)
99091,زبان انگلیسی عمومی-ترکیبی(2),نظري,1,0,4042222,,چهارشنبه از 16:30 تا 17:30,محمدجواد بهمئي,,100,,1405/04/20 از 10:00 تا 12:00,,كارشناسي پيوسته,ارائه ترکیبی در واحد منتخب,ارائه در سطح دانشکده,,گروه آموزشي دروس عمومي(7116399),163 - شيراز(163),163 - شيراز(71163),71 - فارس(71)
99091,زبان انگلیسی عمومی-ترکیبی(2),نظري,1,0,4042221,,چهارشنبه از 15:30 تا 16:30,محمدجواد بهمئي,,100,,1405/04/20 از 10:00 تا 12:00,,كارشناسي پيوسته,ارائه ترکیبی در واحد منتخب,ارائه در سطح دانشکده,,گروه آموزشي دروس عمومي(7116399),163 - شيراز(163),163 - شيراز(71163),71 - فارس(71)
99091,زبان انگلیسی عمومی-ترکیبی(2),نظري,1,0,4042220,,چهارشنبه از 09:30 تا 10:30,ندا اعتمادی,,100,,1405/04/20 از 10:00 تا 12:00,,كارشناسي پيوسته,ارائه ترکیبی در واحد منتخب,ارائه در سطح دانشکده,,گروه آموزشي دروس عمومي(7116399),163 - شيراز(163),163 - شيراز(71163),71 - فارس(71)
99091,زبان انگلیسی عمومی-ترکیبی(2),نظري,1,0,4042219,,چهارشنبه از 08:30 تا 09:30,شيوا قلندري,,100,,1405/04/20 از 10:00 تا 12:00,,كارشناسي پيوسته,ارائه ترکیبی در واحد منتخب,ارائه در سطح دانشکده,,گروه آموزشي دروس عمومي(7116399),163 - شيراز(163),163 - شيراز(71163),71 - فارس(71)
99091,زبان انگلیسی عمومی-ترکیبی(2),نظري,1,0,4042218,,چهارشنبه از 07:30 تا 08:30,شيوا قلندري,,100,,1405/04/20 از 15:00 تا 17:00,,كارشناسي پيوسته,ارائه ترکیبی در واحد منتخب,ارائه در سطح دانشکده,,گروه آموزشي دروس عمومي(7116399),163 - شيراز(163),163 - شيراز(71163),71 - فارس(71)
99091,زبان انگلیسی عمومی-ترکیبی(2),نظري,1,0,4042217,,سه شنبه از 19:00 تا 20:00,عبداله اميري,,100,,1405/04/20 از 15:00 تا 17:00,,كارشناسي پيوسته,ارائه ترکیبی در واحد منتخب,ارائه در سطح دانشکده,,گروه آموزشي دروس عمومي(7116399),163 - شيراز(163),163 - شيراز(71163),71 - فارس(71)
99091,زبان انگلیسی عمومی-ترکیبی(2),نظري,1,0,4042216,استاد دکتر نیلوفر طباطبایی,سه شنبه از 16:30 تا 17:30,نیلوفر طباطبایی,,100,,1405/04/20 از 15:00 تا 17:00,,كارشناسي پيوسته,ارائه ترکیبی در واحد منتخب,ارائه در سطح دانشکده,,گروه آموزشي دروس عمومي(7116399),163 - شيراز(163),163 - شيراز(71163),71 - فارس(71)
99091,زبان انگلیسی عمومی-ترکیبی(2),نظري,1,0,4042215,,سه شنبه از 09:30 تا 10:30,شبنم ديانت,,100,,1405/04/20 از 15:00 تا 17:00,,كارشناسي پيوسته,ارائه ترکیبی در واحد منتخب,ارائه در سطح دانشکده,,گروه آموزشي دروس عمومي(7116399),163 - شيراز(163),163 - شيراز(71163),71 - فارس(71)
99091,زبان انگلیسی عمومی-ترکیبی(2),نظري,1,0,4042214,,سه شنبه از 08:30 تا 09:30,شبنم ديانت,,100,,1405/04/20 از 15:00 تا 17:00,,كارشناسي پيوسته,ارائه ترکیبی در واحد منتخب,ارائه در سطح دانشکده,,گروه آموزشي دروس عمومي(7116399),163 - شيراز(163),163 - شيراز(71163),71 - فارس(71)
99091,زبان انگلیسی عمومی-ترکیبی(2),نظري,1,0,4042213,,دوشنبه از 18:00 تا 19:00,زينب طالب زاده,,100,,1405/04/20 از 15:00 تا 17:00,,كارشناسي پيوسته,ارائه ترکیبی در واحد منتخب,ارائه در سطح دانشکده,,گروه آموزشي دروس عمومي(7116399),163 - شيراز(163),163 - شيراز(71163),71 - فارس(71)
99091,زبان انگلیسی عمومی-ترکیبی(2),نظري,1,0,4042212,,يكشنبه از 16:45 تا 17:45,وفا شجاع منش,,100,,1405/04/20 از 15:00 تا 17:00,,كارشناسي پيوسته,ارائه ترکیبی در واحد منتخب,ارائه در سطح دانشکده,,گروه آموزشي دروس عمومي(7116399),163 - شيراز(163),163 - شيراز(71163),71 - فارس(71)
99091,زبان انگلیسی عمومی-ترکیبی(2),نظري,1,0,4042211,,دوشنبه از 11:00 تا 12:00,تکتم پرهيزکار خديو,,100,,1405/04/20 از 15:00 تا 17:00,,كارشناسي پيوسته,ارائه ترکیبی در واحد منتخب,ارائه در سطح دانشکده,,گروه آموزشي دروس عمومي(7116399),163 - شيراز(163),163 - شيراز(71163),71 - فارس(71)
99091,زبان انگلیسی عمومی-ترکیبی(2),نظري,1,0,4042210,,دوشنبه از 10:30 تا 11:30,نفيسه لشگري,,100,,1405/04/20 از 15:00 تا 17:00,,كارشناسي پيوسته,ارائه ترکیبی در واحد منتخب,ارائه در سطح دانشکده,,گروه آموزشي دروس عمومي(7116399),163 - شيراز(163),163 - شيراز(71163),71 - فارس(71)
99091,زبان انگلیسی عمومی-ترکیبی(2),نظري,1,0,4042209,,دوشنبه از 10:30 تا 11:30,شبنم ديانت,,100,,1405/04/20 از 15:00 تا 17:00,,كارشناسي پيوسته,ارائه ترکیبی در واحد منتخب,ارائه در سطح دانشکده,,گروه آموزشي دروس عمومي(7116399),163 - شيراز(163),163 - شيراز(71163),71 - فارس(71)
99091,زبان انگلیسی عمومی-ترکیبی(2),نظري,1,0,4042208,,دوشنبه از 10:00 تا 11:00,تکتم پرهيزکار خديو,,100,,1405/04/20 از 15:00 تا 17:00,,كارشناسي پيوسته,ارائه ترکیبی در واحد منتخب,ارائه در سطح دانشکده,,گروه آموزشي دروس عمومي(7116399),163 - شيراز(163),163 - شيراز(71163),71 - فارس(71)
99091,زبان انگلیسی عمومی-ترکیبی(2),نظري,1,0,4042207,,يكشنبه از 16:00 تا 17:00,عبداله اميري,,100,,1405/04/20 از 15:00 تا 17:00,,كارشناسي پيوسته,ارائه ترکیبی در واحد منتخب,ارائه در سطح دانشکده,,گروه آموزشي دروس عمومي(7116399),163 - شيراز(163),163 - شيراز(71163),71 - فارس(71)
99091,زبان انگلیسی عمومی-ترکیبی(2),نظري,1,0,4042206,,يكشنبه از 17:00 تا 18:00,عبداله اميري,,100,,1405/04/20 از 15:00 تا 17:00,,كارشناسي پيوسته,ارائه ترکیبی در واحد منتخب,ارائه در سطح دانشکده,,گروه آموزشي دروس عمومي(7116399),163 - شيراز(163),163 - شيراز(71163),71 - فارس(71)
99091,زبان انگلیسی عمومی-ترکیبی(2),نظري,1,0,4042205,,يكشنبه از 15:45 تا 16:45,وفا شجاع منش,,100,,1405/04/20 از 15:00 تا 17:00,,كارشناسي پيوسته,ارائه ترکیبی در واحد منتخب,ارائه در سطح دانشکده,,گروه آموزشي دروس عمومي(7116399),163 - شيراز(163),163 - شيراز(71163),71 - فارس(71)
99091,زبان انگلیسی عمومی-ترکیبی(2),نظري,1,0,4042204,,يكشنبه از 13:30 تا 14:30,حنانه پیمان,,100,,1405/04/20 از 15:00 تا 17:00,,كارشناسي پيوسته,ارائه ترکیبی در واحد منتخب,ارائه در سطح دانشکده,,گروه آموزشي دروس عمومي(7116399),163 - شيراز(163),163 - شيراز(71163),71 - فارس(71)
99091,زبان انگلیسی عمومی-ترکیبی(2),نظري,1,0,4042203,,يكشنبه از 11:30 تا 12:30,حنانه پیمان,,100,,1405/04/20 از 15:00 تا 17:00,,كارشناسي پيوسته,ارائه ترکیبی در واحد منتخب,ارائه در سطح دانشکده,,گروه آموزشي دروس عمومي(7116399),163 - شيراز(163),163 - شيراز(71163),71 - فارس(71)
99091,زبان انگلیسی عمومی-ترکیبی(2),نظري,1,0,4042202,,شنبه از 19:30 تا 20:30,داود اسدی نیک,,100,,1405/04/20 از 15:00 تا 17:00,,كارشناسي پيوسته,ارائه ترکیبی در واحد منتخب,ارائه در سطح دانشکده,,گروه آموزشي دروس عمومي(7116399),163 - شيراز(163),163 - شيراز(71163),71 - فارس(71)
99091,زبان انگلیسی عمومی-ترکیبی(2),نظري,1,0,4042201,,شنبه از 18:30 تا 19:30,داود اسدی نیک,,100,,1405/04/20 از 15:00 تا 17:00,,كارشناسي پيوسته,ارائه ترکیبی در واحد منتخب,ارائه در سطح دانشکده,,گروه آموزشي دروس عمومي(7116399),163 - شيراز(163),163 - شيراز(71163),71 - فارس(71)
99091,زبان انگلیسی عمومی-ترکیبی(2),نظري,1,0,4042200,,شنبه از 10:30 تا 11:30,فرزانه قائدشرف,,50,,1405/04/20 از 15:00 تا 17:00,,كارشناسي پيوسته,ارائه ترکیبی در واحد منتخب,ارائه در سطح دانشکده,,گروه آموزشي دروس عمومي(7116399),163 - شيراز(163),163 - شيراز(71163),71 - فارس(71)
99090,زبان انگلیسی عمومی-ترکیبی(1),نظري,1,0,4042129,,پنج شنبه از 12:30 تا 13:30,سهراب عزيزي,,100,,1405/04/21 از 13:00 تا 15:00,,كارشناسي پيوسته,ارائه ترکیبی در واحد منتخب,ارائه در سطح دانشکده,,گروه آموزشي دروس عمومي(7116399),163 - شيراز(163),163 - شيراز(71163),71 - فارس(71)
99090,زبان انگلیسی عمومی-ترکیبی(1),نظري,1,0,4042128,,چهارشنبه از 12:30 تا 13:30,رها خویدی,,110,,1405/04/21 از 13:00 تا 15:00,,كارشناسي پيوسته,ارائه ترکیبی در واحد منتخب,ارائه در سطح دانشکده,,گروه آموزشي دروس عمومي(7116399),163 - شيراز(163),163 - شيراز(71163),71 - فارس(71)
99090,زبان انگلیسی عمومی-ترکیبی(1),نظري,1,0,4042127,,چهارشنبه از 10:30 تا 11:30,ندا اعتمادی,,100,,1405/04/21 از 13:00 تا 15:00,,كارشناسي پيوسته,ارائه ترکیبی در واحد منتخب,ارائه در سطح دانشکده,,گروه آموزشي دروس عمومي(7116399),163 - شيراز(163),163 - شيراز(71163),71 - فارس(71)
99090,زبان انگلیسی عمومی-ترکیبی(1),نظري,1,0,4042126,,چهارشنبه از 08:30 تا 09:30,فرزانه قائدشرف,,100,,1405/04/21 از 13:00 تا 15:00,,كارشناسي پيوسته,ارائه ترکیبی در واحد منتخب,ارائه در سطح دانشکده,,گروه آموزشي دروس عمومي(7116399),163 - شيراز(163),163 - شيراز(71163),71 - فارس(71)
99090,زبان انگلیسی عمومی-ترکیبی(1),نظري,1,0,4042125,,چهارشنبه از 07:30 تا 08:30,فرزانه قائدشرف,,100,,1405/04/21 از 13:00 تا 15:00,,كارشناسي پيوسته,ارائه ترکیبی در واحد منتخب,ارائه در سطح دانشکده,,گروه آموزشي دروس عمومي(7116399),163 - شيراز(163),163 - شيراز(71163),71 - فارس(71)
99090,زبان انگلیسی عمومی-ترکیبی(1),نظري,1,0,4042124,,سه شنبه از 18:00 تا 19:00,عبداله اميري,,100,,1405/04/21 از 13:00 تا 15:00,,كارشناسي پيوسته,ارائه ترکیبی در واحد منتخب,ارائه در سطح دانشکده,,گروه آموزشي دروس عمومي(7116399),163 - شيراز(163),163 - شيراز(71163),71 - فارس(71)
99090,زبان انگلیسی عمومی-ترکیبی(1),نظري,1,0,4042123,استاد دکتر نیلوفر طباطبایی,سه شنبه از 17:30 تا 18:30,نیلوفر طباطبایی,,100,,1405/04/21 از 13:00 تا 15:00,,كارشناسي پيوسته,ارائه ترکیبی در واحد منتخب,ارائه در سطح دانشکده,,گروه آموزشي دروس عمومي(7116399),163 - شيراز(163),163 - شيراز(71163),71 - فارس(71)
99090,زبان انگلیسی عمومی-ترکیبی(1),نظري,1,0,4042122,استاد دکتر نیلوفر طباطبایی,سه شنبه از 15:30 تا 16:30,نیلوفر طباطبایی,,100,,1405/04/21 از 13:00 تا 15:00,,كارشناسي پيوسته,ارائه ترکیبی در واحد منتخب,ارائه در سطح دانشکده,,گروه آموزشي دروس عمومي(7116399),163 - شيراز(163),163 - شيراز(71163),71 - فارس(71)
99090,زبان انگلیسی عمومی-ترکیبی(1),نظري,1,0,4042121,,سه شنبه از 16:00 تا 17:00,عبداله اميري,,100,,1405/04/21 از 13:00 تا 15:00,,كارشناسي پيوسته,ارائه ترکیبی در واحد منتخب,ارائه در سطح دانشکده,,گروه آموزشي دروس عمومي(7116399),163 - شيراز(163),163 - شيراز(71163),71 - فارس(71)
99090,زبان انگلیسی عمومی-ترکیبی(1),نظري,1,0,4042120,,سه شنبه از 13:30 تا 14:30,طاهره دباغ منش,,100,,1405/04/21 از 13:00 تا 15:00,,كارشناسي پيوسته,ارائه ترکیبی در واحد منتخب,ارائه در سطح دانشکده,,گروه آموزشي دروس عمومي(7116399),163 - شيراز(163),163 - شيراز(71163),71 - فارس(71)
99090,زبان انگلیسی عمومی-ترکیبی(1),نظري,1,0,4042119,,سه شنبه از 12:30 تا 13:30,طاهره دباغ منش,,100,,1405/04/21 از 13:00 تا 15:00,,كارشناسي پيوسته,ارائه ترکیبی در واحد منتخب,ارائه در سطح دانشکده,,گروه آموزشي دروس عمومي(7116399),163 - شيراز(163),163 - شيراز(71163),71 - فارس(71)
99090,زبان انگلیسی عمومی-ترکیبی(1),نظري,1,0,4042118,استاد ساناز حاجیوندی,پنج شنبه از 13:30 تا 14:30,فاطمه بهجت,,100,,1405/04/21 از 08:00 تا 10:00,,كارشناسي پيوسته,ارائه ترکیبی در واحد منتخب,ارائه در سطح دانشکده,,گروه آموزشي دروس عمومي(7116399),163 - شيراز(163),163 - شيراز(71163),71 - فارس(71)
99090,زبان انگلیسی عمومی-ترکیبی(1),نظري,1,0,4042117,,يكشنبه از 09:30 تا 10:30,محمدجواد بهمئي,,100,,1405/04/21 از 08:00 تا 10:00,,كارشناسي پيوسته,ارائه ترکیبی در واحد منتخب,ارائه در سطح دانشکده,,گروه آموزشي دروس عمومي(7116399),163 - شيراز(163),163 - شيراز(71163),71 - فارس(71)
99090,زبان انگلیسی عمومی-ترکیبی(1),نظري,1,0,4042116,,دوشنبه از 09:30 تا 10:30,ندا اعتمادی,,100,,1405/04/21 از 08:00 تا 10:00,,كارشناسي پيوسته,ارائه ترکیبی در واحد منتخب,ارائه در سطح دانشکده,,گروه آموزشي دروس عمومي(7116399),163 - شيراز(163),163 - شيراز(71163),71 - فارس(71)
99090,زبان انگلیسی عمومی-ترکیبی(1),نظري,1,0,4042115,,دوشنبه از 08:30 تا 09:30,ندا اعتمادی,,100,,1405/04/21 از 08:00 تا 10:00,,كارشناسي پيوسته,ارائه ترکیبی در واحد منتخب,ارائه در سطح دانشکده,,گروه آموزشي دروس عمومي(7116399),163 - شيراز(163),163 - شيراز(71163),71 - فارس(71)
99090,زبان انگلیسی عمومی-ترکیبی(1),نظري,1,0,4042114,,دوشنبه از 09:00 تا 10:00,تکتم پرهيزکار خديو,,100,,1405/04/21 از 08:00 تا 10:00,,كارشناسي پيوسته,ارائه ترکیبی در واحد منتخب,ارائه در سطح دانشکده,,گروه آموزشي دروس عمومي(7116399),163 - شيراز(163),163 - شيراز(71163),71 - فارس(71)
99090,زبان انگلیسی عمومی-ترکیبی(1),نظري,1,0,4042113,,دوشنبه از 08:00 تا 09:00,تکتم پرهيزکار خديو,,100,,1405/04/21 از 08:00 تا 10:00,,كارشناسي پيوسته,ارائه ترکیبی در واحد منتخب,ارائه در سطح دانشکده,,گروه آموزشي دروس عمومي(7116399),163 - شيراز(163),163 - شيراز(71163),71 - فارس(71)
99090,زبان انگلیسی عمومی-ترکیبی(1),نظري,1,0,4042112,,يكشنبه از 19:30 تا 20:30,داود اسدی نیک,,100,,1405/04/21 از 08:00 تا 10:00,,كارشناسي پيوسته,ارائه ترکیبی در واحد منتخب,ارائه در سطح دانشکده,,گروه آموزشي دروس عمومي(7116399),163 - شيراز(163),163 - شيراز(71163),71 - فارس(71)
99090,زبان انگلیسی عمومی-ترکیبی(1),نظري,1,0,4042111,,يكشنبه از 18:00 تا 19:00,عبداله اميري,,100,,1405/04/21 از 08:00 تا 10:00,,كارشناسي پيوسته,ارائه ترکیبی در واحد منتخب,ارائه در سطح دانشکده,,گروه آموزشي دروس عمومي(7116399),163 - شيراز(163),163 - شيراز(71163),71 - فارس(71)
99090,زبان انگلیسی عمومی-ترکیبی(1),نظري,1,0,4042110,,يكشنبه از 18:30 تا 19:30,داود اسدی نیک,,100,,1405/04/21 از 08:00 تا 10:00,,كارشناسي پيوسته,ارائه ترکیبی در واحد منتخب,ارائه در سطح دانشکده,,گروه آموزشي دروس عمومي(7116399),163 - شيراز(163),163 - شيراز(71163),71 - فارس(71)
99090,زبان انگلیسی عمومی-ترکیبی(1),نظري,1,0,4042108,استاد ساناز حاجیوندی,پنج شنبه از 12:30 تا 13:30,فاطمه بهجت,,100,,1405/04/21 از 08:00 تا 10:00,,كارشناسي پيوسته,ارائه ترکیبی در واحد منتخب,ارائه در سطح دانشکده,,گروه آموزشي دروس عمومي(7116399),163 - شيراز(163),163 - شيراز(71163),71 - فارس(71)
99090,زبان انگلیسی عمومی-ترکیبی(1),نظري,1,0,4042107,,يكشنبه از 10:30 تا 11:30,حنانه پیمان,,100,,1405/04/21 از 08:00 تا 10:00,,كارشناسي پيوسته,ارائه ترکیبی در واحد منتخب,ارائه در سطح دانشکده,,گروه آموزشي دروس عمومي(7116399),163 - شيراز(163),163 - شيراز(71163),71 - فارس(71)
99090,زبان انگلیسی عمومی-ترکیبی(1),نظري,1,0,4042106,,يكشنبه از 09:30 تا 10:30,حنانه پیمان,,100,,1405/04/21 از 08:00 تا 10:00,,كارشناسي پيوسته,ارائه ترکیبی در واحد منتخب,ارائه در سطح دانشکده,,گروه آموزشي دروس عمومي(7116399),163 - شيراز(163),163 - شيراز(71163),71 - فارس(71)
99090,زبان انگلیسی عمومی-ترکیبی(1),نظري,1,0,4042105,,شنبه از 12:30 تا 13:30,ندا اعتمادی,,100,,1405/04/21 از 08:00 تا 10:00,,كارشناسي پيوسته,ارائه ترکیبی در واحد منتخب,ارائه در سطح دانشکده,,گروه آموزشي دروس عمومي(7116399),163 - شيراز(163),163 - شيراز(71163),71 - فارس(71)
99090,زبان انگلیسی عمومی-ترکیبی(1),نظري,1,0,4042104,,شنبه از 11:30 تا 12:30,ندا اعتمادی,,100,,1405/04/21 از 08:00 تا 10:00,,كارشناسي پيوسته,ارائه ترکیبی در واحد منتخب,ارائه در سطح دانشکده,,گروه آموزشي دروس عمومي(7116399),163 - شيراز(163),163 - شيراز(71163),71 - فارس(71)
99090,زبان انگلیسی عمومی-ترکیبی(1),نظري,1,0,4042103,,شنبه از 10:30 تا 11:30,ندا اعتمادی,,100,,1405/04/21 از 08:00 تا 10:00,,كارشناسي پيوسته,ارائه ترکیبی در واحد منتخب,ارائه در سطح دانشکده,,گروه آموزشي دروس عمومي(7116399),163 - شيراز(163),163 - شيراز(71163),71 - فارس(71)
99090,زبان انگلیسی عمومی-ترکیبی(1),نظري,1,0,4042102,,شنبه از 09:30 تا 10:30,فرزانه قائدشرف,,100,,1405/04/21 از 08:00 تا 10:00,,كارشناسي پيوسته,ارائه ترکیبی در واحد منتخب,ارائه در سطح دانشکده,,گروه آموزشي دروس عمومي(7116399),163 - شيراز(163),163 - شيراز(71163),71 - فارس(71)
99090,زبان انگلیسی عمومی-ترکیبی(1),نظري,1,0,4042101,,شنبه از 08:30 تا 09:30,فرزانه قائدشرف,,100,,1405/04/21 از 08:00 تا 10:00,,كارشناسي پيوسته,ارائه ترکیبی در واحد منتخب,ارائه در سطح دانشکده,,گروه آموزشي دروس عمومي(7116399),163 - شيراز(163),163 - شيراز(71163),71 - فارس(71)
99090,زبان انگلیسی عمومی-ترکیبی(1),نظري,1,0,4042100,,شنبه از 07:30 تا 08:30,فرزانه قائدشرف,,100,,1405/04/21 از 08:00 تا 10:00,,كارشناسي پيوسته,ارائه ترکیبی در واحد منتخب,ارائه در سطح دانشکده,,گروه آموزشي دروس عمومي(7116399),163 - شيراز(163),163 - شيراز(71163),71 - فارس(71)
99093,زبان انگلیسی پیش دانشگاهی-ترکیبی,نظري,2,0,4042033,ورودی جدید کامپیوتر,پنج شنبه از 10:30 تا 12:00,رها خویدی,,10,,1405/04/20 از 13:00 تا 15:00,,كارشناسي پيوسته,ارائه ترکیبی در واحد منتخب,ارائه در سطح دانشکده,,گروه آموزشي دروس عمومي(7116399),163 - شيراز(163),163 - شيراز(71163),71 - فارس(71)
99093,زبان انگلیسی پیش دانشگاهی-ترکیبی,نظري,2,0,4042032,ورودی جدید کامپیوتر,پنج شنبه از 09:00 تا 10:30,سپيده سالخورد,,10,,1405/04/20 از 13:00 تا 15:00,,كارشناسي پيوسته,ارائه ترکیبی در واحد منتخب,ارائه در سطح دانشکده,,گروه آموزشي دروس عمومي(7116399),163 - شيراز(163),163 - شيراز(71163),71 - فارس(71)
99093,زبان انگلیسی پیش دانشگاهی-ترکیبی,نظري,2,0,4042031,ورودی جدید کامپیوتر,پنج شنبه از 07:30 تا 09:00,سپيده سالخورد,,10,,1405/04/20 از 13:00 تا 15:00,,كارشناسي پيوسته,ارائه ترکیبی در واحد منتخب,ارائه در سطح دانشکده,,گروه آموزشي دروس عمومي(7116399),163 - شيراز(163),163 - شيراز(71163),71 - فارس(71)
99093,زبان انگلیسی پیش دانشگاهی-ترکیبی,نظري,2,0,4042030,,چهارشنبه از 17:00 تا 18:30,محمدجواد ریاستی,,100,,1405/04/20 از 13:00 تا 15:00,,كارشناسي پيوسته,ارائه ترکیبی در واحد منتخب,ارائه در سطح دانشکده,,گروه آموزشي دروس عمومي(7116399),163 - شيراز(163),163 - شيراز(71163),71 - فارس(71)
99093,زبان انگلیسی پیش دانشگاهی-ترکیبی,نظري,2,0,4042029,,چهارشنبه از 15:30 تا 17:00,محمدجواد ریاستی,,100,,1405/04/20 از 13:00 تا 15:00,,كارشناسي پيوسته,ارائه ترکیبی در واحد منتخب,ارائه در سطح دانشکده,,گروه آموزشي دروس عمومي(7116399),163 - شيراز(163),163 - شيراز(71163),71 - فارس(71)
99093,زبان انگلیسی پیش دانشگاهی-ترکیبی,نظري,2,0,4042028,,چهارشنبه از 12:30 تا 14:00,فريبا فيض بر خلخالي نژاد,,100,,1405/04/20 از 13:00 تا 15:00,,كارشناسي پيوسته,ارائه ترکیبی در واحد منتخب,ارائه در سطح دانشکده,,گروه آموزشي دروس عمومي(7116399),163 - شيراز(163),163 - شيراز(71163),71 - فارس(71)
99093,زبان انگلیسی پیش دانشگاهی-ترکیبی,نظري,2,0,4042027,,چهارشنبه از 10:30 تا 12:00,فريبا فيض بر خلخالي نژاد,,100,,1405/04/20 از 13:00 تا 15:00,,كارشناسي پيوسته,ارائه ترکیبی در واحد منتخب,ارائه در سطح دانشکده,,گروه آموزشي دروس عمومي(7116399),163 - شيراز(163),163 - شيراز(71163),71 - فارس(71)
99093,زبان انگلیسی پیش دانشگاهی-ترکیبی,نظري,2,0,4042026,ورودی جدید زبان,چهارشنبه از 09:00 تا 10:30,فريبا فيض بر خلخالي نژاد,,10,,1405/04/20 از 13:00 تا 15:00,,كارشناسي پيوسته,ارائه ترکیبی در واحد منتخب,ارائه در سطح دانشکده,,گروه آموزشي دروس عمومي(7116399),163 - شيراز(163),163 - شيراز(71163),71 - فارس(71)
99093,زبان انگلیسی پیش دانشگاهی-ترکیبی,نظري,2,0,4042025,,چهارشنبه از 15:30 تا 17:00,لیلا اکبرپور,,100,,1405/04/20 از 13:00 تا 15:00,,كارشناسي پيوسته,ارائه ترکیبی در واحد منتخب,ارائه در سطح دانشکده,,گروه آموزشي دروس عمومي(7116399),163 - شيراز(163),163 - شيراز(71163),71 - فارس(71)
99093,زبان انگلیسی پیش دانشگاهی-ترکیبی,نظري,2,0,4042024,,چهارشنبه از 14:00 تا 15:30,لیلا اکبرپور,,100,,1405/04/20 از 13:00 تا 15:00,,كارشناسي پيوسته,ارائه ترکیبی در واحد منتخب,ارائه در سطح دانشکده,,گروه آموزشي دروس عمومي(7116399),163 - شيراز(163),163 - شيراز(71163),71 - فارس(71)
99093,زبان انگلیسی پیش دانشگاهی-ترکیبی,نظري,2,0,4042023,ورودی جدید کامپیوتر,چهارشنبه از 10:30 تا 12:00,رها خویدی,,10,,1405/04/20 از 13:00 تا 15:00,,كارشناسي پيوسته,ارائه ترکیبی در واحد منتخب,ارائه در سطح دانشکده,,گروه آموزشي دروس عمومي(7116399),163 - شيراز(163),163 - شيراز(71163),71 - فارس(71)
99093,زبان انگلیسی پیش دانشگاهی-ترکیبی,نظري,2,0,4042022,ورودی جدید زبان,چهارشنبه از 09:00 تا 10:30,رها خویدی,,10,,1405/04/20 از 13:00 تا 15:00,,كارشناسي پيوسته,ارائه ترکیبی در واحد منتخب,ارائه در سطح دانشکده,,گروه آموزشي دروس عمومي(7116399),163 - شيراز(163),163 - شيراز(71163),71 - فارس(71)
99093,زبان انگلیسی پیش دانشگاهی-ترکیبی,نظري,2,0,4042021,ورودی جدید زبان,چهارشنبه از 07:30 تا 09:00,فريبا فيض بر خلخالي نژاد,,10,,1405/04/20 از 13:00 تا 15:00,,كارشناسي پيوسته,ارائه ترکیبی در واحد منتخب,ارائه در سطح دانشکده,,گروه آموزشي دروس عمومي(7116399),163 - شيراز(163),163 - شيراز(71163),71 - فارس(71)
99093,زبان انگلیسی پیش دانشگاهی-ترکیبی,نظري,2,0,4042020,استاد ساناز حاجیوندی,پنج شنبه از 10:30 تا 12:00,فاطمه بهجت,,100,,1405/04/20 از 13:00 تا 15:00,,كارشناسي پيوسته,ارائه ترکیبی در واحد منتخب,ارائه در سطح دانشکده,,گروه آموزشي دروس عمومي(7116399),163 - شيراز(163),163 - شيراز(71163),71 - فارس(71)
99093,زبان انگلیسی پیش دانشگاهی-ترکیبی,نظري,2,0,4042019,ورودی جدید میکروبیولوژی,سه شنبه از 10:30 تا 12:00,تکتم پرهيزکار خديو,,4,,1405/04/20 از 13:00 تا 15:00,,كارشناسي پيوسته,ارائه ترکیبی در واحد منتخب,ارائه در سطح دانشکده,,گروه آموزشي دروس عمومي(7116399),163 - شيراز(163),163 - شيراز(71163),71 - فارس(71)
99093,زبان انگلیسی پیش دانشگاهی-ترکیبی,نظري,2,0,4042018,,سه شنبه از 08:30 تا 10:00,تکتم پرهيزکار خديو,,100,,1405/04/20 از 08:00 تا 10:00,,كارشناسي پيوسته,ارائه ترکیبی در واحد منتخب,ارائه در سطح دانشکده,,گروه آموزشي دروس عمومي(7116399),163 - شيراز(163),163 - شيراز(71163),71 - فارس(71)
99093,زبان انگلیسی پیش دانشگاهی-ترکیبی,نظري,2,0,4042016,,سه شنبه از 10:30 تا 12:00,طاهره دباغ منش,,100,,1405/04/20 از 08:00 تا 10:00,,كارشناسي پيوسته,ارائه ترکیبی در واحد منتخب,ارائه در سطح دانشکده,,گروه آموزشي دروس عمومي(7116399),163 - شيراز(163),163 - شيراز(71163),71 - فارس(71)
99093,زبان انگلیسی پیش دانشگاهی-ترکیبی,نظري,2,0,4042015,,سه شنبه از 09:00 تا 10:30,طاهره دباغ منش,,100,,1405/04/20 از 08:00 تا 10:00,,كارشناسي پيوسته,ارائه ترکیبی در واحد منتخب,ارائه در سطح دانشکده,,گروه آموزشي دروس عمومي(7116399),163 - شيراز(163),163 - شيراز(71163),71 - فارس(71)
99093,زبان انگلیسی پیش دانشگاهی-ترکیبی,نظري,2,0,4042014,,سه شنبه از 09:00 تا 10:30,شيوا قلندري,,100,,1405/04/20 از 08:00 تا 10:00,,كارشناسي پيوسته,ارائه ترکیبی در واحد منتخب,ارائه در سطح دانشکده,,گروه آموزشي دروس عمومي(7116399),163 - شيراز(163),163 - شيراز(71163),71 - فارس(71)
99093,زبان انگلیسی پیش دانشگاهی-ترکیبی,نظري,2,0,4042013,,سه شنبه از 07:30 تا 09:00,شيوا قلندري,,100,,1405/04/20 از 08:00 تا 10:00,,كارشناسي پيوسته,ارائه ترکیبی در واحد منتخب,ارائه در سطح دانشکده,,گروه آموزشي دروس عمومي(7116399),163 - شيراز(163),163 - شيراز(71163),71 - فارس(71)
99093,زبان انگلیسی پیش دانشگاهی-ترکیبی,نظري,2,0,4042012,,دوشنبه از 09:00 تا 10:30,شبنم ديانت,,100,,1405/04/20 از 08:00 تا 10:00,,كارشناسي پيوسته,ارائه ترکیبی در واحد منتخب,ارائه در سطح دانشکده,,گروه آموزشي دروس عمومي(7116399),163 - شيراز(163),163 - شيراز(71163),71 - فارس(71)
99093,زبان انگلیسی پیش دانشگاهی-ترکیبی,نظري,2,0,4042011,,دوشنبه از 07:30 تا 09:00,شبنم ديانت,,100,,1405/04/20 از 08:00 تا 10:00,,كارشناسي پيوسته,ارائه ترکیبی در واحد منتخب,ارائه در سطح دانشکده,,گروه آموزشي دروس عمومي(7116399),163 - شيراز(163),163 - شيراز(71163),71 - فارس(71)
99093,زبان انگلیسی پیش دانشگاهی-ترکیبی,نظري,2,0,4042010,ورودی جدید حسابداری,دوشنبه از 17:30 تا 19:00,وفا شجاع منش,,0,,1405/04/20 از 08:00 تا 10:00,,كارشناسي پيوسته,ارائه ترکیبی در واحد منتخب,ارائه در سطح دانشکده,,گروه آموزشي دروس عمومي(7116399),163 - شيراز(163),163 - شيراز(71163),71 - فارس(71)
99093,زبان انگلیسی پیش دانشگاهی-ترکیبی,نظري,2,0,4042009,,دوشنبه از 14:00 تا 15:30,الهام طباطبايي,,100,,1405/04/20 از 08:00 تا 10:00,,كارشناسي پيوسته,ارائه ترکیبی در واحد منتخب,ارائه در سطح دانشکده,,گروه آموزشي دروس عمومي(7116399),163 - شيراز(163),163 - شيراز(71163),71 - فارس(71)
99093,زبان انگلیسی پیش دانشگاهی-ترکیبی,نظري,2,0,4042008,استاد دکتر ساره عبدالهی,دوشنبه از 09:00 تا 10:30,ساره عبداللهي,,100,,1405/04/20 از 08:00 تا 10:00,,كارشناسي پيوسته,ارائه ترکیبی در واحد منتخب,ارائه در سطح دانشکده,,گروه آموزشي دروس عمومي(7116399),163 - شيراز(163),163 - شيراز(71163),71 - فارس(71)
99093,زبان انگلیسی پیش دانشگاهی-ترکیبی,نظري,2,0,4042007,استاد دکتر ساره عبدالهی,دوشنبه از 07:30 تا 09:00,ساره عبداللهي,,100,,1405/04/20 از 08:00 تا 10:00,,كارشناسي پيوسته,ارائه ترکیبی در واحد منتخب,ارائه در سطح دانشکده,,گروه آموزشي دروس عمومي(7116399),163 - شيراز(163),163 - شيراز(71163),71 - فارس(71)
99093,زبان انگلیسی پیش دانشگاهی-ترکیبی,نظري,2,0,4042006,ورودی جدید میکروبیولوژی,يكشنبه از 17:45 تا 19:15,وفا شجاع منش,,41,,1405/04/20 از 08:00 تا 10:00,,كارشناسي پيوسته,ارائه ترکیبی در واحد منتخب,ارائه در سطح دانشکده,,گروه آموزشي دروس عمومي(7116399),163 - شيراز(163),163 - شيراز(71163),71 - فارس(71)
99093,زبان انگلیسی پیش دانشگاهی-ترکیبی,نظري,2,0,4042005,استاد ساناز حاجیوندی,پنج شنبه از 09:00 تا 10:30,فاطمه بهجت,,100,,1405/04/20 از 08:00 تا 10:00,,كارشناسي پيوسته,ارائه ترکیبی در واحد منتخب,ارائه در سطح دانشکده,,گروه آموزشي دروس عمومي(7116399),163 - شيراز(163),163 - شيراز(71163),71 - فارس(71)
99093,زبان انگلیسی پیش دانشگاهی-ترکیبی,نظري,2,0,4042004,استاد ساناز حاجیوندی,پنج شنبه از 07:30 تا 09:00,فاطمه بهجت,,100,,1405/04/20 از 08:00 تا 10:00,,كارشناسي پيوسته,ارائه ترکیبی در واحد منتخب,ارائه در سطح دانشکده,,گروه آموزشي دروس عمومي(7116399),163 - شيراز(163),163 - شيراز(71163),71 - فارس(71)
99093,زبان انگلیسی پیش دانشگاهی-ترکیبی,نظري,2,0,4042003,,يكشنبه از 09:30 تا 11:00,تکتم پرهيزکار خديو,,100,,1405/04/20 از 08:00 تا 10:00,,كارشناسي پيوسته,ارائه ترکیبی در واحد منتخب,ارائه در سطح دانشکده,,گروه آموزشي دروس عمومي(7116399),163 - شيراز(163),163 - شيراز(71163),71 - فارس(71)
99093,زبان انگلیسی پیش دانشگاهی-ترکیبی,نظري,2,0,4042002,,يكشنبه از 08:00 تا 09:30,تکتم پرهيزکار خديو,,50,,1405/04/20 از 08:00 تا 10:00,,كارشناسي پيوسته,ارائه ترکیبی در واحد منتخب,ارائه در سطح دانشکده,,گروه آموزشي دروس عمومي(7116399),163 - شيراز(163),163 - شيراز(71163),71 - فارس(71)
99093,زبان انگلیسی پیش دانشگاهی-ترکیبی,نظري,2,0,4042001,,شنبه از 14:00 تا 15:30,الهام طباطبايي,,100,,1405/04/20 از 08:00 تا 10:00,,كارشناسي پيوسته,ارائه ترکیبی در واحد منتخب,ارائه در سطح دانشکده,,گروه آموزشي دروس عمومي(7116399),163 - شيراز(163),163 - شيراز(71163),71 - فارس(71)
99083,انس با قرآن کریم,نظري,1,0,163811011,,پنج شنبه از 16:45 تا 18:30,ژاله سلطانی سروستانی,,30,,1405/04/06 از 16:30 تا 18:00,علوم انسانی-317,كارشناسي پيوسته,حضوري,ارائه در سطح دانشکده,,گروه آموزشي دروس عمومي(7116399),163 - شيراز(163),163 - شيراز(71163),71 - فارس(71)
99083,انس با قرآن کریم,نظري,1,0,163811010,,پنج شنبه از 15:00 تا 16:45,ژاله سلطانی سروستانی,,30,,1405/04/06 از 16:30 تا 18:00,علوم انسانی-317,كارشناسي پيوسته,حضوري,ارائه در سطح دانشکده,,گروه آموزشي دروس عمومي(7116399),163 - شيراز(163),163 - شيراز(71163),71 - فارس(71)
99083,انس با قرآن کریم,نظري,1,0,163811009,,يكشنبه از 13:15 تا 15:00,ژاله سلطانی سروستانی,,30,,1405/04/06 از 16:30 تا 18:00,اقتصاد ومدیریت-007,كارشناسي پيوسته,حضوري,ارائه در سطح دانشکده,,گروه آموزشي دروس عمومي(7116399),163 - شيراز(163),163 - شيراز(71163),71 - فارس(71)
99083,انس با قرآن کریم,نظري,1,0,163811008,,يكشنبه از 11:00 تا 12:00 يكشنبه از از ...,ژاله سلطانی سروستانی,,30,,1405/04/06 از 16:30 تا 18:00,علوم انسانی-8,كارشناسي پيوسته,حضوري,ارائه در سطح دانشکده,,گروه آموزشي دروس عمومي(7116399),163 - شيراز(163),163 - شيراز(71163),71 - فارس(71)
99083,انس با قرآن کریم,نظري,1,0,163811007,,دوشنبه از 13:15 تا 15:00,عبدالحمید غریب نواز,,30,,1405/04/06 از 16:30 تا 18:00,علوم انسانی-106,كارشناسي پيوسته,حضوري,ارائه در سطح دانشکده,,گروه آموزشي دروس عمومي(7116399),163 - شيراز(163),163 - شيراز(71163),71 - فارس(71)
99083,انس با قرآن کریم,نظري,1,0,163811006,,دوشنبه از 11:15 تا 12:00 دوشنبه از از ...,عبدالحمید غریب نواز,,30,,1405/04/06 از 16:30 تا 18:00,علوم انسانی-106,كارشناسي پيوسته,حضوري,ارائه در سطح دانشکده,,گروه آموزشي دروس عمومي(7116399),163 - شيراز(163),163 - شيراز(71163),71 - فارس(71)
99083,انس با قرآن کریم,نظري,1,0,163811005,,دوشنبه از 09:15 تا 11:00,عبدالحمید غریب نواز,,30,,1405/04/06 از 16:30 تا 18:00,علوم انسانی-106,كارشناسي پيوسته,حضوري,ارائه در سطح دانشکده,,گروه آموزشي دروس عمومي(7116399),163 - شيراز(163),163 - شيراز(71163),71 - فارس(71)
99083,انس با قرآن کریم,نظري,1,0,163811004,,دوشنبه از 07:30 تا 09:15,عبدالحمید غریب نواز,,30,,1405/04/06 از 16:30 تا 18:00,علوم انسانی-106,كارشناسي پيوسته,حضوري,ارائه در سطح دانشکده,,گروه آموزشي دروس عمومي(7116399),163 - شيراز(163),163 - شيراز(71163),71 - فارس(71)
99083,انس با قرآن کریم,نظري,1,0,163811003,,يكشنبه از 11:00 تا 12:00 يكشنبه از از ...,عبدالحمید غریب نواز,,30,,1405/04/06 از 16:30 تا 18:00,علوم انسانی-106,كارشناسي پيوسته,حضوري,ارائه در سطح دانشکده,,گروه آموزشي دروس عمومي(7116399),163 - شيراز(163),163 - شيراز(71163),71 - فارس(71)
99083,انس با قرآن کریم,نظري,1,0,163811002,,يكشنبه از 09:15 تا 11:00,عبدالحمید غریب نواز,,30,,1405/04/06 از 16:30 تا 18:00,علوم انسانی-106,كارشناسي پيوسته,حضوري,ارائه در سطح دانشکده,,گروه آموزشي دروس عمومي(7116399),163 - شيراز(163),163 - شيراز(71163),71 - فارس(71)
99083,انس با قرآن کریم,نظري,1,0,163811001,,يكشنبه از 07:30 تا 09:15,عبدالحمید غریب نواز,,30,,1405/04/06 از 16:30 تا 18:00,علوم انسانی-106,كارشناسي پيوسته,حضوري,ارائه در سطح دانشکده,,گروه آموزشي دروس عمومي(7116399),163 - شيراز(163),163 - شيراز(71163),71 - فارس(71)
90755,انقلاب اسلامی ایران,نظري,2,0,1639075513,برادران - ترم اول مهندسی پزشکی,دوشنبه از 11:00 تا 12:00 دوشنبه از از ...,مسعود زارع,,0,,1405/04/07 از 16:30 تا 18:00,مهندسی یک-115,كارشناسي پيوسته,حضوري,ارائه در سطح دانشکده,,گروه آموزشي دروس عمومي(7116399),163 - شيراز(163),163 - شيراز(71163),71 - فارس(71)
99073,اندیشه های امامین انقلاب اسلامی و وصایای حضرت امام خمینی(ره),نظري,1,0,1639907306,برادران,شنبه از 09:15 تا 11:00,عبدالحمید غریب نواز,,45,,1405/04/13 از 16:30 تا 18:00,مهندسی دو-20,كارشناسي پيوسته,حضوري,ارائه در سطح دانشکده,,گروه آموزشي دروس عمومي(7116399),163 - شيراز(163),163 - شيراز(71163),71 - فارس(71)
99073,اندیشه های امامین انقلاب اسلامی و وصایای حضرت امام خمینی(ره),نظري,1,0,1639907305,برادران,شنبه از 07:30 تا 09:15,عبدالحمید غریب نواز,,45,,1405/04/13 از 16:30 تا 18:00,مهندسی دو-20,كارشناسي پيوسته,حضوري,ارائه در سطح دانشکده,,گروه آموزشي دروس عمومي(7116399),163 - شيراز(163),163 - شيراز(71163),71 - فارس(71)
7000035438,علوم و معارف دفاع مقدس و مقاومت,نظري,2,0,163811204,خواهران,يكشنبه از 13:15 تا 15:00,فرود کشاورز,,45,,1405/04/14 از 16:30 تا 18:00,هنر و معماری- 1,كارشناسي پيوسته,حضوري,ارائه در سطح دانشکده,,گروه آموزشي دروس عمومي(7116399),163 - شيراز(163),163 - شيراز(71163),71 - فارس(71)
7000035438,علوم و معارف دفاع مقدس و مقاومت,نظري,2,0,163811203,خواهران,يكشنبه از 11:00 تا 12:00 يكشنبه از از ...,فرود کشاورز,,45,,1405/04/14 از 16:30 تا 18:00,هنر و معماری- 1,كارشناسي پيوسته,حضوري,ارائه در سطح دانشکده,,گروه آموزشي دروس عمومي(7116399),163 - شيراز(163),163 - شيراز(71163),71 - فارس(71)
7000035438,علوم و معارف دفاع مقدس و مقاومت,نظري,2,0,163811202,برادران,يكشنبه از 09:15 تا 11:00,فرود کشاورز,,45,,1405/04/14 از 16:30 تا 18:00,هنر و معماری- 1,كارشناسي پيوسته,حضوري,ارائه در سطح دانشکده,,گروه آموزشي دروس عمومي(7116399),163 - شيراز(163),163 - شيراز(71163),71 - فارس(71)
7000035438,علوم و معارف دفاع مقدس و مقاومت,نظري,2,0,163811201,برادران,يكشنبه از 07:30 تا 09:15,فرود کشاورز,,45,,1405/04/14 از 16:30 تا 18:00,هنر و معماری- 1,كارشناسي پيوسته,حضوري,ارائه در سطح دانشکده,,گروه آموزشي دروس عمومي(7116399),163 - شيراز(163),163 - شيراز(71163),71 - فارس(71)
98961,اخلاق اسلامی (مبانی و مفاهیم),نظري,2,0,1639896102,برادران,دوشنبه از 16:45 تا 18:30,عليرضا علي زاده,,49,,1405/04/15 از 16:30 تا 18:00,مهندسی دو-20,كارشناسي پيوسته,حضوري,ارائه در سطح دانشکده,,گروه آموزشي دروس عمومي(7116399),163 - شيراز(163),163 - شيراز(71163),71 - فارس(71)
98961,اخلاق اسلامی (مبانی و مفاهیم),نظري,2,0,1639896101,خواهران,دوشنبه از 15:00 تا 16:45,عليرضا علي زاده,,49,,1405/04/15 از 16:30 تا 18:00,مهندسی دو-20,كارشناسي پيوسته,حضوري,ارائه در سطح دانشکده,,گروه آموزشي دروس عمومي(7116399),163 - شيراز(163),163 - شيراز(71163),71 - فارس(71)
90610,اندیشه اسلامی 1 (مبدا ومعاد),نظري,2,0,1639061013,برادران. ویژه ورودی جدیدگروه میکروبیولوژی,دوشنبه از 13:15 تا 15:00,عليرضا علي زاده,,5,,1405/04/15 از 16:30 تا 18:00,مهندسی دو-20,كارشناسي پيوسته,حضوري,ارائه در سطح دانشکده,,گروه آموزشي دروس عمومي(7116399),163 - شيراز(163),163 - شيراز(71163),71 - فارس(71)
90610,اندیشه اسلامی 1 (مبدا ومعاد),نظري,2,0,1639061012,خواهران,دوشنبه از 11:00 تا 12:00 دوشنبه از از ...,عليرضا علي زاده,,45,,1405/04/15 از 16:30 تا 18:00,مهندسی دو-20,كارشناسي پيوسته,حضوري,ارائه در سطح دانشکده,,گروه آموزشي دروس عمومي(7116399),163 - شيراز(163),163 - شيراز(71163),71 - فارس(71)
90610,اندیشه اسلامی 1 (مبدا ومعاد),نظري,2,0,1639061011,خواهران,سه شنبه از 09:15 تا 11:00,مهدی مهدوی اعلا,,45,,1405/04/15 از 16:30 تا 18:00,مهندسی یک-217,كارشناسي پيوسته,حضوري,ارائه در سطح دانشکده,,گروه آموزشي دروس عمومي(7116399),163 - شيراز(163),163 - شيراز(71163),71 - فارس(71)
90610,اندیشه اسلامی 1 (مبدا ومعاد),نظري,2,0,1639061010,خواهران,سه شنبه از 07:30 تا 09:15,مهدی مهدوی اعلا,,45,,1405/04/15 از 16:30 تا 18:00,مهندسی یک-217,كارشناسي پيوسته,حضوري,ارائه در سطح دانشکده,,گروه آموزشي دروس عمومي(7116399),163 - شيراز(163),163 - شيراز(71163),71 - فارس(71)
98841,اندیشه اسلامی 2‌ (نبوت و امامت),نظري,2,0,1639884104,خواهران,سه شنبه از 13:15 تا 15:00,مهدی مهدوی اعلا,,45,,1405/04/10 از 16:30 تا 18:00,مهندسی یک-217,كارشناسي پيوسته,حضوري,ارائه در سطح دانشکده,,گروه آموزشي دروس عمومي(7116399),163 - شيراز(163),163 - شيراز(71163),71 - فارس(71)
98841,اندیشه اسلامی 2‌ (نبوت و امامت),نظري,2,0,1639884103,برادران,سه شنبه از 11:00 تا 12:00 سه شنبه از ...,مهدی مهدوی اعلا,,45,,1405/04/10 از 16:30 تا 18:00,مهندسی یک-217,كارشناسي پيوسته,حضوري,ارائه در سطح دانشکده,,گروه آموزشي دروس عمومي(7116399),163 - شيراز(163),163 - شيراز(71163),71 - فارس(71)
98841,اندیشه اسلامی 2‌ (نبوت و امامت),نظري,2,0,1639884102,خواهران,پنج شنبه از 13:15 تا 15:00,مهدی مهدوی اعلا,,45,,1405/04/10 از 16:30 تا 18:00,مهندسی دو-18,كارشناسي پيوسته,حضوري,ارائه در سطح دانشکده,,گروه آموزشي دروس عمومي(7116399),163 - شيراز(163),163 - شيراز(71163),71 - فارس(71)
98841,اندیشه اسلامی 2‌ (نبوت و امامت),نظري,2,0,1639884101,خواهران,پنج شنبه از 11:00 تا 12:00 پنج شنبه از ...,مهدی مهدوی اعلا,,45,,1405/04/10 از 16:30 تا 18:00,مهندسی دو-18,كارشناسي پيوسته,حضوري,ارائه در سطح دانشکده,,گروه آموزشي دروس عمومي(7116399),163 - شيراز(163),163 - شيراز(71163),71 - فارس(71)
99041,تاریخ تحلیلی صدر اسلام‌,نظري,2,0,1639904111,خواهران,چهارشنبه از 13:15 تا 15:00,نرجس نصرالهی,,0,,1405/04/11 از 16:30 تا 18:00,مهندسی دو-18,كارشناسي پيوسته,حضوري,ارائه در سطح دانشکده,,گروه آموزشي دروس عمومي(7116399),163 - شيراز(163),163 - شيراز(71163),71 - فارس(71)
99041,تاریخ تحلیلی صدر اسلام‌,نظري,2,0,1639904112,خواهران,چهارشنبه از 11:00 تا 12:00 چهارشنبه از ...,نرجس نصرالهی,,45,,1405/04/11 از 16:30 تا 18:00,مهندسی دو-18,كارشناسي پيوسته,حضوري,ارائه در سطح دانشکده,,گروه آموزشي دروس عمومي(7116399),163 - شيراز(163),163 - شيراز(71163),71 - فارس(71)
99041,تاریخ تحلیلی صدر اسلام‌,نظري,2,0,1639904110,خواهران,چهارشنبه از 09:15 تا 11:00,نرجس نصرالهی,,45,,1405/04/11 از 16:30 تا 18:00,مهندسی دو-18,كارشناسي پيوسته,حضوري,ارائه در سطح دانشکده,,گروه آموزشي دروس عمومي(7116399),163 - شيراز(163),163 - شيراز(71163),71 - فارس(71)
99041,تاریخ تحلیلی صدر اسلام‌,نظري,2,0,1639904109,خواهران,چهارشنبه از 07:30 تا 09:15,نرجس نصرالهی,,45,,1405/04/11 از 16:30 تا 18:00,مهندسی دو-18,كارشناسي پيوسته,حضوري,ارائه در سطح دانشکده,,گروه آموزشي دروس عمومي(7116399),163 - شيراز(163),163 - شيراز(71163),71 - فارس(71)
90610,اندیشه اسلامی 1 (مبدا ومعاد),نظري,2,0,1639061009,برادران,پنج شنبه از 09:15 تا 11:00,مهدی مهدوی اعلا,,45,,1405/04/15 از 16:30 تا 18:00,مهندسی دو-18,كارشناسي پيوسته,حضوري,ارائه در سطح دانشکده,,گروه آموزشي دروس عمومي(7116399),163 - شيراز(163),163 - شيراز(71163),71 - فارس(71)
90610,اندیشه اسلامی 1 (مبدا ومعاد),نظري,2,0,1639061008,برادران,پنج شنبه از 07:30 تا 09:15,مهدی مهدوی اعلا,,45,,1405/04/15 از 16:30 تا 18:00,مهندسی دو-18,كارشناسي پيوسته,حضوري,ارائه در سطح دانشکده,,گروه آموزشي دروس عمومي(7116399),163 - شيراز(163),163 - شيراز(71163),71 - فارس(71)
90763,تفسیر موضوعی قرآن,نظري,2,0,1639076304,خواهران,سه شنبه از 13:15 تا 15:00,نرجس نصرالهی,,45,,1405/04/09 از 16:30 تا 18:00,مهندسی دو-18,كارشناسي پيوسته,حضوري,ارائه در سطح دانشکده,,گروه آموزشي دروس عمومي(7116399),163 - شيراز(163),163 - شيراز(71163),71 - فارس(71)
90763,تفسیر موضوعی قرآن,نظري,2,0,1639076303,خواهران,سه شنبه از 11:00 تا 12:00 سه شنبه از ...,نرجس نصرالهی,,45,,1405/04/09 از 16:30 تا 18:00,مهندسی دو-18,كارشناسي پيوسته,حضوري,ارائه در سطح دانشکده,,گروه آموزشي دروس عمومي(7116399),163 - شيراز(163),163 - شيراز(71163),71 - فارس(71)
90763,تفسیر موضوعی قرآن,نظري,2,0,1639076302,خواهران,سه شنبه از 09:15 تا 11:00,نرجس نصرالهی,,49,,1405/04/09 از 16:30 تا 18:00,مهندسی دو-18,كارشناسي پيوسته,حضوري,ارائه در سطح دانشکده,,گروه آموزشي دروس عمومي(7116399),163 - شيراز(163),163 - شيراز(71163),71 - فارس(71)
90763,تفسیر موضوعی قرآن,نظري,2,0,1639076301,خواهران_ ترم اخری,سه شنبه از 07:30 تا 09:15,نرجس نصرالهی,,0,,1405/04/09 از 16:30 تا 18:00,مهندسی دو-18,كارشناسي پيوسته,حضوري,ارائه در سطح دانشکده,,گروه آموزشي دروس عمومي(7116399),163 - شيراز(163),163 - شيراز(71163),71 - فارس(71)
90121,تاریخ امامت,نظري,2,0,1639012104,خواهران,دوشنبه از 13:15 تا 15:00,نرجس نصرالهی,,45,,1405/04/11 از 16:30 تا 18:00,مهندسی دو-18,كارشناسي پيوسته,حضوري,ارائه در سطح دانشکده,,گروه آموزشي دروس عمومي(7116399),163 - شيراز(163),163 - شيراز(71163),71 - فارس(71)
90121,تاریخ امامت,نظري,2,0,1639012103,خواهران,دوشنبه از 11:00 تا 12:00 دوشنبه از از ...,نرجس نصرالهی,,45,,1405/04/11 از 16:30 تا 18:00,مهندسی دو-18,كارشناسي پيوسته,حضوري,ارائه در سطح دانشکده,,گروه آموزشي دروس عمومي(7116399),163 - شيراز(163),163 - شيراز(71163),71 - فارس(71)
90121,تاریخ امامت,نظري,2,0,1639012102,خواهران,دوشنبه از 09:15 تا 11:00,نرجس نصرالهی,,49,,1405/04/11 از 16:30 تا 18:00,مهندسی دو-18,كارشناسي پيوسته,حضوري,ارائه در سطح دانشکده,,گروه آموزشي دروس عمومي(7116399),163 - شيراز(163),163 - شيراز(71163),71 - فارس(71)
90121,تاریخ امامت,نظري,2,0,1639012101,خواهران,دوشنبه از 07:30 تا 09:15,نرجس نصرالهی,,45,,1405/04/11 از 16:30 تا 18:00,مهندسی دو-18,كارشناسي پيوسته,حضوري,ارائه در سطح دانشکده,,گروه آموزشي دروس عمومي(7116399),163 - شيراز(163),163 - شيراز(71163),71 - فارس(71)
99073,اندیشه های امامین انقلاب اسلامی و وصایای حضرت امام خمینی(ره),نظري,1,0,1639907304,برادران,چهارشنبه از 16:45 تا 18:30,جعفر فتحی زاده,,45,,1405/04/13 از 16:30 تا 18:00,مهندسی دو-18,كارشناسي پيوسته,حضوري,ارائه در سطح دانشکده,,گروه آموزشي دروس عمومي(7116399),163 - شيراز(163),163 - شيراز(71163),71 - فارس(71)
99073,اندیشه های امامین انقلاب اسلامی و وصایای حضرت امام خمینی(ره),نظري,1,0,1639907303,برادران,چهارشنبه از 15:00 تا 16:45,جعفر فتحی زاده,,45,,1405/04/13 از 16:30 تا 18:00,مهندسی دو-18,كارشناسي پيوسته,حضوري,ارائه در سطح دانشکده,,گروه آموزشي دروس عمومي(7116399),163 - شيراز(163),163 - شيراز(71163),71 - فارس(71)
99073,اندیشه های امامین انقلاب اسلامی و وصایای حضرت امام خمینی(ره),نظري,1,0,1639907302,برادران,يكشنبه از 16:45 تا 18:30,جعفر فتحی زاده,,45,,1405/04/13 از 16:30 تا 18:00,مهندسی دو-18,كارشناسي پيوسته,حضوري,ارائه در سطح دانشکده,,گروه آموزشي دروس عمومي(7116399),163 - شيراز(163),163 - شيراز(71163),71 - فارس(71)
99073,اندیشه های امامین انقلاب اسلامی و وصایای حضرت امام خمینی(ره),نظري,1,0,1639907301,برادران- ترم آخری,يكشنبه از 15:00 تا 16:45,جعفر فتحی زاده,,0,,1405/04/13 از 16:30 تا 18:00,مهندسی دو-18,كارشناسي پيوسته,حضوري,ارائه در سطح دانشکده,,گروه آموزشي دروس عمومي(7116399),163 - شيراز(163),163 - شيراز(71163),71 - فارس(71)
90613,انسان در اسلام,نظري,2,0,1639061304,خواهران,يكشنبه از 13:30 تا 15:00,اسداله مصطفی پور,,45,,1405/04/10 از 16:30 تا 18:00,مهندسی دو-18,كارشناسي پيوسته,حضوري,ارائه در سطح دانشکده,,گروه آموزشي دروس عمومي(7116399),163 - شيراز(163),163 - شيراز(71163),71 - فارس(71)
90613,انسان در اسلام,نظري,2,0,1639061303,خواهران,يكشنبه از 11:00 تا 12:00 يكشنبه از از ...,اسداله مصطفی پور,,49,,1405/04/10 از 16:30 تا 18:00,مهندسی دو-18,كارشناسي پيوسته,حضوري,ارائه در سطح دانشکده,,گروه آموزشي دروس عمومي(7116399),163 - شيراز(163),163 - شيراز(71163),71 - فارس(71)
90613,انسان در اسلام,نظري,2,0,1639061302,برادران,يكشنبه از 09:15 تا 11:00,اسداله مصطفی پور,,45,,1405/04/10 از 16:30 تا 18:00,مهندسی دو-18,كارشناسي پيوسته,حضوري,ارائه در سطح دانشکده,,گروه آموزشي دروس عمومي(7116399),163 - شيراز(163),163 - شيراز(71163),71 - فارس(71)
90613,انسان در اسلام,نظري,2,0,1639061301,برادران,يكشنبه از 07:30 تا 09:15,اسداله مصطفی پور,,45,,1405/04/10 از 16:30 تا 18:00,مهندسی دو-18,كارشناسي پيوسته,حضوري,ارائه در سطح دانشکده,,گروه آموزشي دروس عمومي(7116399),163 - شيراز(163),163 - شيراز(71163),71 - فارس(71)
90610,اندیشه اسلامی 1 (مبدا ومعاد),نظري,2,0,1639061007,برادران,شنبه از 13:15 تا 15:00,اسداله مصطفی پور,,45,,1405/04/15 از 16:30 تا 18:00,مهندسی دو-18,كارشناسي پيوسته,حضوري,ارائه در سطح دانشکده,,گروه آموزشي دروس عمومي(7116399),163 - شيراز(163),163 - شيراز(71163),71 - فارس(71)
90610,اندیشه اسلامی 1 (مبدا ومعاد),نظري,2,0,1639061006,خواهران,شنبه از 11:00 تا 12:00 شنبه از از ...,اسداله مصطفی پور,,45,,1405/04/15 از 16:30 تا 18:00,مهندسی دو-18,كارشناسي پيوسته,حضوري,ارائه در سطح دانشکده,,گروه آموزشي دروس عمومي(7116399),163 - شيراز(163),163 - شيراز(71163),71 - فارس(71)
90610,اندیشه اسلامی 1 (مبدا ومعاد),نظري,2,0,1639061005,خواهران,شنبه از 09:15 تا 11:00,اسداله مصطفی پور,,45,,1405/04/15 از 16:30 تا 18:00,مهندسی دو-18,كارشناسي پيوسته,حضوري,ارائه در سطح دانشکده,,گروه آموزشي دروس عمومي(7116399),163 - شيراز(163),163 - شيراز(71163),71 - فارس(71)
90610,اندیشه اسلامی 1 (مبدا ومعاد),نظري,2,0,1639061004,خواهران - ترم آخری,شنبه از 07:30 تا 09:15,اسداله مصطفی پور,,1,,1405/04/15 از 16:30 تا 18:00,مهندسی دو-18,كارشناسي پيوسته,حضوري,ارائه در سطح دانشکده,,گروه آموزشي دروس عمومي(7116399),163 - شيراز(163),163 - شيراز(71163),71 - فارس(71)
92381,تاریخ فرهنگ و تمدن اسلام و ایران,نظري,2,0,1639238104,خواهران,پنج شنبه از 13:15 تا 15:00,فاطمه باقری,,45,,1405/04/18 از 16:30 تا 18:00,مهندسی دو-109,كارشناسي پيوسته,حضوري,ارائه در سطح دانشکده,,گروه آموزشي دروس عمومي(7116399),163 - شيراز(163),163 - شيراز(71163),71 - فارس(71)
92381,تاریخ فرهنگ و تمدن اسلام و ایران,نظري,2,0,1639238103,خواهران,پنج شنبه از 11:00 تا 12:00 پنج شنبه از ...,فاطمه باقری,,45,,1405/04/18 از 16:30 تا 18:00,مهندسی دو-109,كارشناسي پيوسته,حضوري,ارائه در سطح دانشکده,,گروه آموزشي دروس عمومي(7116399),163 - شيراز(163),163 - شيراز(71163),71 - فارس(71)
92381,تاریخ فرهنگ و تمدن اسلام و ایران,نظري,2,0,1639238102,خواهران,پنج شنبه از 09:15 تا 11:00,فاطمه باقری,,45,,1405/04/18 از 16:30 تا 18:00,مهندسی دو-109,كارشناسي پيوسته,حضوري,ارائه در سطح دانشکده,,گروه آموزشي دروس عمومي(7116399),163 - شيراز(163),163 - شيراز(71163),71 - فارس(71)
92381,تاریخ فرهنگ و تمدن اسلام و ایران,نظري,2,0,1639238101,خواهران,پنج شنبه از 07:30 تا 09:15,فاطمه باقری,,45,,1405/04/18 از 16:30 تا 18:00,مهندسی دو-109,كارشناسي پيوسته,حضوري,ارائه در سطح دانشکده,,گروه آموزشي دروس عمومي(7116399),163 - شيراز(163),163 - شيراز(71163),71 - فارس(71)
90610,اندیشه اسلامی 1 (مبدا ومعاد),نظري,2,0,1639061003,برادران,چهارشنبه از 16:45 تا 18:30,عباس عرفانی فر,,45,,1405/04/15 از 16:30 تا 18:00,مهندسی دو-109,كارشناسي پيوسته,حضوري,ارائه در سطح دانشکده,,گروه آموزشي دروس عمومي(7116399),163 - شيراز(163),163 - شيراز(71163),71 - فارس(71)
90610,اندیشه اسلامی 1 (مبدا ومعاد),نظري,2,0,1639061002,خواهران,چهارشنبه از 15:00 تا 16:45,عباس عرفانی فر,,45,,1405/04/15 از 16:30 تا 18:00,مهندسی دو-109,كارشناسي پيوسته,حضوري,ارائه در سطح دانشکده,,گروه آموزشي دروس عمومي(7116399),163 - شيراز(163),163 - شيراز(71163),71 - فارس(71)
90610,اندیشه اسلامی 1 (مبدا ومعاد),نظري,2,0,1639061001,خواهران,چهارشنبه از 13:15 تا 15:00,عباس عرفانی فر,,45,,1405/04/15 از 16:30 تا 18:00,مهندسی دو-109,كارشناسي پيوسته,حضوري,ارائه در سطح دانشکده,,گروه آموزشي دروس عمومي(7116399),163 - شيراز(163),163 - شيراز(71163),71 - فارس(71)
90755,انقلاب اسلامی ایران,نظري,2,0,1639075509,برادران,سه شنبه از 16:45 تا 18:30,احمدرضا حبیبی اردکانی,,45,,1405/04/07 از 16:30 تا 18:00,مهندسی دو-109,كارشناسي پيوسته,حضوري,ارائه در سطح دانشکده,,گروه آموزشي دروس عمومي(7116399),163 - شيراز(163),163 - شيراز(71163),71 - فارس(71)
90755,انقلاب اسلامی ایران,نظري,2,0,1639075508,خواهران,سه شنبه از 15:00 تا 16:45,احمدرضا حبیبی اردکانی,,45,,1405/04/07 از 16:30 تا 18:00,مهندسی دو-109,كارشناسي پيوسته,حضوري,ارائه در سطح دانشکده,,گروه آموزشي دروس عمومي(7116399),163 - شيراز(163),163 - شيراز(71163),71 - فارس(71)
90755,انقلاب اسلامی ایران,نظري,2,0,1639075507,برادران,سه شنبه از 13:15 تا 15:00,احمدرضا حبیبی اردکانی,,45,,1405/04/07 از 16:30 تا 18:00,مهندسی دو-109,كارشناسي پيوسته,حضوري,ارائه در سطح دانشکده,,گروه آموزشي دروس عمومي(7116399),163 - شيراز(163),163 - شيراز(71163),71 - فارس(71)
90755,انقلاب اسلامی ایران,نظري,2,0,1639075503,برادران,سه شنبه از 16:45 تا 18:30,محمد آزاد,,45,,1405/04/07 از 16:30 تا 18:00,مهندسی یک-115,كارشناسي پيوسته,حضوري,ارائه در سطح دانشکده,,گروه آموزشي دروس عمومي(7116399),163 - شيراز(163),163 - شيراز(71163),71 - فارس(71)
90755,انقلاب اسلامی ایران,نظري,2,0,1639075502,خواهران,دوشنبه از 07:30 تا 09:15,مسعود زارع,,45,,1405/04/07 از 16:30 تا 18:00,مهندسی یک-115,كارشناسي پيوسته,حضوري,ارائه در سطح دانشکده,,گروه آموزشي دروس عمومي(7116399),163 - شيراز(163),163 - شيراز(71163),71 - فارس(71)
90755,انقلاب اسلامی ایران,نظري,2,0,1639075501,خواهران,دوشنبه از 09:15 تا 11:00,مسعود زارع,,49,,1405/04/07 از 16:30 تا 18:00,مهندسی یک-115,كارشناسي پيوسته,حضوري,ارائه در سطح دانشکده,,گروه آموزشي دروس عمومي(7116399),163 - شيراز(163),163 - شيراز(71163),71 - فارس(71)
90313,تفسیر موضوعی نهج‌البلاغه,نظري,2,0,1639031303,خواهران,سه شنبه از 11:00 تا 12:00 سه شنبه از ...,آفتاب جمالی سنگری,,45,,1405/03/26 از 16:30 تا 18:00,مهندسی دو-109,كارشناسي پيوسته,حضوري,ارائه در سطح دانشکده,,گروه آموزشي دروس عمومي(7116399),163 - شيراز(163),163 - شيراز(71163),71 - فارس(71)
90313,تفسیر موضوعی نهج‌البلاغه,نظري,2,0,1639031302,خواهران,سه شنبه از 09:15 تا 11:00,آفتاب جمالی سنگری,,45,,1405/03/26 از 16:30 تا 18:00,مهندسی دو-109,كارشناسي پيوسته,حضوري,ارائه در سطح دانشکده,,گروه آموزشي دروس عمومي(7116399),163 - شيراز(163),163 - شيراز(71163),71 - فارس(71)
90313,تفسیر موضوعی نهج‌البلاغه,نظري,2,0,1639031301,خواهران,سه شنبه از 07:30 تا 09:15,آفتاب جمالی سنگری,,30,,1405/03/26 از 16:30 تا 18:00,مهندسی دو-109,كارشناسي پيوسته,حضوري,ارائه در سطح دانشکده,,گروه آموزشي دروس عمومي(7116399),163 - شيراز(163),163 - شيراز(71163),71 - فارس(71)
90128,دانش خانواده و جمعیت,نظري,2,0,1639012805,خواهران,پنج شنبه از 11:00 تا 12:00 پنج شنبه از ...,آفتاب جمالی سنگری,,45,,1405/04/17 از 16:30 تا 18:00,اقتصاد ومدیریت-005,كارشناسي پيوسته,حضوري,ارائه در سطح دانشکده,,گروه آموزشي دروس عمومي(7116399),163 - شيراز(163),163 - شيراز(71163),71 - فارس(71)
90128,دانش خانواده و جمعیت,نظري,2,0,1639012803,خواهران,پنج شنبه از 07:30 تا 09:15,آفتاب جمالی سنگری,,45,,1405/04/17 از 16:30 تا 18:00,اقتصاد ومدیریت-005,كارشناسي پيوسته,حضوري,ارائه در سطح دانشکده,,گروه آموزشي دروس عمومي(7116399),163 - شيراز(163),163 - شيراز(71163),71 - فارس(71)
90128,دانش خانواده و جمعیت,نظري,2,0,1639012802,خواهران,دوشنبه از 11:00 تا 12:00 دوشنبه از از ...,آفتاب جمالی سنگری,,45,,1405/04/17 از 16:30 تا 18:00,مهندسی دو-109,كارشناسي پيوسته,حضوري,ارائه در سطح دانشکده,,گروه آموزشي دروس عمومي(7116399),163 - شيراز(163),163 - شيراز(71163),71 - فارس(71)
90128,دانش خانواده و جمعیت,نظري,2,0,1639012801,خواهران,دوشنبه از 09:15 تا 11:00,آفتاب جمالی سنگری,,45,,1405/04/17 از 16:30 تا 18:00,مهندسی دو-109,كارشناسي پيوسته,حضوري,ارائه در سطح دانشکده,,گروه آموزشي دروس عمومي(7116399),163 - شيراز(163),163 - شيراز(71163),71 - فارس(71)
99041,تاریخ تحلیلی صدر اسلام‌,نظري,2,0,1639904108,خواهران,يكشنبه از 13:15 تا 15:00,اسفندیار احمدی,,0,,1405/04/11 از 16:30 تا 18:00,مهندسی دو-109,كارشناسي پيوسته,حضوري,ارائه در سطح دانشکده,,گروه آموزشي دروس عمومي(7116399),163 - شيراز(163),163 - شيراز(71163),71 - فارس(71)
99041,تاریخ تحلیلی صدر اسلام‌,نظري,2,0,1639904107,خواهران,يكشنبه از 11:00 تا 12:00 يكشنبه از از ...,اسفندیار احمدی,,45,,1405/04/11 از 16:30 تا 18:00,مهندسی دو-109,كارشناسي پيوسته,حضوري,ارائه در سطح دانشکده,,گروه آموزشي دروس عمومي(7116399),163 - شيراز(163),163 - شيراز(71163),71 - فارس(71)
99041,تاریخ تحلیلی صدر اسلام‌,نظري,2,0,1639904106,برادران,يكشنبه از 09:15 تا 11:00,اسفندیار احمدی,,0,,1405/04/11 از 16:30 تا 18:00,مهندسی دو-109,كارشناسي پيوسته,حضوري,ارائه در سطح دانشکده,,گروه آموزشي دروس عمومي(7116399),163 - شيراز(163),163 - شيراز(71163),71 - فارس(71)
99041,تاریخ تحلیلی صدر اسلام‌,نظري,2,0,1639904105,برادران,يكشنبه از 07:30 تا 09:15,اسفندیار احمدی,,45,,1405/04/11 از 16:30 تا 18:00,مهندسی دو-109,كارشناسي پيوسته,حضوري,ارائه در سطح دانشکده,,گروه آموزشي دروس عمومي(7116399),163 - شيراز(163),163 - شيراز(71163),71 - فارس(71)
99041,تاریخ تحلیلی صدر اسلام‌,نظري,2,0,1639904104,برادران- ترم آخری,شنبه از 13:15 تا 15:00,اسفندیار احمدی,,0,,1405/04/11 از 16:30 تا 18:00,مهندسی دو-109,كارشناسي پيوسته,حضوري,ارائه در سطح دانشکده,,گروه آموزشي دروس عمومي(7116399),163 - شيراز(163),163 - شيراز(71163),71 - فارس(71)
99041,تاریخ تحلیلی صدر اسلام‌,نظري,2,0,1639904103,برادران,شنبه از 11:00 تا 12:00 شنبه از از ...,اسفندیار احمدی,,45,,1405/04/11 از 16:30 تا 18:00,مهندسی دو-109,كارشناسي پيوسته,حضوري,ارائه در سطح دانشکده,,گروه آموزشي دروس عمومي(7116399),163 - شيراز(163),163 - شيراز(71163),71 - فارس(71)
99041,تاریخ تحلیلی صدر اسلام‌,نظري,2,0,1639904102,برادران,شنبه از 09:15 تا 11:00,اسفندیار احمدی,,45,,1405/04/11 از 16:30 تا 18:00,مهندسی دو-109,كارشناسي پيوسته,حضوري,ارائه در سطح دانشکده,,گروه آموزشي دروس عمومي(7116399),163 - شيراز(163),163 - شيراز(71163),71 - فارس(71)
99041,تاریخ تحلیلی صدر اسلام‌,نظري,2,0,1639904101,برادران,شنبه از 07:30 تا 09:15,اسفندیار احمدی,,45,,1405/04/11 از 16:30 تا 18:00,مهندسی دو-109,كارشناسي پيوسته,حضوري,ارائه در سطح دانشکده,,گروه آموزشي دروس عمومي(7116399),163 - شيراز(163),163 - شيراز(71163),71 - فارس(71)
99091,زبان انگلیسی عمومی-ترکیبی(2),نظري,1,0,4042230,,دوشنبه از 09:30 تا 10:30,نفيسه لشگري,,100,,1405/04/20 از 10:00 تا 12:00,,كارشناسي پيوسته,ارائه ترکیبی در واحد منتخب,ارائه در سطح دانشکده,,گروه آموزشي دروس عمومي(7116399),163 - شيراز(163),163 - شيراز(71163),71 - فارس(71)
99092,زبان انگلیسی عمومی-ترکیبی(3),نظري,1,0,4042324,,پنج شنبه از 16:30 تا 17:30,سهراب عزيزي,,100,,1405/04/21 از 10:00 تا 12:00,,كارشناسي پيوسته,ارائه ترکیبی در واحد منتخب,ارائه در سطح دانشکده,,گروه آموزشي دروس عمومي(7116399),163 - شيراز(163),163 - شيراز(71163),71 - فارس(71)
99092,زبان انگلیسی عمومی-ترکیبی(3),نظري,1,0,4042323,,پنج شنبه از 13:30 تا 14:30,سپيده سالخورد,,100,,1405/04/21 از 10:00 تا 12:00,,كارشناسي پيوسته,ارائه ترکیبی در واحد منتخب,ارائه در سطح دانشکده,,گروه آموزشي دروس عمومي(7116399),163 - شيراز(163),163 - شيراز(71163),71 - فارس(71)
99092,زبان انگلیسی عمومی-ترکیبی(3),نظري,1,0,4042322,,پنج شنبه از 12:30 تا 13:30,سپيده سالخورد,,100,,1405/04/21 از 10:00 تا 12:00,,كارشناسي پيوسته,ارائه ترکیبی در واحد منتخب,ارائه در سطح دانشکده,,گروه آموزشي دروس عمومي(7116399),163 - شيراز(163),163 - شيراز(71163),71 - فارس(71)
99092,زبان انگلیسی عمومی-ترکیبی(3),نظري,1,0,4042321,,پنج شنبه از 09:30 تا 10:30,رها خویدی,,100,,1405/04/21 از 10:00 تا 12:00,,كارشناسي پيوسته,ارائه ترکیبی در واحد منتخب,ارائه در سطح دانشکده,,گروه آموزشي دروس عمومي(7116399),163 - شيراز(163),163 - شيراز(71163),71 - فارس(71)
99092,زبان انگلیسی عمومی-ترکیبی(3),نظري,1,0,4042320,,چهارشنبه از 13:30 تا 14:30,رها خویدی,,101,,1405/04/21 از 10:00 تا 12:00,,كارشناسي پيوسته,ارائه ترکیبی در واحد منتخب,ارائه در سطح دانشکده,,گروه آموزشي دروس عمومي(7116399),163 - شيراز(163),163 - شيراز(71163),71 - فارس(71)
99092,زبان انگلیسی عمومی-ترکیبی(3),نظري,1,0,4042319,,چهارشنبه از 10:30 تا 11:30,فرزانه قائدشرف,,100,,1405/04/21 از 10:00 تا 12:00,,كارشناسي پيوسته,ارائه ترکیبی در واحد منتخب,ارائه در سطح دانشکده,,گروه آموزشي دروس عمومي(7116399),163 - شيراز(163),163 - شيراز(71163),71 - فارس(71)
99092,زبان انگلیسی عمومی-ترکیبی(3),نظري,1,0,4042318,,چهارشنبه از 10:30 تا 11:30,شيوا قلندري,,100,,1405/04/21 از 10:00 تا 12:00,,كارشناسي پيوسته,ارائه ترکیبی در واحد منتخب,ارائه در سطح دانشکده,,گروه آموزشي دروس عمومي(7116399),163 - شيراز(163),163 - شيراز(71163),71 - فارس(71)
99092,زبان انگلیسی عمومی-ترکیبی(3),نظري,1,0,4042317,,چهارشنبه از 10:30 تا 11:30,الهام طباطبايي,,100,,1405/04/21 از 10:00 تا 12:00,,كارشناسي پيوسته,ارائه ترکیبی در واحد منتخب,ارائه در سطح دانشکده,,گروه آموزشي دروس عمومي(7116399),163 - شيراز(163),163 - شيراز(71163),71 - فارس(71)
99092,زبان انگلیسی عمومی-ترکیبی(3),نظري,1,0,4042316,,چهارشنبه از 09:30 تا 10:30,شيوا قلندري,,100,,1405/04/21 از 10:00 تا 12:00,,كارشناسي پيوسته,ارائه ترکیبی در واحد منتخب,ارائه در سطح دانشکده,,گروه آموزشي دروس عمومي(7116399),163 - شيراز(163),163 - شيراز(71163),71 - فارس(71)
99092,زبان انگلیسی عمومی-ترکیبی(3),نظري,1,0,4042315,,چهارشنبه از 09:30 تا 10:30,الهام طباطبايي,,100,,1405/04/21 از 15:00 تا 17:00,,كارشناسي پيوسته,ارائه ترکیبی در واحد منتخب,ارائه در سطح دانشکده,,گروه آموزشي دروس عمومي(7116399),163 - شيراز(163),163 - شيراز(71163),71 - فارس(71)
99092,زبان انگلیسی عمومی-ترکیبی(3),نظري,1,0,4042314,,چهارشنبه از 08:30 تا 09:30,الهام طباطبايي,,100,,1405/04/21 از 15:00 تا 17:00,,كارشناسي پيوسته,ارائه ترکیبی در واحد منتخب,ارائه در سطح دانشکده,,گروه آموزشي دروس عمومي(7116399),163 - شيراز(163),163 - شيراز(71163),71 - فارس(71)
99092,زبان انگلیسی عمومی-ترکیبی(3),نظري,1,0,4042313,,چهارشنبه از 07:30 تا 08:30,الهام طباطبايي,,100,,1405/04/21 از 15:00 تا 17:00,,كارشناسي پيوسته,ارائه ترکیبی در واحد منتخب,ارائه در سطح دانشکده,,گروه آموزشي دروس عمومي(7116399),163 - شيراز(163),163 - شيراز(71163),71 - فارس(71)
99092,زبان انگلیسی عمومی-ترکیبی(3),نظري,1,0,4042312,استاد دکتر نیلوفر طباطبایی,سه شنبه از 18:30 تا 19:30,نیلوفر طباطبایی,,100,,1405/04/21 از 15:00 تا 17:00,,كارشناسي پيوسته,ارائه ترکیبی در واحد منتخب,ارائه در سطح دانشکده,,گروه آموزشي دروس عمومي(7116399),163 - شيراز(163),163 - شيراز(71163),71 - فارس(71)
99092,زبان انگلیسی عمومی-ترکیبی(3),نظري,1,0,4042311,,سه شنبه از 17:00 تا 18:00,عبداله اميري,,100,,1405/04/21 از 15:00 تا 17:00,,كارشناسي پيوسته,ارائه ترکیبی در واحد منتخب,ارائه در سطح دانشکده,,گروه آموزشي دروس عمومي(7116399),163 - شيراز(163),163 - شيراز(71163),71 - فارس(71)
99092,زبان انگلیسی عمومی-ترکیبی(3),نظري,1,0,4042310,,سه شنبه از 15:30 تا 16:30,طاهره دباغ منش,,100,,1405/04/21 از 15:00 تا 17:00,,كارشناسي پيوسته,ارائه ترکیبی در واحد منتخب,ارائه در سطح دانشکده,,گروه آموزشي دروس عمومي(7116399),163 - شيراز(163),163 - شيراز(71163),71 - فارس(71)
99092,زبان انگلیسی عمومی-ترکیبی(3),نظري,1,0,4042309,,سه شنبه از 14:30 تا 15:30,طاهره دباغ منش,,100,,1405/04/21 از 15:00 تا 17:00,,كارشناسي پيوسته,ارائه ترکیبی در واحد منتخب,ارائه در سطح دانشکده,,گروه آموزشي دروس عمومي(7116399),163 - شيراز(163),163 - شيراز(71163),71 - فارس(71)
99092,زبان انگلیسی عمومی-ترکیبی(3),نظري,1,0,4042308,,يكشنبه از 11:00 تا 12:00,تکتم پرهيزکار خديو,,100,,1405/04/21 از 15:00 تا 17:00,,كارشناسي پيوسته,ارائه ترکیبی در واحد منتخب,ارائه در سطح دانشکده,,گروه آموزشي دروس عمومي(7116399),163 - شيراز(163),163 - شيراز(71163),71 - فارس(71)
99092,زبان انگلیسی عمومی-ترکیبی(3),نظري,1,0,4042307,,دوشنبه از 12:00 تا 13:00,تکتم پرهيزکار خديو,,100,,1405/04/21 از 15:00 تا 17:00,,كارشناسي پيوسته,ارائه ترکیبی در واحد منتخب,ارائه در سطح دانشکده,,گروه آموزشي دروس عمومي(7116399),163 - شيراز(163),163 - شيراز(71163),71 - فارس(71)
99092,زبان انگلیسی عمومی-ترکیبی(3),نظري,1,0,4042306,,سه شنبه از 07:30 تا 08:30,شبنم ديانت,,100,,1405/04/21 از 15:00 تا 17:00,,كارشناسي پيوسته,ارائه ترکیبی در واحد منتخب,ارائه در سطح دانشکده,,گروه آموزشي دروس عمومي(7116399),163 - شيراز(163),163 - شيراز(71163),71 - فارس(71)
99092,زبان انگلیسی عمومی-ترکیبی(3),نظري,1,0,4042305,,دوشنبه از 19:00 تا 20:00,زينب طالب زاده,,100,,1405/04/21 از 15:00 تا 17:00,,كارشناسي پيوسته,ارائه ترکیبی در واحد منتخب,ارائه در سطح دانشکده,,گروه آموزشي دروس عمومي(7116399),163 - شيراز(163),163 - شيراز(71163),71 - فارس(71)
99092,زبان انگلیسی عمومی-ترکیبی(3),نظري,1,0,4042304,,دوشنبه از 07:30 تا 08:30,ندا اعتمادی,,100,,1405/04/21 از 15:00 تا 17:00,,كارشناسي پيوسته,ارائه ترکیبی در واحد منتخب,ارائه در سطح دانشکده,,گروه آموزشي دروس عمومي(7116399),163 - شيراز(163),163 - شيراز(71163),71 - فارس(71)
99092,زبان انگلیسی عمومی-ترکیبی(3),نظري,1,0,4042303,,يكشنبه از 19:00 تا 20:00,عبداله اميري,,100,,1405/04/21 از 15:00 تا 17:00,,كارشناسي پيوسته,ارائه ترکیبی در واحد منتخب,ارائه در سطح دانشکده,,گروه آموزشي دروس عمومي(7116399),163 - شيراز(163),163 - شيراز(71163),71 - فارس(71)
99092,زبان انگلیسی عمومی-ترکیبی(3),نظري,1,0,4042302,,يكشنبه از 14:30 تا 15:30,وفا شجاع منش,,100,,1405/04/21 از 15:00 تا 17:00,,كارشناسي پيوسته,ارائه ترکیبی در واحد منتخب,ارائه در سطح دانشکده,,گروه آموزشي دروس عمومي(7116399),163 - شيراز(163),163 - شيراز(71163),71 - فارس(71)
99092,زبان انگلیسی عمومی-ترکیبی(3),نظري,1,0,4042301,,يكشنبه از 10:30 تا 11:30,محمدجواد بهمئي,,100,,1405/04/21 از 15:00 تا 17:00,,كارشناسي پيوسته,ارائه ترکیبی در واحد منتخب,ارائه در سطح دانشکده,,گروه آموزشي دروس عمومي(7116399),163 - شيراز(163),163 - شيراز(71163),71 - فارس(71)
99092,زبان انگلیسی عمومی-ترکیبی(3),نظري,1,0,4042300,,يكشنبه از 12:00 تا 13:00,تکتم پرهيزکار خديو,,100,,1405/04/21 از 15:00 تا 17:00,,كارشناسي پيوسته,ارائه ترکیبی در واحد منتخب,ارائه در سطح دانشکده,,گروه آموزشي دروس عمومي(7116399),163 - شيراز(163),163 - شيراز(71163),71 - فارس(71)
99091,زبان انگلیسی عمومی-ترکیبی(2),نظري,1,0,4042229,,پنج شنبه از 15:30 تا 16:30,سهراب عزيزي,,100,,1405/04/20 از 10:00 تا 12:00,,كارشناسي پيوسته,ارائه ترکیبی در واحد منتخب,ارائه در سطح دانشکده,,گروه آموزشي دروس عمومي(7116399),163 - شيراز(163),163 - شيراز(71163),71 - فارس(71)
99091,زبان انگلیسی عمومی-ترکیبی(2),نظري,1,0,4042228,,پنج شنبه از 14:30 تا 15:30,سهراب عزيزي,,100,,1405/04/20 از 10:00 تا 12:00,,كارشناسي پيوسته,ارائه ترکیبی در واحد منتخب,ارائه در سطح دانشکده,,گروه آموزشي دروس عمومي(7116399),163 - شيراز(163),163 - شيراز(71163),71 - فارس(71)
99091,زبان انگلیسی عمومی-ترکیبی(2),نظري,1,0,4042227,,پنج شنبه از 13:30 تا 14:30,سهراب عزيزي,,100,,1405/04/20 از 10:00 تا 12:00,,كارشناسي پيوسته,ارائه ترکیبی در واحد منتخب,ارائه در سطح دانشکده,,گروه آموزشي دروس عمومي(7116399),163 - شيراز(163),163 - شيراز(71163),71 - فارس(71)
90121,تاریخ امامت,نظري,2,0,1639012112,برادران,چهارشنبه از 15:00 تا 16:45,مسعود مرادی,,49,,1405/04/11 از 16:30 تا 18:00,اقتصاد ومدیریت-005,كارشناسي پيوسته,حضوري,ارائه در سطح دانشکده,,گروه آموزشي دروس عمومي(7116399),163 - شيراز(163),163 - شيراز(71163),71 - فارس(71)
90121,تاریخ امامت,نظري,2,0,1639012111,خواهران,چهارشنبه از 13:15 تا 15:00,مسعود مرادی,,49,,1405/04/11 از 16:30 تا 18:00,اقتصاد ومدیریت-005,كارشناسي پيوسته,حضوري,ارائه در سطح دانشکده,,گروه آموزشي دروس عمومي(7116399),163 - شيراز(163),163 - شيراز(71163),71 - فارس(71)
90121,تاریخ امامت,نظري,2,0,1639012110,خواهران,چهارشنبه از 11:00 تا 12:00 چهارشنبه از ...,مسعود مرادی,,49,,1405/04/11 از 16:30 تا 18:00,اقتصاد ومدیریت-005,كارشناسي پيوسته,حضوري,ارائه در سطح دانشکده,,گروه آموزشي دروس عمومي(7116399),163 - شيراز(163),163 - شيراز(71163),71 - فارس(71)
90128,دانش خانواده و جمعیت,نظري,2,0,1639012812,خواهران- ترم آخری,پنج شنبه از 16:45 تا 18:30,فرزانه مسعودی,,0,,1405/04/17 از 16:30 تا 18:00,اقتصاد ومدیریت-005,كارشناسي پيوسته,حضوري,ارائه در سطح دانشکده,,گروه آموزشي دروس عمومي(7116399),163 - شيراز(163),163 - شيراز(71163),71 - فارس(71)
90128,دانش خانواده و جمعیت,نظري,2,0,1639012811,خواهران,پنج شنبه از 15:00 تا 16:45,فرزانه مسعودی,,49,,1405/04/17 از 16:30 تا 18:00,اقتصاد ومدیریت-005,كارشناسي پيوسته,حضوري,ارائه در سطح دانشکده,,گروه آموزشي دروس عمومي(7116399),163 - شيراز(163),163 - شيراز(71163),71 - فارس(71)
90128,دانش خانواده و جمعیت,نظري,2,0,1639012810,خواهران,پنج شنبه از 13:15 تا 15:00,فرزانه مسعودی,,49,,1405/04/17 از 16:30 تا 18:00,اقتصاد ومدیریت-005,كارشناسي پيوسته,حضوري,ارائه در سطح دانشکده,,گروه آموزشي دروس عمومي(7116399),163 - شيراز(163),163 - شيراز(71163),71 - فارس(71)
98923,آیین زندگی (اخلاق کاربردی),نظري,2,0,1639892301,خواهران,چهارشنبه از 09:15 تا 11:00,حمید محمودیان عطاآبادی,,35,,1405/04/15 از 16:30 تا 18:00,اقتصاد ومدیریت-005,كارشناسي پيوسته,حضوري,ارائه در سطح دانشکده,,گروه آموزشي دروس عمومي(7116399),163 - شيراز(163),163 - شيراز(71163),71 - فارس(71)
90610,اندیشه اسلامی 1 (مبدا ومعاد),نظري,2,0,1639061021,برادران,چهارشنبه از 07:30 تا 09:15,بهزاد محمدی,,49,,1405/04/15 از 16:30 تا 18:00,اقتصاد ومدیریت-005,كارشناسي پيوسته,حضوري,ارائه در سطح دانشکده,,گروه آموزشي دروس عمومي(7116399),163 - شيراز(163),163 - شيراز(71163),71 - فارس(71)
98841,اندیشه اسلامی 2‌ (نبوت و امامت),نظري,2,0,1639884111,خواهران,سه شنبه از 15:00 تا 16:45,مرتضی حق شناس,,49,,1405/04/10 از 16:30 تا 18:00,اقتصاد ومدیریت-005,كارشناسي پيوسته,حضوري,ارائه در سطح دانشکده,,گروه آموزشي دروس عمومي(7116399),163 - شيراز(163),163 - شيراز(71163),71 - فارس(71)
92381,تاریخ فرهنگ و تمدن اسلام و ایران,نظري,2,0,1639238111,خواهران,دوشنبه از 07:30 تا 09:15,انسیه سادات حسینی شریف,,49,,1405/04/18 از 16:30 تا 18:00,مهندسی یک-319,كارشناسي پيوسته,حضوري,ارائه در سطح دانشکده,,گروه آموزشي دروس عمومي(7116399),163 - شيراز(163),163 - شيراز(71163),71 - فارس(71)
92381,تاریخ فرهنگ و تمدن اسلام و ایران,نظري,2,0,1639238110,خواهران,دوشنبه از 09:15 تا 11:00,انسیه سادات حسینی شریف,,49,,1405/04/18 از 16:30 تا 18:00,مهندسی یک-319,كارشناسي پيوسته,حضوري,ارائه در سطح دانشکده,,گروه آموزشي دروس عمومي(7116399),163 - شيراز(163),163 - شيراز(71163),71 - فارس(71)
90128,دانش خانواده و جمعیت,نظري,2,0,1639012809,برادران,دوشنبه از 13:15 تا 15:00,صدراله جمشیدی,,49,,1405/04/17 از 16:30 تا 18:00,اقتصاد ومدیریت-005,كارشناسي پيوسته,حضوري,ارائه در سطح دانشکده,,گروه آموزشي دروس عمومي(7116399),163 - شيراز(163),163 - شيراز(71163),71 - فارس(71)
90128,دانش خانواده و جمعیت,نظري,2,0,1639012808,برادران,دوشنبه از 11:00 تا 12:00 دوشنبه از از ...,صدراله جمشیدی,,49,,1405/04/17 از 16:30 تا 18:00,اقتصاد ومدیریت-005,كارشناسي پيوسته,حضوري,ارائه در سطح دانشکده,,گروه آموزشي دروس عمومي(7116399),163 - شيراز(163),163 - شيراز(71163),71 - فارس(71)
90128,دانش خانواده و جمعیت,نظري,2,0,1639012807,برادران,دوشنبه از 09:15 تا 11:00,صدراله جمشیدی,,49,,1405/04/17 از 16:30 تا 18:00,اقتصاد ومدیریت-005,كارشناسي پيوسته,حضوري,ارائه در سطح دانشکده,,گروه آموزشي دروس عمومي(7116399),163 - شيراز(163),163 - شيراز(71163),71 - فارس(71)
90128,دانش خانواده و جمعیت,نظري,2,0,1639012806,برادران- ترم آخری,دوشنبه از 07:30 تا 09:15,صدراله جمشیدی,,0,,1405/04/17 از 16:30 تا 18:00,اقتصاد ومدیریت-005,كارشناسي پيوسته,حضوري,ارائه در سطح دانشکده,,گروه آموزشي دروس عمومي(7116399),163 - شيراز(163),163 - شيراز(71163),71 - فارس(71)
98841,اندیشه اسلامی 2‌ (نبوت و امامت),نظري,2,0,1639884110,برادران,يكشنبه از 15:00 تا 16:45,محمدعلی اخگر,,49,,1405/04/10 از 16:30 تا 18:00,اقتصاد ومدیریت-005,كارشناسي پيوسته,حضوري,ارائه در سطح دانشکده,,گروه آموزشي دروس عمومي(7116399),163 - شيراز(163),163 - شيراز(71163),71 - فارس(71)
98841,اندیشه اسلامی 2‌ (نبوت و امامت),نظري,2,0,1639884109,برادران,يكشنبه از 13:15 تا 15:00,محمدعلی اخگر,,49,,1405/04/10 از 16:30 تا 18:00,اقتصاد ومدیریت-005,كارشناسي پيوسته,حضوري,ارائه در سطح دانشکده,,گروه آموزشي دروس عمومي(7116399),163 - شيراز(163),163 - شيراز(71163),71 - فارس(71)
98841,اندیشه اسلامی 2‌ (نبوت و امامت),نظري,2,0,1639884108,برادران,يكشنبه از 11:00 تا 12:00 يكشنبه از از ...,محمدعلی اخگر,,45,,1405/04/10 از 16:30 تا 18:00,اقتصاد ومدیریت-005,كارشناسي پيوسته,حضوري,ارائه در سطح دانشکده,,گروه آموزشي دروس عمومي(7116399),163 - شيراز(163),163 - شيراز(71163),71 - فارس(71)
90610,اندیشه اسلامی 1 (مبدا ومعاد),نظري,2,0,1639061020,خواهران,شنبه از 13:15 تا 15:00,ثمينه سادات مرشدي,,45,,1405/04/15 از 16:30 تا 18:00,اقتصاد ومدیریت-005,كارشناسي پيوسته,حضوري,ارائه در سطح دانشکده,,گروه آموزشي دروس عمومي(7116399),163 - شيراز(163),163 - شيراز(71163),71 - فارس(71)
90610,اندیشه اسلامی 1 (مبدا ومعاد),نظري,2,0,1639061019,خواهران,شنبه از 11:00 تا 12:00 شنبه از از ...,ثمينه سادات مرشدي,,45,,1405/04/15 از 16:30 تا 18:00,اقتصاد ومدیریت-005,كارشناسي پيوسته,حضوري,ارائه در سطح دانشکده,,گروه آموزشي دروس عمومي(7116399),163 - شيراز(163),163 - شيراز(71163),71 - فارس(71)
90610,اندیشه اسلامی 1 (مبدا ومعاد),نظري,2,0,1639061018,خواهران,شنبه از 09:15 تا 11:00,ثمينه سادات مرشدي,,45,,1405/04/15 از 16:30 تا 18:00,اقتصاد ومدیریت-005,كارشناسي پيوسته,حضوري,ارائه در سطح دانشکده,,گروه آموزشي دروس عمومي(7116399),163 - شيراز(163),163 - شيراز(71163),71 - فارس(71)
90610,اندیشه اسلامی 1 (مبدا ومعاد),نظري,2,0,1639061017,خواهران,شنبه از 07:30 تا 09:15,ثمينه سادات مرشدي,,45,,1405/04/15 از 16:30 تا 18:00,اقتصاد ومدیریت-005,كارشناسي پيوسته,حضوري,ارائه در سطح دانشکده,,گروه آموزشي دروس عمومي(7116399),163 - شيراز(163),163 - شيراز(71163),71 - فارس(71)
7000035438,علوم و معارف دفاع مقدس و مقاومت,نظري,2,0,163811219,برادران,چهارشنبه از 16:45 تا 18:30,امیرعلی بنی احمد,,50,,1405/04/14 از 16:30 تا 18:00,اقتصاد ومدیریت-007,كارشناسي پيوسته,حضوري,ارائه در سطح دانشکده,,گروه آموزشي دروس عمومي(7116399),163 - شيراز(163),163 - شيراز(71163),71 - فارس(71)
7000035438,علوم و معارف دفاع مقدس و مقاومت,نظري,2,0,163811217,برادران,چهارشنبه از 15:00 تا 16:45,امیرعلی بنی احمد,,50,,1405/04/14 از 16:30 تا 18:00,اقتصاد ومدیریت-007,كارشناسي پيوسته,حضوري,ارائه در سطح دانشکده,,گروه آموزشي دروس عمومي(7116399),163 - شيراز(163),163 - شيراز(71163),71 - فارس(71)
7000035438,علوم و معارف دفاع مقدس و مقاومت,نظري,2,0,163811216,خواهران,چهارشنبه از 13:15 تا 15:00,امیرعلی بنی احمد,,50,,1405/04/14 از 16:30 تا 18:00,اقتصاد ومدیریت-007,كارشناسي پيوسته,حضوري,ارائه در سطح دانشکده,,گروه آموزشي دروس عمومي(7116399),163 - شيراز(163),163 - شيراز(71163),71 - فارس(71)
99073,اندیشه های امامین انقلاب اسلامی و وصایای حضرت امام خمینی(ره),نظري,1,0,1639907327,برادران,سه شنبه از 15:00 تا 16:45,امیرعلی بنی احمد,,50,,1405/04/13 از 16:30 تا 18:00,اقتصاد ومدیریت-006,كارشناسي پيوسته,حضوري,ارائه در سطح دانشکده,,گروه آموزشي دروس عمومي(7116399),163 - شيراز(163),163 - شيراز(71163),71 - فارس(71)
99073,اندیشه های امامین انقلاب اسلامی و وصایای حضرت امام خمینی(ره),نظري,1,0,1639907328,برادران,سه شنبه از 13:15 تا 15:00,امیرعلی بنی احمد,,20,,1405/04/13 از 16:30 تا 18:00,اقتصاد ومدیریت-006,كارشناسي پيوسته,حضوري,ارائه در سطح دانشکده,,گروه آموزشي دروس عمومي(7116399),163 - شيراز(163),163 - شيراز(71163),71 - فارس(71)
99073,اندیشه های امامین انقلاب اسلامی و وصایای حضرت امام خمینی(ره),نظري,1,0,1639907329,برادران,سه شنبه از 11:00 تا 12:00 سه شنبه از ...,امیرعلی بنی احمد,,20,,1405/04/13 از 16:30 تا 18:00,اقتصاد ومدیریت-006,كارشناسي پيوسته,حضوري,ارائه در سطح دانشکده,,گروه آموزشي دروس عمومي(7116399),163 - شيراز(163),163 - شيراز(71163),71 - فارس(71)
99073,اندیشه های امامین انقلاب اسلامی و وصایای حضرت امام خمینی(ره),نظري,1,0,1639907330,برادران,سه شنبه از 16:45 تا 18:30,امیرعلی بنی احمد,,50,,1405/04/13 از 16:30 تا 18:00,اقتصاد ومدیریت-007,كارشناسي پيوسته,حضوري,ارائه در سطح دانشکده,,گروه آموزشي دروس عمومي(7116399),163 - شيراز(163),163 - شيراز(71163),71 - فارس(71)
7000035438,علوم و معارف دفاع مقدس و مقاومت,نظري,2,0,163811215,خواهران,سه شنبه از 15:00 تا 16:45,حسن فتحي سرشت,,50,,1405/04/14 از 16:30 تا 18:00,اقتصاد ومدیریت-007,كارشناسي پيوسته,حضوري,ارائه در سطح دانشکده,,گروه آموزشي دروس عمومي(7116399),163 - شيراز(163),163 - شيراز(71163),71 - فارس(71)
7000035438,علوم و معارف دفاع مقدس و مقاومت,نظري,2,0,163811214,خواهران,سه شنبه از 13:15 تا 15:00,حسن فتحي سرشت,,50,,1405/04/14 از 16:30 تا 18:00,اقتصاد ومدیریت-007,كارشناسي پيوسته,حضوري,ارائه در سطح دانشکده,,گروه آموزشي دروس عمومي(7116399),163 - شيراز(163),163 - شيراز(71163),71 - فارس(71)
7000035438,علوم و معارف دفاع مقدس و مقاومت,نظري,2,0,163811218,خواهران,سه شنبه از 09:15 تا 11:00,حسن فتحي سرشت,,50,,1405/04/14 از 16:30 تا 18:00,اقتصاد ومدیریت-007,كارشناسي پيوسته,حضوري,ارائه در سطح دانشکده,,گروه آموزشي دروس عمومي(7116399),163 - شيراز(163),163 - شيراز(71163),71 - فارس(71)
7000035438,علوم و معارف دفاع مقدس و مقاومت,نظري,2,0,163811213,خواهران,دوشنبه از 15:00 تا 16:45,حسن فتحي سرشت,,45,,1405/04/14 از 16:30 تا 18:00,اقتصاد ومدیریت-007,كارشناسي پيوسته,حضوري,ارائه در سطح دانشکده,,گروه آموزشي دروس عمومي(7116399),163 - شيراز(163),163 - شيراز(71163),71 - فارس(71)
7000035438,علوم و معارف دفاع مقدس و مقاومت,نظري,2,0,163811211,خواهران,دوشنبه از 13:15 تا 15:00,حسن فتحي سرشت,,50,,1405/04/14 از 16:30 تا 18:00,اقتصاد ومدیریت-007,كارشناسي پيوسته,حضوري,ارائه در سطح دانشکده,,گروه آموزشي دروس عمومي(7116399),163 - شيراز(163),163 - شيراز(71163),71 - فارس(71)
7000035438,علوم و معارف دفاع مقدس و مقاومت,نظري,2,0,163811210,خواهران,دوشنبه از 09:15 تا 11:00,حسن فتحي سرشت,,20,,1405/04/14 از 16:30 تا 18:00,اقتصاد ومدیریت-007,كارشناسي پيوسته,حضوري,ارائه در سطح دانشکده,,گروه آموزشي دروس عمومي(7116399),163 - شيراز(163),163 - شيراز(71163),71 - فارس(71)
98961,اخلاق اسلامی (مبانی و مفاهیم),نظري,2,0,1639896107,برادران,سه شنبه از 07:30 تا 09:15,عبدالحمید فرزانه,,49,,1405/04/15 از 16:30 تا 18:00,اقتصاد ومدیریت-007,كارشناسي پيوسته,حضوري,ارائه در سطح دانشکده,,گروه آموزشي دروس عمومي(7116399),163 - شيراز(163),163 - شيراز(71163),71 - فارس(71)
98961,اخلاق اسلامی (مبانی و مفاهیم),نظري,2,0,1639896106,برادران,دوشنبه از 07:30 تا 09:15,عبدالحمید فرزانه,,49,,1405/04/15 از 16:30 تا 18:00,اقتصاد ومدیریت-007,كارشناسي پيوسته,حضوري,ارائه در سطح دانشکده,,گروه آموزشي دروس عمومي(7116399),163 - شيراز(163),163 - شيراز(71163),71 - فارس(71)
90763,تفسیر موضوعی قرآن,نظري,2,0,1639076309,خواهران,يكشنبه از 11:00 تا 12:00 يكشنبه از از ...,عبدالحمید فرزانه,,45,,1405/04/09 از 16:30 تا 18:00,اقتصاد ومدیریت-007,كارشناسي پيوسته,حضوري,ارائه در سطح دانشکده,,گروه آموزشي دروس عمومي(7116399),163 - شيراز(163),163 - شيراز(71163),71 - فارس(71)
90763,تفسیر موضوعی قرآن,نظري,2,0,1639076308,برادران,يكشنبه از 09:15 تا 11:00,عبدالحمید فرزانه,,45,,1405/04/09 از 16:30 تا 18:00,اقتصاد ومدیریت-007,كارشناسي پيوسته,حضوري,ارائه در سطح دانشکده,,گروه آموزشي دروس عمومي(7116399),163 - شيراز(163),163 - شيراز(71163),71 - فارس(71)
90763,تفسیر موضوعی قرآن,نظري,2,0,1639076307,برادران,شنبه از 11:00 تا 12:00 شنبه از از ...,علی نیکویی,,45,,1405/04/09 از 16:30 تا 18:00,اقتصاد ومدیریت-007,كارشناسي پيوسته,حضوري,ارائه در سطح دانشکده,,گروه آموزشي دروس عمومي(7116399),163 - شيراز(163),163 - شيراز(71163),71 - فارس(71)
90763,تفسیر موضوعی قرآن,نظري,2,0,1639076306,خواهران,شنبه از 09:15 تا 11:00,علی نیکویی,,45,,1405/04/09 از 16:30 تا 18:00,اقتصاد ومدیریت-007,كارشناسي پيوسته,حضوري,ارائه در سطح دانشکده,,گروه آموزشي دروس عمومي(7116399),163 - شيراز(163),163 - شيراز(71163),71 - فارس(71)
90763,تفسیر موضوعی قرآن,نظري,2,0,1639076305,برادران,شنبه از 07:30 تا 09:15,علی نیکویی,,45,,1405/04/09 از 16:30 تا 18:00,اقتصاد ومدیریت-007,كارشناسي پيوسته,حضوري,ارائه در سطح دانشکده,,گروه آموزشي دروس عمومي(7116399),163 - شيراز(163),163 - شيراز(71163),71 - فارس(71)
90755,انقلاب اسلامی ایران,نظري,2,0,1639075528,برادران - ترم آخری,دوشنبه از 16:45 تا 18:30,احمدرضا حبیبی اردکانی,,0,,1405/04/07 از 16:30 تا 18:00,هنر و معماری- 1,كارشناسي پيوسته,حضوري,ارائه در سطح دانشکده,,گروه آموزشي دروس عمومي(7116399),163 - شيراز(163),163 - شيراز(71163),71 - فارس(71)
90755,انقلاب اسلامی ایران,نظري,2,0,1639075527,برادران,دوشنبه از 15:00 تا 16:45,احمدرضا حبیبی اردکانی,,45,,1405/04/07 از 16:30 تا 18:00,هنر و معماری- 1,كارشناسي پيوسته,حضوري,ارائه در سطح دانشکده,,گروه آموزشي دروس عمومي(7116399),163 - شيراز(163),163 - شيراز(71163),71 - فارس(71)
90755,انقلاب اسلامی ایران,نظري,2,0,1639075526,خواهران,دوشنبه از 13:15 تا 15:00,احمدرضا حبیبی اردکانی,,45,,1405/04/07 از 16:30 تا 18:00,هنر و معماری- 1,كارشناسي پيوسته,حضوري,ارائه در سطح دانشکده,,گروه آموزشي دروس عمومي(7116399),163 - شيراز(163),163 - شيراز(71163),71 - فارس(71)
90755,انقلاب اسلامی ایران,نظري,2,0,1639075525,خواهران,سه شنبه از 15:00 تا 16:45,محمد آزاد,,45,,1405/04/07 از 16:30 تا 18:00,مهندسی یک-115,كارشناسي پيوسته,حضوري,ارائه در سطح دانشکده,,گروه آموزشي دروس عمومي(7116399),163 - شيراز(163),163 - شيراز(71163),71 - فارس(71)
90755,انقلاب اسلامی ایران,نظري,2,0,1639075524,خواهران,سه شنبه از 13:15 تا 15:00,محمد آزاد,,45,,1405/04/07 از 16:30 تا 18:00,مهندسی یک-115,كارشناسي پيوسته,حضوري,ارائه در سطح دانشکده,,گروه آموزشي دروس عمومي(7116399),163 - شيراز(163),163 - شيراز(71163),71 - فارس(71)
90755,انقلاب اسلامی ایران,نظري,2,0,1639075523,برادران,چهارشنبه از 16:45 تا 18:30,هاشم یگانه,,45,,1405/04/07 از 16:30 تا 18:00,مهندسی دو-19,كارشناسي پيوسته,حضوري,ارائه در سطح دانشکده,,گروه آموزشي دروس عمومي(7116399),163 - شيراز(163),163 - شيراز(71163),71 - فارس(71)
90755,انقلاب اسلامی ایران,نظري,2,0,1639075522,برادران,چهارشنبه از 15:00 تا 16:45,هاشم یگانه,,45,,1405/04/07 از 16:30 تا 18:00,مهندسی دو-19,كارشناسي پيوسته,حضوري,ارائه در سطح دانشکده,,گروه آموزشي دروس عمومي(7116399),163 - شيراز(163),163 - شيراز(71163),71 - فارس(71)
90610,اندیشه اسلامی 1 (مبدا ومعاد),نظري,2,0,1639061016,برادران,سه شنبه از 16:45 تا 18:30,عباس عرفانی فر,,45,,1405/04/15 از 16:30 تا 18:00,مهندسی دو-19,كارشناسي پيوسته,حضوري,ارائه در سطح دانشکده,,گروه آموزشي دروس عمومي(7116399),163 - شيراز(163),163 - شيراز(71163),71 - فارس(71)
90610,اندیشه اسلامی 1 (مبدا ومعاد),نظري,2,0,1639061015,برادران- ویژه دانشجویان ترم آخر,سه شنبه از 15:00 تا 16:45,عباس عرفانی فر,,15,,1405/04/15 از 16:30 تا 18:00,مهندسی دو-19,كارشناسي پيوسته,حضوري,ارائه در سطح دانشکده,,گروه آموزشي دروس عمومي(7116399),163 - شيراز(163),163 - شيراز(71163),71 - فارس(71)
90610,اندیشه اسلامی 1 (مبدا ومعاد),نظري,2,0,1639061014,خواهران,سه شنبه از 13:15 تا 15:00,عباس عرفانی فر,,47,,1405/04/15 از 16:30 تا 18:00,مهندسی دو-19,كارشناسي پيوسته,حضوري,ارائه در سطح دانشکده,,گروه آموزشي دروس عمومي(7116399),163 - شيراز(163),163 - شيراز(71163),71 - فارس(71)
98961,اخلاق اسلامی (مبانی و مفاهیم),نظري,2,0,1639896105,برادران,دوشنبه از 07:30 تا 09:15,محمدعلی کوثری,,49,,1405/04/15 از 16:30 تا 18:00,مهندسی یک-217,كارشناسي پيوسته,حضوري,ارائه در سطح دانشکده,,گروه آموزشي دروس عمومي(7116399),163 - شيراز(163),163 - شيراز(71163),71 - فارس(71)
98961,اخلاق اسلامی (مبانی و مفاهیم),نظري,2,0,1639896104,برادران,سه شنبه از 09:15 تا 11:00,محمد جواد رحمانی,,49,,1405/04/15 از 16:30 تا 18:00,مهندسی دو-19,كارشناسي پيوسته,حضوري,ارائه در سطح دانشکده,,گروه آموزشي دروس عمومي(7116399),163 - شيراز(163),163 - شيراز(71163),71 - فارس(71)
98961,اخلاق اسلامی (مبانی و مفاهیم),نظري,2,0,1639896103,برادران,سه شنبه از 07:30 تا 09:15,محمد جواد رحمانی,,49,,1405/04/15 از 16:30 تا 18:00,مهندسی دو-19,كارشناسي پيوسته,حضوري,ارائه در سطح دانشکده,,گروه آموزشي دروس عمومي(7116399),163 - شيراز(163),163 - شيراز(71163),71 - فارس(71)
90046,آشنایی با قانون اساسی جمهوری اسلامی ایران,نظري,2,0,1639004604,خواهران,دوشنبه از 09:15 تا 11:00,مهسا عمادي,,49,,1405/04/07 از 16:30 تا 18:00,مهندسی دو-19,كارشناسي پيوسته,حضوري,ارائه در سطح دانشکده,,گروه آموزشي دروس عمومي(7116399),163 - شيراز(163),163 - شيراز(71163),71 - فارس(71)
90046,آشنایی با قانون اساسی جمهوری اسلامی ایران,نظري,2,0,1639004603,خواهران,دوشنبه از 07:30 تا 09:15,مهسا عمادي,,49,,1405/04/07 از 16:30 تا 18:00,مهندسی دو-19,كارشناسي پيوسته,حضوري,ارائه در سطح دانشکده,,گروه آموزشي دروس عمومي(7116399),163 - شيراز(163),163 - شيراز(71163),71 - فارس(71)
90046,آشنایی با قانون اساسی جمهوری اسلامی ایران,نظري,2,0,1639004602,خواهران,دوشنبه از 13:15 تا 15:00,مهسا عمادي,,45,,1405/04/07 از 16:30 تا 18:00,مهندسی دو-19,كارشناسي پيوسته,حضوري,ارائه در سطح دانشکده,,گروه آموزشي دروس عمومي(7116399),163 - شيراز(163),163 - شيراز(71163),71 - فارس(71)
90046,آشنایی با قانون اساسی جمهوری اسلامی ایران,نظري,2,0,1639004601,خواهران,دوشنبه از 11:00 تا 12:00 دوشنبه از از ...,مهسا عمادي,,49,,1405/04/07 از 16:30 تا 18:00,مهندسی دو-19,كارشناسي پيوسته,حضوري,ارائه در سطح دانشکده,,گروه آموزشي دروس عمومي(7116399),163 - شيراز(163),163 - شيراز(71163),71 - فارس(71)
99073,اندیشه های امامین انقلاب اسلامی و وصایای حضرت امام خمینی(ره),نظري,1,0,1639907309,برادران,يكشنبه از 16:45 تا 18:30,هاشم یگانه,,45,,1405/04/13 از 16:30 تا 18:00,مهندسی دو-19,كارشناسي پيوسته,حضوري,ارائه در سطح دانشکده,,گروه آموزشي دروس عمومي(7116399),163 - شيراز(163),163 - شيراز(71163),71 - فارس(71)
99073,اندیشه های امامین انقلاب اسلامی و وصایای حضرت امام خمینی(ره),نظري,1,0,1639907310,برادران,يكشنبه از 15:00 تا 16:45,هاشم یگانه,,45,,1405/04/13 از 16:30 تا 18:00,مهندسی دو-19,كارشناسي پيوسته,حضوري,ارائه در سطح دانشکده,,گروه آموزشي دروس عمومي(7116399),163 - شيراز(163),163 - شيراز(71163),71 - فارس(71)
90313,تفسیر موضوعی نهج‌البلاغه,نظري,2,0,1639031307,برادران - استاد نعمت الهی,شنبه از 11:00 تا 12:00 شنبه از از ...,عبدالحمید فرزانه,,45,,1405/03/26 از 16:30 تا 18:00,مهندسی دو-19,كارشناسي پيوسته,حضوري,ارائه در سطح دانشکده,,گروه آموزشي دروس عمومي(7116399),163 - شيراز(163),163 - شيراز(71163),71 - فارس(71)
90313,تفسیر موضوعی نهج‌البلاغه,نظري,2,0,1639031306,خواهران -استاد نعمت الهی,شنبه از 09:15 تا 11:00,عبدالحمید فرزانه,,45,,1405/03/26 از 16:30 تا 18:00,مهندسی دو-19,كارشناسي پيوسته,حضوري,ارائه در سطح دانشکده,,گروه آموزشي دروس عمومي(7116399),163 - شيراز(163),163 - شيراز(71163),71 - فارس(71)
90313,تفسیر موضوعی نهج‌البلاغه,نظري,2,0,1639031304,برادران - استاد نعمت الهی,شنبه از 07:30 تا 09:15,عبدالحمید فرزانه,,45,,1405/03/26 از 16:30 تا 18:00,مهندسی دو-19,كارشناسي پيوسته,حضوري,ارائه در سطح دانشکده,,گروه آموزشي دروس عمومي(7116399),163 - شيراز(163),163 - شيراز(71163),71 - فارس(71)
90755,انقلاب اسلامی ایران,نظري,2,0,1639075521,برادران,چهارشنبه از 13:15 تا 15:00,خسرو شمسایی,,45,,1405/04/07 از 16:30 تا 18:00,مهندسی دو-19,كارشناسي پيوسته,حضوري,ارائه در سطح دانشکده,,گروه آموزشي دروس عمومي(7116399),163 - شيراز(163),163 - شيراز(71163),71 - فارس(71)
90755,انقلاب اسلامی ایران,نظري,2,0,1639075520,برادران,چهارشنبه از 11:00 تا 12:00 چهارشنبه از ...,خسرو شمسایی,,45,,1405/04/07 از 16:30 تا 18:00,مهندسی دو-19,كارشناسي پيوسته,حضوري,ارائه در سطح دانشکده,,گروه آموزشي دروس عمومي(7116399),163 - شيراز(163),163 - شيراز(71163),71 - فارس(71)
90755,انقلاب اسلامی ایران,نظري,2,0,1639075519,خواهران,چهارشنبه از 09:15 تا 11:00,خسرو شمسایی,,45,,1405/04/07 از 16:30 تا 18:00,مهندسی دو-19,كارشناسي پيوسته,حضوري,ارائه در سطح دانشکده,,گروه آموزشي دروس عمومي(7116399),163 - شيراز(163),163 - شيراز(71163),71 - فارس(71)
90755,انقلاب اسلامی ایران,نظري,2,0,1639075518,خواهران- ترم آخری,چهارشنبه از 07:30 تا 09:15,خسرو شمسایی,,0,,1405/04/07 از 16:30 تا 18:00,مهندسی دو-19,كارشناسي پيوسته,حضوري,ارائه در سطح دانشکده,,گروه آموزشي دروس عمومي(7116399),163 - شيراز(163),163 - شيراز(71163),71 - فارس(71)
90755,انقلاب اسلامی ایران,نظري,2,0,1639075517,خواهران,يكشنبه از 13:15 تا 15:00,خسرو شمسایی,,45,,1405/04/07 از 16:30 تا 18:00,مهندسی دو-19,كارشناسي پيوسته,حضوري,ارائه در سطح دانشکده,,گروه آموزشي دروس عمومي(7116399),163 - شيراز(163),163 - شيراز(71163),71 - فارس(71)
90755,انقلاب اسلامی ایران,نظري,2,0,1639075516,خواهران,يكشنبه از 11:00 تا 12:00 يكشنبه از از ...,خسرو شمسایی,,45,,1405/04/07 از 16:30 تا 18:00,مهندسی دو-19,كارشناسي پيوسته,حضوري,ارائه در سطح دانشکده,,گروه آموزشي دروس عمومي(7116399),163 - شيراز(163),163 - شيراز(71163),71 - فارس(71)
90755,انقلاب اسلامی ایران,نظري,2,0,1639075515,برادران,يكشنبه از 09:15 تا 11:00,خسرو شمسایی,,45,,1405/04/07 از 16:30 تا 18:00,مهندسی دو-19,كارشناسي پيوسته,حضوري,ارائه در سطح دانشکده,,گروه آموزشي دروس عمومي(7116399),163 - شيراز(163),163 - شيراز(71163),71 - فارس(71)
90755,انقلاب اسلامی ایران,نظري,2,0,1639075514,برادران,يكشنبه از 07:30 تا 09:15,خسرو شمسایی,,45,,1405/04/07 از 16:30 تا 18:00,مهندسی دو-19,كارشناسي پيوسته,حضوري,ارائه در سطح دانشکده,,گروه آموزشي دروس عمومي(7116399),163 - شيراز(163),163 - شيراز(71163),71 - فارس(71)
99073,اندیشه های امامین انقلاب اسلامی و وصایای حضرت امام خمینی(ره),نظري,1,0,1639907307,برادران,شنبه از 11:00 تا 12:00 شنبه از از ...,عبدالحمید غریب نواز,,45,,1405/04/13 از 16:30 تا 18:00,مهندسی دو-20,كارشناسي پيوسته,حضوري,ارائه در سطح دانشکده,,گروه آموزشي دروس عمومي(7116399),163 - شيراز(163),163 - شيراز(71163),71 - فارس(71)
7000035438,علوم و معارف دفاع مقدس و مقاومت,نظري,2,0,163811209,خواهران,دوشنبه از 15:00 تا 16:45,محمد آزاد,,45,,1405/04/14 از 16:30 تا 18:00,مهندسی دو-109,كارشناسي پيوسته,حضوري,ارائه در سطح دانشکده,,گروه آموزشي دروس عمومي(7116399),163 - شيراز(163),163 - شيراز(71163),71 - فارس(71)
7000035438,علوم و معارف دفاع مقدس و مقاومت,نظري,2,0,163811208,خواهران,دوشنبه از 13:15 تا 15:00,محمد آزاد,,45,,1405/04/14 از 16:30 تا 18:00,مهندسی دو-109,كارشناسي پيوسته,حضوري,ارائه در سطح دانشکده,,گروه آموزشي دروس عمومي(7116399),163 - شيراز(163),163 - شيراز(71163),71 - فارس(71)
7000035438,علوم و معارف دفاع مقدس و مقاومت,نظري,2,0,163811207,برادران,شنبه از 16:45 تا 18:30,محمد آزاد,,45,,1405/04/14 از 16:30 تا 18:00,اقتصاد ومدیریت-007,كارشناسي پيوسته,حضوري,ارائه در سطح دانشکده,,گروه آموزشي دروس عمومي(7116399),163 - شيراز(163),163 - شيراز(71163),71 - فارس(71)
7000035438,علوم و معارف دفاع مقدس و مقاومت,نظري,2,0,163811206,خواهران,شنبه از 15:00 تا 16:45,محمد آزاد,,45,,1405/04/14 از 16:30 تا 18:00,اقتصاد ومدیریت-007,كارشناسي پيوسته,حضوري,ارائه در سطح دانشکده,,گروه آموزشي دروس عمومي(7116399),163 - شيراز(163),163 - شيراز(71163),71 - فارس(71)
7000035438,علوم و معارف دفاع مقدس و مقاومت,نظري,2,0,163811205,خواهران,شنبه از 13:15 تا 15:00,محمد آزاد,,0,,1405/04/14 از 16:30 تا 18:00,اقتصاد ومدیریت-007,كارشناسي پيوسته,حضوري,ارائه در سطح دانشکده,,گروه آموزشي دروس عمومي(7116399),163 - شيراز(163),163 - شيراز(71163),71 - فارس(71)
98841,اندیشه اسلامی 2‌ (نبوت و امامت),نظري,2,0,1639884107,برادران- ترم آخری,شنبه از 16:45 تا 18:30,عباس عرفانی فر,,15,,1405/04/10 از 16:30 تا 18:00,مهندسی دو-19,كارشناسي پيوسته,حضوري,ارائه در سطح دانشکده,,گروه آموزشي دروس عمومي(7116399),163 - شيراز(163),163 - شيراز(71163),71 - فارس(71)
98841,اندیشه اسلامی 2‌ (نبوت و امامت),نظري,2,0,1639884106,برادران,شنبه از 15:00 تا 16:45,عباس عرفانی فر,,45,,1405/04/10 از 16:30 تا 18:00,مهندسی دو-19,كارشناسي پيوسته,حضوري,ارائه در سطح دانشکده,,گروه آموزشي دروس عمومي(7116399),163 - شيراز(163),163 - شيراز(71163),71 - فارس(71)
98841,اندیشه اسلامی 2‌ (نبوت و امامت),نظري,2,0,1639884105,خواهران,شنبه از 13:15 تا 15:00,عباس عرفانی فر,,45,,1405/04/10 از 16:30 تا 18:00,مهندسی دو-19,كارشناسي پيوسته,حضوري,ارائه در سطح دانشکده,,گروه آموزشي دروس عمومي(7116399),163 - شيراز(163),163 - شيراز(71163),71 - فارس(71)
99041,تاریخ تحلیلی صدر اسلام‌,نظري,2,0,1639904119,برادران-حسابداری,پنج شنبه از 15:00 تا 16:45,مسعود مرادی,,0,,1405/04/11 از 16:30 تا 18:00,مهندسی دو-20,كارشناسي پيوسته,حضوري,ارائه در سطح دانشکده,,گروه آموزشي دروس عمومي(7116399),163 - شيراز(163),163 - شيراز(71163),71 - فارس(71)
99041,تاریخ تحلیلی صدر اسلام‌,نظري,2,0,1639904120,برادران,پنج شنبه از 16:45 تا 18:30,مسعود مرادی,,45,,1405/04/11 از 16:30 تا 18:00,مهندسی دو-20,كارشناسي پيوسته,حضوري,ارائه در سطح دانشکده,,گروه آموزشي دروس عمومي(7116399),163 - شيراز(163),163 - شيراز(71163),71 - فارس(71)
92381,تاریخ فرهنگ و تمدن اسلام و ایران,نظري,2,0,1639238109,خواهران,دوشنبه از 11:00 تا 12:00 دوشنبه از از ...,انسیه سادات حسینی شریف,,45,,1405/04/18 از 16:30 تا 18:00,مهندسی یک-319,كارشناسي پيوسته,حضوري,ارائه در سطح دانشکده,,گروه آموزشي دروس عمومي(7116399),163 - شيراز(163),163 - شيراز(71163),71 - فارس(71)
99041,تاریخ تحلیلی صدر اسلام‌,نظري,2,0,1639904118,برادران-حسابداری,پنج شنبه از 13:15 تا 15:00,مسعود مرادی,,0,,1405/04/11 از 16:30 تا 18:00,مهندسی دو-20,كارشناسي پيوسته,حضوري,ارائه در سطح دانشکده,,گروه آموزشي دروس عمومي(7116399),163 - شيراز(163),163 - شيراز(71163),71 - فارس(71)
99041,تاریخ تحلیلی صدر اسلام‌,نظري,2,0,1639904117,خواهران,پنج شنبه از 11:00 تا 12:00 پنج شنبه از ...,مسعود مرادی,,45,,1405/04/11 از 16:30 تا 18:00,مهندسی دو-20,كارشناسي پيوسته,حضوري,ارائه در سطح دانشکده,,گروه آموزشي دروس عمومي(7116399),163 - شيراز(163),163 - شيراز(71163),71 - فارس(71)
92381,تاریخ فرهنگ و تمدن اسلام و ایران,نظري,2,0,1639238108,خواهران,پنج شنبه از 13:15 تا 15:00,اصغر زرنگار,,45,,1405/04/18 از 16:30 تا 18:00,اقتصاد ومدیریت-007,كارشناسي پيوسته,حضوري,ارائه در سطح دانشکده,,گروه آموزشي دروس عمومي(7116399),163 - شيراز(163),163 - شيراز(71163),71 - فارس(71)
92381,تاریخ فرهنگ و تمدن اسلام و ایران,نظري,2,0,1639238107,خواهران,پنج شنبه از 11:00 تا 12:00 پنج شنبه از ...,اصغر زرنگار,,45,,1405/04/18 از 16:30 تا 18:00,اقتصاد ومدیریت-007,كارشناسي پيوسته,حضوري,ارائه در سطح دانشکده,,گروه آموزشي دروس عمومي(7116399),163 - شيراز(163),163 - شيراز(71163),71 - فارس(71)
92381,تاریخ فرهنگ و تمدن اسلام و ایران,نظري,2,0,1639238106,برادران,پنج شنبه از 09:15 تا 11:00,اصغر زرنگار,,45,,1405/04/18 از 16:30 تا 18:00,اقتصاد ومدیریت-007,كارشناسي پيوسته,حضوري,ارائه در سطح دانشکده,,گروه آموزشي دروس عمومي(7116399),163 - شيراز(163),163 - شيراز(71163),71 - فارس(71)
92381,تاریخ فرهنگ و تمدن اسلام و ایران,نظري,2,0,1639238105,برادران,پنج شنبه از 07:30 تا 09:15,اصغر زرنگار,,45,,1405/04/18 از 16:30 تا 18:00,اقتصاد ومدیریت-007,كارشناسي پيوسته,حضوري,ارائه در سطح دانشکده,,گروه آموزشي دروس عمومي(7116399),163 - شيراز(163),163 - شيراز(71163),71 - فارس(71)
90121,تاریخ امامت,نظري,2,0,1639012109,برادران,چهارشنبه از 15:00 تا 16:45,اصغر زرنگار,,45,,1405/04/11 از 16:30 تا 18:00,مهندسی دو-20,كارشناسي پيوسته,حضوري,ارائه در سطح دانشکده,,گروه آموزشي دروس عمومي(7116399),163 - شيراز(163),163 - شيراز(71163),71 - فارس(71)
90121,تاریخ امامت,نظري,2,0,1639012108,خواهران,چهارشنبه از 13:15 تا 15:00,اصغر زرنگار,,45,,1405/04/11 از 16:30 تا 18:00,مهندسی دو-20,كارشناسي پيوسته,حضوري,ارائه در سطح دانشکده,,گروه آموزشي دروس عمومي(7116399),163 - شيراز(163),163 - شيراز(71163),71 - فارس(71)
90121,تاریخ امامت,نظري,2,0,1639012107,خواهران,چهارشنبه از 11:00 تا 12:00 چهارشنبه از ...,اصغر زرنگار,,45,,1405/04/11 از 16:30 تا 18:00,مهندسی دو-20,كارشناسي پيوسته,حضوري,ارائه در سطح دانشکده,,گروه آموزشي دروس عمومي(7116399),163 - شيراز(163),163 - شيراز(71163),71 - فارس(71)
90121,تاریخ امامت,نظري,2,0,1639012106,برادران,چهارشنبه از 09:15 تا 11:00,اصغر زرنگار,,45,,1405/04/11 از 16:30 تا 18:00,مهندسی دو-20,كارشناسي پيوسته,حضوري,ارائه در سطح دانشکده,,گروه آموزشي دروس عمومي(7116399),163 - شيراز(163),163 - شيراز(71163),71 - فارس(71)
90121,تاریخ امامت,نظري,2,0,1639012105,برادران,چهارشنبه از 07:30 تا 09:15,اصغر زرنگار,,47,,1405/04/11 از 16:30 تا 18:00,مهندسی دو-20,كارشناسي پيوسته,حضوري,ارائه در سطح دانشکده,,گروه آموزشي دروس عمومي(7116399),163 - شيراز(163),163 - شيراز(71163),71 - فارس(71)
99041,تاریخ تحلیلی صدر اسلام‌,نظري,2,0,1639904115,خواهران,سه شنبه از 13:15 تا 15:00,زينب اخوان صفايي,,45,,1405/04/11 از 16:30 تا 18:00,مهندسی دو-20,كارشناسي پيوسته,حضوري,ارائه در سطح دانشکده,,گروه آموزشي دروس عمومي(7116399),163 - شيراز(163),163 - شيراز(71163),71 - فارس(71)
99041,تاریخ تحلیلی صدر اسلام‌,نظري,2,0,1639904116,خواهران,سه شنبه از 11:00 تا 12:00 سه شنبه از ...,زينب اخوان صفايي,,45,,1405/04/11 از 16:30 تا 18:00,مهندسی دو-20,كارشناسي پيوسته,حضوري,ارائه در سطح دانشکده,,گروه آموزشي دروس عمومي(7116399),163 - شيراز(163),163 - شيراز(71163),71 - فارس(71)
99041,تاریخ تحلیلی صدر اسلام‌,نظري,2,0,1639904114,خواهران,سه شنبه از 09:15 تا 11:00,زينب اخوان صفايي,,45,,1405/04/11 از 16:30 تا 18:00,مهندسی دو-20,كارشناسي پيوسته,حضوري,ارائه در سطح دانشکده,,گروه آموزشي دروس عمومي(7116399),163 - شيراز(163),163 - شيراز(71163),71 - فارس(71)
99041,تاریخ تحلیلی صدر اسلام‌,نظري,2,0,1639904113,خواهران,سه شنبه از 07:30 تا 09:15,زينب اخوان صفايي,,49,,1405/04/11 از 16:30 تا 18:00,مهندسی دو-20,كارشناسي پيوسته,حضوري,ارائه در سطح دانشکده,,گروه آموزشي دروس عمومي(7116399),163 - شيراز(163),163 - شيراز(71163),71 - فارس(71)
99073,اندیشه های امامین انقلاب اسلامی و وصایای حضرت امام خمینی(ره),نظري,1,0,1639907308,خواهران,شنبه از 13:15 تا 15:00,عبدالحمید غریب نواز,,35,,1405/04/13 از 16:30 تا 18:00,مهندسی دو-20,كارشناسي پيوسته,حضوري,ارائه در سطح دانشکده,,گروه آموزشي دروس عمومي(7116399),163 - شيراز(163),163 - شيراز(71163),71 - فارس(71)
99073,اندیشه های امامین انقلاب اسلامی و وصایای حضرت امام خمینی(ره),نظري,1,0,1639907319,برادران,چهارشنبه از 09:15 تا 11:00,محمدمهدی محمدی,,45,,1405/04/13 از 16:30 تا 18:00,علوم انسانی-5,كارشناسي پيوسته,حضوري,ارائه در سطح دانشکده,,گروه آموزشي دروس عمومي(7116399),163 - شيراز(163),163 - شيراز(71163),71 - فارس(71)
99073,اندیشه های امامین انقلاب اسلامی و وصایای حضرت امام خمینی(ره),نظري,1,0,1639907318,برادران,چهارشنبه از 07:30 تا 09:15,محمدمهدی محمدی,,45,,1405/04/13 از 16:30 تا 18:00,علوم انسانی-5,كارشناسي پيوسته,حضوري,ارائه در سطح دانشکده,,گروه آموزشي دروس عمومي(7116399),163 - شيراز(163),163 - شيراز(71163),71 - فارس(71)
92381,تاریخ فرهنگ و تمدن اسلام و ایران,نظري,2,0,1639238115,خواهران,دوشنبه از 13:15 تا 15:00,محمدرضا حبیبی مهر,,45,,1405/04/18 از 16:30 تا 18:00,علوم انسانی-5,كارشناسي پيوسته,حضوري,ارائه در سطح دانشکده,,گروه آموزشي دروس عمومي(7116399),163 - شيراز(163),163 - شيراز(71163),71 - فارس(71)
92381,تاریخ فرهنگ و تمدن اسلام و ایران,نظري,2,0,1639238114,خواهران,دوشنبه از 11:00 تا 12:00 دوشنبه از از ...,محمدرضا حبیبی مهر,,45,,1405/04/18 از 16:30 تا 18:00,علوم انسانی-5,كارشناسي پيوسته,حضوري,ارائه در سطح دانشکده,,گروه آموزشي دروس عمومي(7116399),163 - شيراز(163),163 - شيراز(71163),71 - فارس(71)
92381,تاریخ فرهنگ و تمدن اسلام و ایران,نظري,2,0,1639238113,برادران,دوشنبه از 09:15 تا 11:00,محمدرضا حبیبی مهر,,48,,1405/04/18 از 16:30 تا 18:00,علوم انسانی-5,كارشناسي پيوسته,حضوري,ارائه در سطح دانشکده,,گروه آموزشي دروس عمومي(7116399),163 - شيراز(163),163 - شيراز(71163),71 - فارس(71)
92381,تاریخ فرهنگ و تمدن اسلام و ایران,نظري,2,0,1639238112,برادران,دوشنبه از 07:30 تا 09:15,محمدرضا حبیبی مهر,,48,,1405/04/18 از 16:30 تا 18:00,علوم انسانی-5,كارشناسي پيوسته,حضوري,ارائه در سطح دانشکده,,گروه آموزشي دروس عمومي(7116399),163 - شيراز(163),163 - شيراز(71163),71 - فارس(71)
90128,دانش خانواده و جمعیت,نظري,2,0,1639012821,خواهران,سه شنبه از 13:15 تا 15:00,سیده فاطمه موسوی,,45,,1405/04/17 از 16:30 تا 18:00,علوم انسانی-5,كارشناسي پيوسته,حضوري,ارائه در سطح دانشکده,,گروه آموزشي دروس عمومي(7116399),163 - شيراز(163),163 - شيراز(71163),71 - فارس(71)
90128,دانش خانواده و جمعیت,نظري,2,0,1639012820,خواهران,سه شنبه از 11:00 تا 12:00 سه شنبه از ...,سیده فاطمه موسوی,,48,,1405/04/17 از 16:30 تا 18:00,علوم انسانی-5,كارشناسي پيوسته,حضوري,ارائه در سطح دانشکده,,گروه آموزشي دروس عمومي(7116399),163 - شيراز(163),163 - شيراز(71163),71 - فارس(71)
90128,دانش خانواده و جمعیت,نظري,2,0,1639012819,خواهران,يكشنبه از 13:15 تا 15:00,سیده فاطمه موسوی,,49,,1405/04/17 از 16:30 تا 18:00,علوم انسانی-5,كارشناسي پيوسته,حضوري,ارائه در سطح دانشکده,,گروه آموزشي دروس عمومي(7116399),163 - شيراز(163),163 - شيراز(71163),71 - فارس(71)
90128,دانش خانواده و جمعیت,نظري,2,0,1639012818,خواهران,يكشنبه از 11:00 تا 12:00 يكشنبه از از ...,سیده فاطمه موسوی,,45,,1405/04/17 از 16:30 تا 18:00,علوم انسانی-5,كارشناسي پيوسته,حضوري,ارائه در سطح دانشکده,,گروه آموزشي دروس عمومي(7116399),163 - شيراز(163),163 - شيراز(71163),71 - فارس(71)
90763,تفسیر موضوعی قرآن,نظري,2,0,1639076322,برادران,يكشنبه از 16:45 تا 18:30,سیدمحمدحسین معزی,,49,,1405/04/09 از 16:30 تا 18:00,علوم انسانی-5,كارشناسي پيوسته,حضوري,ارائه در سطح دانشکده,,گروه آموزشي دروس عمومي(7116399),163 - شيراز(163),163 - شيراز(71163),71 - فارس(71)
90763,تفسیر موضوعی قرآن,نظري,2,0,1639076321,برادران,يكشنبه از 15:00 تا 16:45,سیدمحمدحسین معزی,,49,,1405/04/09 از 16:30 تا 18:00,علوم انسانی-5,كارشناسي پيوسته,حضوري,ارائه در سطح دانشکده,,گروه آموزشي دروس عمومي(7116399),163 - شيراز(163),163 - شيراز(71163),71 - فارس(71)
90763,تفسیر موضوعی قرآن,نظري,2,0,1639076323,خواهران,شنبه از 16:45 تا 18:00,سیدمحمدحسین معزی,,49,,1405/04/09 از 16:30 تا 18:00,علوم انسانی-5,كارشناسي پيوسته,حضوري,ارائه در سطح دانشکده,,گروه آموزشي دروس عمومي(7116399),163 - شيراز(163),163 - شيراز(71163),71 - فارس(71)
90763,تفسیر موضوعی قرآن,نظري,2,0,1639076317,خواهران,سه شنبه از 09:15 تا 11:00,سیده فاطمه موسوی,,45,,1405/04/09 از 16:30 تا 18:00,علوم انسانی-5,كارشناسي پيوسته,حضوري,ارائه در سطح دانشکده,,گروه آموزشي دروس عمومي(7116399),163 - شيراز(163),163 - شيراز(71163),71 - فارس(71)
90763,تفسیر موضوعی قرآن,نظري,2,0,1639076318,خواهران,سه شنبه از 07:30 تا 09:15,سیده فاطمه موسوی,,45,,1405/04/09 از 16:30 تا 18:00,علوم انسانی-5,كارشناسي پيوسته,حضوري,ارائه در سطح دانشکده,,گروه آموزشي دروس عمومي(7116399),163 - شيراز(163),163 - شيراز(71163),71 - فارس(71)
90763,تفسیر موضوعی قرآن,نظري,2,0,1639076319,خواهران,يكشنبه از 09:15 تا 11:00,سیده فاطمه موسوی,,49,,1405/04/09 از 16:30 تا 18:00,علوم انسانی-5,كارشناسي پيوسته,حضوري,ارائه در سطح دانشکده,,گروه آموزشي دروس عمومي(7116399),163 - شيراز(163),163 - شيراز(71163),71 - فارس(71)
90763,تفسیر موضوعی قرآن,نظري,2,0,1639076320,خواهران,يكشنبه از 07:30 تا 09:15,سیده فاطمه موسوی,,45,,1405/04/09 از 16:30 تا 18:00,علوم انسانی-5,كارشناسي پيوسته,حضوري,ارائه در سطح دانشکده,,گروه آموزشي دروس عمومي(7116399),163 - شيراز(163),163 - شيراز(71163),71 - فارس(71)
90610,اندیشه اسلامی 1 (مبدا ومعاد),نظري,2,0,1639061038,خواهران,شنبه از 13:15 تا 15:00,محمدرضا حبیبی مهر,,45,,1405/04/15 از 16:30 تا 18:00,علوم انسانی-5,كارشناسي پيوسته,حضوري,ارائه در سطح دانشکده,,گروه آموزشي دروس عمومي(7116399),163 - شيراز(163),163 - شيراز(71163),71 - فارس(71)
90610,اندیشه اسلامی 1 (مبدا ومعاد),نظري,2,0,1639061037,خواهران,شنبه از 11:00 تا 12:00 شنبه از از ...,محمدرضا حبیبی مهر,,45,,1405/04/15 از 16:30 تا 18:00,علوم انسانی-5,كارشناسي پيوسته,حضوري,ارائه در سطح دانشکده,,گروه آموزشي دروس عمومي(7116399),163 - شيراز(163),163 - شيراز(71163),71 - فارس(71)
90610,اندیشه اسلامی 1 (مبدا ومعاد),نظري,2,0,1639061036,برادران,شنبه از 09:15 تا 11:00,محمدرضا حبیبی مهر,,45,,1405/04/15 از 16:30 تا 18:00,علوم انسانی-5,كارشناسي پيوسته,حضوري,ارائه در سطح دانشکده,,گروه آموزشي دروس عمومي(7116399),163 - شيراز(163),163 - شيراز(71163),71 - فارس(71)
90610,اندیشه اسلامی 1 (مبدا ومعاد),نظري,2,0,1639061035,برادران,شنبه از 07:30 تا 09:15,محمدرضا حبیبی مهر,,45,,1405/04/15 از 16:30 تا 18:00,علوم انسانی-5,كارشناسي پيوسته,حضوري,ارائه در سطح دانشکده,,گروه آموزشي دروس عمومي(7116399),163 - شيراز(163),163 - شيراز(71163),71 - فارس(71)
7000035438,علوم و معارف دفاع مقدس و مقاومت,نظري,2,0,163811231,خواهران-دکتر پاک باز,پنج شنبه از 13:15 تا 15:00,غلامرضا صفرپور,,45,,1405/04/14 از 16:30 تا 18:00,علوم انسانی-9,كارشناسي پيوسته,حضوري,ارائه در سطح دانشکده,,گروه آموزشي دروس عمومي(7116399),163 - شيراز(163),163 - شيراز(71163),71 - فارس(71)
7000035438,علوم و معارف دفاع مقدس و مقاومت,نظري,2,0,163811230,خواهران-دکتر پاک باز,پنج شنبه از 11:00 تا 12:00 پنج شنبه از ...,غلامرضا صفرپور,,45,,1405/04/14 از 16:30 تا 18:00,علوم انسانی-9,كارشناسي پيوسته,حضوري,ارائه در سطح دانشکده,,گروه آموزشي دروس عمومي(7116399),163 - شيراز(163),163 - شيراز(71163),71 - فارس(71)
7000035438,علوم و معارف دفاع مقدس و مقاومت,نظري,2,0,163811229,برادران - استاد پاکباز,پنج شنبه از 09:15 تا 11:00,غلامرضا صفرپور,,45,,1405/04/14 از 16:30 تا 18:00,علوم انسانی-9,كارشناسي پيوسته,حضوري,ارائه در سطح دانشکده,,گروه آموزشي دروس عمومي(7116399),163 - شيراز(163),163 - شيراز(71163),71 - فارس(71)
7000035438,علوم و معارف دفاع مقدس و مقاومت,نظري,2,0,163811228,برادران -استاد پاکباز,پنج شنبه از 07:30 تا 09:15,غلامرضا صفرپور,,45,,1405/04/14 از 16:30 تا 18:00,علوم انسانی-9,كارشناسي پيوسته,حضوري,ارائه در سطح دانشکده,,گروه آموزشي دروس عمومي(7116399),163 - شيراز(163),163 - شيراز(71163),71 - فارس(71)
7000035438,علوم و معارف دفاع مقدس و مقاومت,نظري,2,0,163811227,خواهران,چهارشنبه از 16:45 تا 18:30,غلامرضا صفرپور,,45,,1405/04/14 از 16:30 تا 18:00,علوم انسانی-9,كارشناسي پيوسته,حضوري,ارائه در سطح دانشکده,,گروه آموزشي دروس عمومي(7116399),163 - شيراز(163),163 - شيراز(71163),71 - فارس(71)
7000035438,علوم و معارف دفاع مقدس و مقاومت,نظري,2,0,163811226,برادران,چهارشنبه از 15:00 تا 16:45,غلامرضا صفرپور,,40,,1405/04/14 از 16:30 تا 18:00,علوم انسانی-9,كارشناسي پيوسته,حضوري,ارائه در سطح دانشکده,,گروه آموزشي دروس عمومي(7116399),163 - شيراز(163),163 - شيراز(71163),71 - فارس(71)
7000035438,علوم و معارف دفاع مقدس و مقاومت,نظري,2,0,163811225,خواهران,چهارشنبه از 13:15 تا 15:00,غلامرضا صفرپور,,45,,1405/04/14 از 16:30 تا 18:00,علوم انسانی-9,كارشناسي پيوسته,حضوري,ارائه در سطح دانشکده,,گروه آموزشي دروس عمومي(7116399),163 - شيراز(163),163 - شيراز(71163),71 - فارس(71)
90755,انقلاب اسلامی ایران,نظري,2,0,1639075546,برادران,دوشنبه از 16:45 تا 18:30,عبدالرحیم فرج زاده,,45,,1405/04/07 از 16:30 تا 18:00,علوم انسانی-8,كارشناسي پيوسته,حضوري,ارائه در سطح دانشکده,,گروه آموزشي دروس عمومي(7116399),163 - شيراز(163),163 - شيراز(71163),71 - فارس(71)
90755,انقلاب اسلامی ایران,نظري,2,0,1639075545,برادران,دوشنبه از 15:00 تا 16:45,عبدالرحیم فرج زاده,,45,,1405/04/07 از 16:30 تا 18:00,علوم انسانی-8,كارشناسي پيوسته,حضوري,ارائه در سطح دانشکده,,گروه آموزشي دروس عمومي(7116399),163 - شيراز(163),163 - شيراز(71163),71 - فارس(71)
7000035438,علوم و معارف دفاع مقدس و مقاومت,نظري,2,0,163811224,خواهران,چهارشنبه از 11:00 تا 12:00 چهارشنبه از ...,غلامرضا صفرپور,,45,,1405/04/14 از 16:30 تا 18:00,علوم انسانی-9,كارشناسي پيوسته,حضوري,ارائه در سطح دانشکده,,گروه آموزشي دروس عمومي(7116399),163 - شيراز(163),163 - شيراز(71163),71 - فارس(71)
99073,اندیشه های امامین انقلاب اسلامی و وصایای حضرت امام خمینی(ره),نظري,1,0,1639907317,خواهران,چهارشنبه از 09:15 تا 11:00,ندا رستگاران,,45,,1405/04/13 از 16:30 تا 18:00,علوم انسانی-9,كارشناسي پيوسته,حضوري,ارائه در سطح دانشکده,,گروه آموزشي دروس عمومي(7116399),163 - شيراز(163),163 - شيراز(71163),71 - فارس(71)
99073,اندیشه های امامین انقلاب اسلامی و وصایای حضرت امام خمینی(ره),نظري,1,0,1639907316,خواهران,چهارشنبه از 07:30 تا 09:15,ندا رستگاران,,50,,1405/04/13 از 16:30 تا 18:00,علوم انسانی-9,كارشناسي پيوسته,حضوري,ارائه در سطح دانشکده,,گروه آموزشي دروس عمومي(7116399),163 - شيراز(163),163 - شيراز(71163),71 - فارس(71)
98841,اندیشه اسلامی 2‌ (نبوت و امامت),نظري,2,0,1639884127,خواهران - استاد محمد زمان کشاورز,سه شنبه از 13:15 تا 15:00,علی نیکویی,,45,,1405/04/10 از 16:30 تا 18:00,علوم انسانی-9,كارشناسي پيوسته,حضوري,ارائه در سطح دانشکده,,گروه آموزشي دروس عمومي(7116399),163 - شيراز(163),163 - شيراز(71163),71 - فارس(71)
98841,اندیشه اسلامی 2‌ (نبوت و امامت),نظري,2,0,1639884126,خواهران- استاد محمد زمان کشاورز,سه شنبه از 11:00 تا 12:00 سه شنبه از ...,علی نیکویی,,45,,1405/04/10 از 16:30 تا 18:00,علوم انسانی-9,كارشناسي پيوسته,حضوري,ارائه در سطح دانشکده,,گروه آموزشي دروس عمومي(7116399),163 - شيراز(163),163 - شيراز(71163),71 - فارس(71)
98841,اندیشه اسلامی 2‌ (نبوت و امامت),نظري,2,0,1639884125,برادران,سه شنبه از 09:15 تا 11:00,محمد زمان کشاورز,,45,,1405/04/10 از 16:30 تا 18:00,علوم انسانی-9,كارشناسي پيوسته,حضوري,ارائه در سطح دانشکده,,گروه آموزشي دروس عمومي(7116399),163 - شيراز(163),163 - شيراز(71163),71 - فارس(71)
98841,اندیشه اسلامی 2‌ (نبوت و امامت),نظري,2,0,1639884124,برادران,سه شنبه از 07:30 تا 09:15,محمد زمان کشاورز,,45,,1405/04/10 از 16:30 تا 18:00,علوم انسانی-9,كارشناسي پيوسته,حضوري,ارائه در سطح دانشکده,,گروه آموزشي دروس عمومي(7116399),163 - شيراز(163),163 - شيراز(71163),71 - فارس(71)
90755,انقلاب اسلامی ایران,نظري,2,0,1639075544,خواهران,دوشنبه از 13:15 تا 15:00,غلامحسین زارع,,45,,1405/04/07 از 16:30 تا 18:00,علوم انسانی-9,كارشناسي پيوسته,حضوري,ارائه در سطح دانشکده,,گروه آموزشي دروس عمومي(7116399),163 - شيراز(163),163 - شيراز(71163),71 - فارس(71)
90755,انقلاب اسلامی ایران,نظري,2,0,1639075543,خواهران - ترم اول مهندسی پزشکی,دوشنبه از 11:00 تا 12:00 دوشنبه از از ...,غلامحسین زارع,,15,,1405/04/07 از 16:30 تا 18:00,علوم انسانی-9,كارشناسي پيوسته,حضوري,ارائه در سطح دانشکده,,گروه آموزشي دروس عمومي(7116399),163 - شيراز(163),163 - شيراز(71163),71 - فارس(71)
90755,انقلاب اسلامی ایران,نظري,2,0,1639075542,برادران,دوشنبه از 09:15 تا 11:00,غلامحسین زارع,,45,,1405/04/07 از 16:30 تا 18:00,علوم انسانی-9,كارشناسي پيوسته,حضوري,ارائه در سطح دانشکده,,گروه آموزشي دروس عمومي(7116399),163 - شيراز(163),163 - شيراز(71163),71 - فارس(71)
90755,انقلاب اسلامی ایران,نظري,2,0,1639075541,برادران,دوشنبه از 07:30 تا 09:15,غلامحسین زارع,,45,,1405/04/07 از 16:30 تا 18:00,علوم انسانی-9,كارشناسي پيوسته,حضوري,ارائه در سطح دانشکده,,گروه آموزشي دروس عمومي(7116399),163 - شيراز(163),163 - شيراز(71163),71 - فارس(71)
90610,اندیشه اسلامی 1 (مبدا ومعاد),نظري,2,0,1639061034,خواهران,يكشنبه از 16:45 تا 18:30,بهزاد محمدی,,45,,1405/04/15 از 16:30 تا 18:00,علوم انسانی-9,كارشناسي پيوسته,حضوري,ارائه در سطح دانشکده,,گروه آموزشي دروس عمومي(7116399),163 - شيراز(163),163 - شيراز(71163),71 - فارس(71)
90610,اندیشه اسلامی 1 (مبدا ومعاد),نظري,2,0,1639061033,خواهران,يكشنبه از 15:00 تا 16:45,بهزاد محمدی,,45,,1405/04/15 از 16:30 تا 18:00,علوم انسانی-9,كارشناسي پيوسته,حضوري,ارائه در سطح دانشکده,,گروه آموزشي دروس عمومي(7116399),163 - شيراز(163),163 - شيراز(71163),71 - فارس(71)
98841,اندیشه اسلامی 2‌ (نبوت و امامت),نظري,2,0,1639884123,خواهران,يكشنبه از 13:15 تا 15:00,دکتر مرتضی کشاورز,,45,,1405/04/10 از 16:30 تا 18:00,علوم انسانی-9,كارشناسي پيوسته,حضوري,ارائه در سطح دانشکده,,گروه آموزشي دروس عمومي(7116399),163 - شيراز(163),163 - شيراز(71163),71 - فارس(71)
90755,انقلاب اسلامی ایران,نظري,2,0,1639075540,خواهران-ورودی جدید زبان,يكشنبه از 11:00 تا 12:00 يكشنبه از از ...,غلامحسین زارع,,15,,1405/04/07 از 16:30 تا 18:00,علوم انسانی-9,كارشناسي پيوسته,حضوري,ارائه در سطح دانشکده,,گروه آموزشي دروس عمومي(7116399),163 - شيراز(163),163 - شيراز(71163),71 - فارس(71)
90755,انقلاب اسلامی ایران,نظري,2,0,1639075539,برادران-ورودی جدید زبان,يكشنبه از 09:15 تا 11:00,غلامحسین زارع,,15,,1405/04/07 از 16:30 تا 18:00,علوم انسانی-9,كارشناسي پيوسته,حضوري,ارائه در سطح دانشکده,,گروه آموزشي دروس عمومي(7116399),163 - شيراز(163),163 - شيراز(71163),71 - فارس(71)
90755,انقلاب اسلامی ایران,نظري,2,0,1639075538,برادران-ورودی جدید زبان,يكشنبه از 07:30 تا 09:15,غلامحسین زارع,,15,,1405/04/07 از 16:30 تا 18:00,علوم انسانی-9,كارشناسي پيوسته,حضوري,ارائه در سطح دانشکده,,گروه آموزشي دروس عمومي(7116399),163 - شيراز(163),163 - شيراز(71163),71 - فارس(71)
90755,انقلاب اسلامی ایران,نظري,2,0,1639075537,خواهران,شنبه از 16:45 تا 18:30,زهرا قاسمی,,45,,1405/04/07 از 16:30 تا 18:00,علوم انسانی-9,كارشناسي پيوسته,حضوري,ارائه در سطح دانشکده,,گروه آموزشي دروس عمومي(7116399),163 - شيراز(163),163 - شيراز(71163),71 - فارس(71)
90755,انقلاب اسلامی ایران,نظري,2,0,1639075536,خواهران,شنبه از 15:00 تا 16:45,زهرا قاسمی,,45,,1405/04/07 از 16:30 تا 18:00,علوم انسانی-9,كارشناسي پيوسته,حضوري,ارائه در سطح دانشکده,,گروه آموزشي دروس عمومي(7116399),163 - شيراز(163),163 - شيراز(71163),71 - فارس(71)
90755,انقلاب اسلامی ایران,نظري,2,0,1639075535,خواهران-ورودی جدید زبان,شنبه از 13:15 تا 15:00,زهرا قاسمی,,15,,1405/04/07 از 16:30 تا 18:00,علوم انسانی-9,كارشناسي پيوسته,حضوري,ارائه در سطح دانشکده,,گروه آموزشي دروس عمومي(7116399),163 - شيراز(163),163 - شيراز(71163),71 - فارس(71)
7000035438,علوم و معارف دفاع مقدس و مقاومت,نظري,2,0,163811212,برادران,دوشنبه از 13:15 تا 15:00,عبدالرحیم فرج زاده,,45,,1405/04/14 از 16:30 تا 18:00,علوم انسانی-8,كارشناسي پيوسته,حضوري,ارائه در سطح دانشکده,,گروه آموزشي دروس عمومي(7116399),163 - شيراز(163),163 - شيراز(71163),71 - فارس(71)
7000035438,علوم و معارف دفاع مقدس و مقاومت,نظري,2,0,163811220,برادران,دوشنبه از 11:00 تا 12:00 دوشنبه از از ...,عبدالرحیم فرج زاده,,45,,1405/04/14 از 16:30 تا 18:00,علوم انسانی-8,كارشناسي پيوسته,حضوري,ارائه در سطح دانشکده,,گروه آموزشي دروس عمومي(7116399),163 - شيراز(163),163 - شيراز(71163),71 - فارس(71)
90128,دانش خانواده و جمعیت,نظري,2,0,1639012817,برادران,شنبه از 11:00 تا 12:00 شنبه از از ...,محمد جواد رحمانی,,45,,1405/04/17 از 16:30 تا 18:00,علوم انسانی-9,كارشناسي پيوسته,حضوري,ارائه در سطح دانشکده,,گروه آموزشي دروس عمومي(7116399),163 - شيراز(163),163 - شيراز(71163),71 - فارس(71)
90763,تفسیر موضوعی قرآن,نظري,2,0,1639076314,برادران,شنبه از 09:15 تا 11:00,محمد جواد رحمانی,,48,,1405/04/09 از 16:30 تا 18:00,علوم انسانی-9,كارشناسي پيوسته,حضوري,ارائه در سطح دانشکده,,گروه آموزشي دروس عمومي(7116399),163 - شيراز(163),163 - شيراز(71163),71 - فارس(71)
90763,تفسیر موضوعی قرآن,نظري,2,0,1639076313,برادران _ ترم اخری,شنبه از 07:30 تا 09:15,محمد جواد رحمانی,,15,,1405/04/09 از 16:30 تا 18:00,علوم انسانی-9,كارشناسي پيوسته,حضوري,ارائه در سطح دانشکده,,گروه آموزشي دروس عمومي(7116399),163 - شيراز(163),163 - شيراز(71163),71 - فارس(71)
90610,اندیشه اسلامی 1 (مبدا ومعاد),نظري,2,0,1639061032,خواهران. ویژه ورودی جدید میکروبیولوژی,پنج شنبه از 13:15 تا 15:00,ثمينه سادات مرشدي,,5,,1405/04/15 از 16:30 تا 18:00,علوم انسانی-8,كارشناسي پيوسته,حضوري,ارائه در سطح دانشکده,,گروه آموزشي دروس عمومي(7116399),163 - شيراز(163),163 - شيراز(71163),71 - فارس(71)
90610,اندیشه اسلامی 1 (مبدا ومعاد),نظري,2,0,1639061031,خواهران. ویژه ورودی جدید میکروبیولوژی,پنج شنبه از 11:00 تا 12:00 پنج شنبه از ...,ثمينه سادات مرشدي,,5,,1405/04/15 از 16:30 تا 18:00,علوم انسانی-8,كارشناسي پيوسته,حضوري,ارائه در سطح دانشکده,,گروه آموزشي دروس عمومي(7116399),163 - شيراز(163),163 - شيراز(71163),71 - فارس(71)
90610,اندیشه اسلامی 1 (مبدا ومعاد),نظري,2,0,1639061030,خواهران,پنج شنبه از 09:15 تا 11:00,ثمينه سادات مرشدي,,45,,1405/04/15 از 16:30 تا 18:00,علوم انسانی-8,كارشناسي پيوسته,حضوري,ارائه در سطح دانشکده,,گروه آموزشي دروس عمومي(7116399),163 - شيراز(163),163 - شيراز(71163),71 - فارس(71)
90610,اندیشه اسلامی 1 (مبدا ومعاد),نظري,2,0,1639061039,خواهران,پنج شنبه از 07:30 تا 09:15,ثمينه سادات مرشدي,,45,,1405/04/15 از 16:30 تا 18:00,علوم انسانی-8,كارشناسي پيوسته,حضوري,ارائه در سطح دانشکده,,گروه آموزشي دروس عمومي(7116399),163 - شيراز(163),163 - شيراز(71163),71 - فارس(71)
98961,اخلاق اسلامی (مبانی و مفاهیم),نظري,2,0,1639896109,خواهران- ترم آخری,چهارشنبه از 13:15 تا 15:00,محمد زمان کشاورز,,0,,1405/04/15 از 16:30 تا 18:00,علوم انسانی-8,كارشناسي پيوسته,حضوري,ارائه در سطح دانشکده,,گروه آموزشي دروس عمومي(7116399),163 - شيراز(163),163 - شيراز(71163),71 - فارس(71)
98961,اخلاق اسلامی (مبانی و مفاهیم),نظري,2,0,1639896108,برادران,چهارشنبه از 11:00 تا 12:00 چهارشنبه از ...,محمد زمان کشاورز,,49,,1405/04/15 از 16:30 تا 18:00,علوم انسانی-8,كارشناسي پيوسته,حضوري,ارائه در سطح دانشکده,,گروه آموزشي دروس عمومي(7116399),163 - شيراز(163),163 - شيراز(71163),71 - فارس(71)
98841,اندیشه اسلامی 2‌ (نبوت و امامت),نظري,2,0,1639884122,خواهران,چهارشنبه از 09:15 تا 11:00,محمد زمان کشاورز,,35,,1405/04/10 از 16:30 تا 18:00,علوم انسانی-8,كارشناسي پيوسته,حضوري,ارائه در سطح دانشکده,,گروه آموزشي دروس عمومي(7116399),163 - شيراز(163),163 - شيراز(71163),71 - فارس(71)
98841,اندیشه اسلامی 2‌ (نبوت و امامت),نظري,2,0,1639884121,خواهران - ترم آخری,چهارشنبه از 07:30 تا 09:15,محمد زمان کشاورز,,0,,1405/04/10 از 16:30 تا 18:00,علوم انسانی-8,كارشناسي پيوسته,حضوري,ارائه در سطح دانشکده,,گروه آموزشي دروس عمومي(7116399),163 - شيراز(163),163 - شيراز(71163),71 - فارس(71)
90128,دانش خانواده و جمعیت,نظري,2,0,1639012816,خواهران,سه شنبه از 13:15 تا 15:00,آزاده زینلی,,48,,1405/04/17 از 16:30 تا 18:00,علوم انسانی-8,كارشناسي پيوسته,حضوري,ارائه در سطح دانشکده,,گروه آموزشي دروس عمومي(7116399),163 - شيراز(163),163 - شيراز(71163),71 - فارس(71)
90128,دانش خانواده و جمعیت,نظري,2,0,1639012815,خواهران,دوشنبه از 09:15 تا 11:00,آزاده زینلی,,47,,1405/04/17 از 16:30 تا 18:00,علوم انسانی-8,كارشناسي پيوسته,حضوري,ارائه در سطح دانشکده,,گروه آموزشي دروس عمومي(7116399),163 - شيراز(163),163 - شيراز(71163),71 - فارس(71)
98841,اندیشه اسلامی 2‌ (نبوت و امامت),نظري,2,0,1639884119,خواهران,سه شنبه از 07:30 تا 09:15,دکتر مرتضی کشاورز,,49,,1405/04/10 از 16:30 تا 18:00,علوم انسانی-8,كارشناسي پيوسته,حضوري,ارائه در سطح دانشکده,,گروه آموزشي دروس عمومي(7116399),163 - شيراز(163),163 - شيراز(71163),71 - فارس(71)
90610,اندیشه اسلامی 1 (مبدا ومعاد),نظري,2,0,1639061027,برادران,دوشنبه از 07:30 تا 09:15,دکتر مرتضی کشاورز,,49,,1405/04/15 از 16:30 تا 18:00,علوم انسانی-8,كارشناسي پيوسته,حضوري,ارائه در سطح دانشکده,,گروه آموزشي دروس عمومي(7116399),163 - شيراز(163),163 - شيراز(71163),71 - فارس(71)
99073,اندیشه های امامین انقلاب اسلامی و وصایای حضرت امام خمینی(ره),نظري,1,0,1639907315,برادران,يكشنبه از 16:45 تا 18:30,عبدالرسول خسروبیگ,,45,,1405/04/13 از 16:30 تا 18:00,علوم انسانی-8,كارشناسي پيوسته,حضوري,ارائه در سطح دانشکده,,گروه آموزشي دروس عمومي(7116399),163 - شيراز(163),163 - شيراز(71163),71 - فارس(71)
99073,اندیشه های امامین انقلاب اسلامی و وصایای حضرت امام خمینی(ره),نظري,1,0,1639907314,خواهران,يكشنبه از 15:00 تا 16:45,عبدالرسول خسروبیگ,,40,,1405/04/13 از 16:30 تا 18:00,علوم انسانی-8,كارشناسي پيوسته,حضوري,ارائه در سطح دانشکده,,گروه آموزشي دروس عمومي(7116399),163 - شيراز(163),163 - شيراز(71163),71 - فارس(71)
99073,اندیشه های امامین انقلاب اسلامی و وصایای حضرت امام خمینی(ره),نظري,1,0,1639907313,برادران,يكشنبه از 13:15 تا 15:00,عبدالرسول خسروبیگ,,49,,1405/04/13 از 16:30 تا 18:00,علوم انسانی-8,كارشناسي پيوسته,حضوري,ارائه در سطح دانشکده,,گروه آموزشي دروس عمومي(7116399),163 - شيراز(163),163 - شيراز(71163),71 - فارس(71)
90610,اندیشه اسلامی 1 (مبدا ومعاد),نظري,2,0,1639061040,برادران,يكشنبه از 07:30 تا 09:15,دکتر مرتضی کشاورز,,49,,1405/04/15 از 16:30 تا 18:00,علوم انسانی-8,كارشناسي پيوسته,حضوري,ارائه در سطح دانشکده,,گروه آموزشي دروس عمومي(7116399),163 - شيراز(163),163 - شيراز(71163),71 - فارس(71)
98841,اندیشه اسلامی 2‌ (نبوت و امامت),نظري,2,0,1639884118,برادران,شنبه از 15:00 تا 16:45,بهزاد محمدی,,49,,1405/04/10 از 16:30 تا 18:00,علوم انسانی-8,كارشناسي پيوسته,حضوري,ارائه در سطح دانشکده,,گروه آموزشي دروس عمومي(7116399),163 - شيراز(163),163 - شيراز(71163),71 - فارس(71)
98841,اندیشه اسلامی 2‌ (نبوت و امامت),نظري,2,0,1639884117,برادران,شنبه از 13:15 تا 15:00,بهزاد محمدی,,49,,1405/04/10 از 16:30 تا 18:00,علوم انسانی-8,كارشناسي پيوسته,حضوري,ارائه در سطح دانشکده,,گروه آموزشي دروس عمومي(7116399),163 - شيراز(163),163 - شيراز(71163),71 - فارس(71)
7000035438,علوم و معارف دفاع مقدس و مقاومت,نظري,2,0,163811223,خواهران,شنبه از 11:00 تا 12:00 شنبه از از ...,مسعود زارع,,49,,1405/04/14 از 16:30 تا 18:00,علوم انسانی-8,كارشناسي پيوسته,حضوري,ارائه در سطح دانشکده,,گروه آموزشي دروس عمومي(7116399),163 - شيراز(163),163 - شيراز(71163),71 - فارس(71)
7000035438,علوم و معارف دفاع مقدس و مقاومت,نظري,2,0,163811222,خواهران,شنبه از 09:15 تا 11:00,مسعود زارع,,49,,1405/04/14 از 16:30 تا 18:00,علوم انسانی-8,كارشناسي پيوسته,حضوري,ارائه در سطح دانشکده,,گروه آموزشي دروس عمومي(7116399),163 - شيراز(163),163 - شيراز(71163),71 - فارس(71)
7000035438,علوم و معارف دفاع مقدس و مقاومت,نظري,2,0,163811221,برادران,شنبه از 07:30 تا 09:15,مسعود زارع,,49,,1405/04/14 از 16:30 تا 18:00,علوم انسانی-8,كارشناسي پيوسته,حضوري,ارائه در سطح دانشکده,,گروه آموزشي دروس عمومي(7116399),163 - شيراز(163),163 - شيراز(71163),71 - فارس(71)
90128,دانش خانواده و جمعیت,نظري,2,0,1639012814,برادران,پنج شنبه از 13:15 تا 15:00,سید خداکرم فلاحی,,49,,1405/04/17 از 16:30 تا 18:00,اقتصاد ومدیریت-006,كارشناسي پيوسته,حضوري,ارائه در سطح دانشکده,,گروه آموزشي دروس عمومي(7116399),163 - شيراز(163),163 - شيراز(71163),71 - فارس(71)
90128,دانش خانواده و جمعیت,نظري,2,0,1639012813,برادران,پنج شنبه از 11:00 تا 12:00 پنج شنبه از ...,سید خداکرم فلاحی,,49,,1405/04/17 از 16:30 تا 18:00,اقتصاد ومدیریت-006,كارشناسي پيوسته,حضوري,ارائه در سطح دانشکده,,گروه آموزشي دروس عمومي(7116399),163 - شيراز(163),163 - شيراز(71163),71 - فارس(71)
90763,تفسیر موضوعی قرآن,نظري,2,0,1639076311,خواهران,پنج شنبه از 09:15 تا 11:00,سید خداکرم فلاحی,,49,,1405/04/09 از 16:30 تا 18:00,اقتصاد ومدیریت-006,كارشناسي پيوسته,حضوري,ارائه در سطح دانشکده,,گروه آموزشي دروس عمومي(7116399),163 - شيراز(163),163 - شيراز(71163),71 - فارس(71)
90763,تفسیر موضوعی قرآن,نظري,2,0,1639076310,برادران,پنج شنبه از 07:30 تا 09:15,سید خداکرم فلاحی,,49,,1405/04/09 از 16:30 تا 18:00,اقتصاد ومدیریت-006,كارشناسي پيوسته,حضوري,ارائه در سطح دانشکده,,گروه آموزشي دروس عمومي(7116399),163 - شيراز(163),163 - شيراز(71163),71 - فارس(71)
98841,اندیشه اسلامی 2‌ (نبوت و امامت),نظري,2,0,1639884115,خواهران,چهارشنبه از 15:00 تا 16:45,مرتضی حق شناس,,49,,1405/04/10 از 16:30 تا 18:00,اقتصاد ومدیریت-006,كارشناسي پيوسته,حضوري,ارائه در سطح دانشکده,,گروه آموزشي دروس عمومي(7116399),163 - شيراز(163),163 - شيراز(71163),71 - فارس(71)
98841,اندیشه اسلامی 2‌ (نبوت و امامت),نظري,2,0,1639884114,برادران - دکتر عباس زاده,پنج شنبه از 07:30 تا 09:15,علی نیکویی,,49,,1405/04/10 از 16:30 تا 18:00,مهندسی یک-319,كارشناسي پيوسته,حضوري,ارائه در سطح دانشکده,,گروه آموزشي دروس عمومي(7116399),163 - شيراز(163),163 - شيراز(71163),71 - فارس(71)
98841,اندیشه اسلامی 2‌ (نبوت و امامت),نظري,2,0,1639884116,خواهران,چهارشنبه از 09:15 تا 11:00,مرتضی حق شناس,,49,,1405/04/10 از 16:30 تا 18:00,اقتصاد ومدیریت-006,كارشناسي پيوسته,حضوري,ارائه در سطح دانشکده,,گروه آموزشي دروس عمومي(7116399),163 - شيراز(163),163 - شيراز(71163),71 - فارس(71)
98841,اندیشه اسلامی 2‌ (نبوت و امامت),نظري,2,0,1639884113,خواهران,سه شنبه از 09:15 تا 11:00,مرتضی حق شناس,,49,,1405/04/10 از 16:30 تا 18:00,اقتصاد ومدیریت-006,كارشناسي پيوسته,حضوري,ارائه در سطح دانشکده,,گروه آموزشي دروس عمومي(7116399),163 - شيراز(163),163 - شيراز(71163),71 - فارس(71)
98841,اندیشه اسلامی 2‌ (نبوت و امامت),نظري,2,0,1639884112,برادران,سه شنبه از 07:30 تا 09:15,مرتضی حق شناس,,49,,1405/04/10 از 16:30 تا 18:00,اقتصاد ومدیریت-006,كارشناسي پيوسته,حضوري,ارائه در سطح دانشکده,,گروه آموزشي دروس عمومي(7116399),163 - شيراز(163),163 - شيراز(71163),71 - فارس(71)
90610,اندیشه اسلامی 1 (مبدا ومعاد),نظري,2,0,1639061025,خواهران,دوشنبه از 13:15 تا 15:00,دکتر مرتضی کشاورز,,49,,1405/04/15 از 16:30 تا 18:00,اقتصاد ومدیریت-006,كارشناسي پيوسته,حضوري,ارائه در سطح دانشکده,,گروه آموزشي دروس عمومي(7116399),163 - شيراز(163),163 - شيراز(71163),71 - فارس(71)
90610,اندیشه اسلامی 1 (مبدا ومعاد),نظري,2,0,1639061024,خواهران,دوشنبه از 15:00 تا 16:45,مرتضی حق شناس,,49,,1405/04/15 از 16:30 تا 18:00,اقتصاد ومدیریت-006,كارشناسي پيوسته,حضوري,ارائه در سطح دانشکده,,گروه آموزشي دروس عمومي(7116399),163 - شيراز(163),163 - شيراز(71163),71 - فارس(71)
90610,اندیشه اسلامی 1 (مبدا ومعاد),نظري,2,0,1639061023,برادران,دوشنبه از 09:15 تا 11:00,مرتضی حق شناس,,49,,1405/04/15 از 16:30 تا 18:00,اقتصاد ومدیریت-006,كارشناسي پيوسته,حضوري,ارائه در سطح دانشکده,,گروه آموزشي دروس عمومي(7116399),163 - شيراز(163),163 - شيراز(71163),71 - فارس(71)
90610,اندیشه اسلامی 1 (مبدا ومعاد),نظري,2,0,1639061022,برادران,دوشنبه از 07:30 تا 09:15,مرتضی حق شناس,,49,,1405/04/15 از 16:30 تا 18:00,اقتصاد ومدیریت-006,كارشناسي پيوسته,حضوري,ارائه در سطح دانشکده,,گروه آموزشي دروس عمومي(7116399),163 - شيراز(163),163 - شيراز(71163),71 - فارس(71)
90755,انقلاب اسلامی ایران,نظري,2,0,1639075534,خواهران,يكشنبه از 13:15 تا 15:00,غلامحسین زارع,,49,,1405/04/07 از 16:30 تا 18:00,اقتصاد ومدیریت-006,كارشناسي پيوسته,حضوري,ارائه در سطح دانشکده,,گروه آموزشي دروس عمومي(7116399),163 - شيراز(163),163 - شيراز(71163),71 - فارس(71)
98923,آیین زندگی (اخلاق کاربردی),نظري,2,0,1639892303,برادران,يكشنبه از 11:00 تا 12:00 يكشنبه از از ...,علی نیکویی,,49,,1405/04/15 از 16:30 تا 18:00,اقتصاد ومدیریت-006,كارشناسي پيوسته,حضوري,ارائه در سطح دانشکده,,گروه آموزشي دروس عمومي(7116399),163 - شيراز(163),163 - شيراز(71163),71 - فارس(71)
98923,آیین زندگی (اخلاق کاربردی),نظري,2,0,1639892304,خواهران,يكشنبه از 09:15 تا 11:00,علی نیکویی,,49,,1405/04/15 از 16:30 تا 18:00,اقتصاد ومدیریت-006,كارشناسي پيوسته,حضوري,ارائه در سطح دانشکده,,گروه آموزشي دروس عمومي(7116399),163 - شيراز(163),163 - شيراز(71163),71 - فارس(71)
90763,تفسیر موضوعی قرآن,نظري,2,0,1639076312,برادران,يكشنبه از 07:30 تا 09:15,علی نیکویی,,49,,1405/04/09 از 16:30 تا 18:00,اقتصاد ومدیریت-006,كارشناسي پيوسته,حضوري,ارائه در سطح دانشکده,,گروه آموزشي دروس عمومي(7116399),163 - شيراز(163),163 - شيراز(71163),71 - فارس(71)
90755,انقلاب اسلامی ایران,نظري,2,0,1639075533,خواهران-ورودی جدید زبان,شنبه از 16:45 تا 18:00,غلامرضا صفرپور,,0,,1405/04/07 از 16:30 تا 18:00,اقتصاد ومدیریت-006,كارشناسي پيوسته,حضوري,ارائه در سطح دانشکده,,گروه آموزشي دروس عمومي(7116399),163 - شيراز(163),163 - شيراز(71163),71 - فارس(71)
90755,انقلاب اسلامی ایران,نظري,2,0,1639075532,خواهران,شنبه از 15:00 تا 16:45,غلامرضا صفرپور,,49,,1405/04/07 از 16:30 تا 18:00,اقتصاد ومدیریت-006,كارشناسي پيوسته,حضوري,ارائه در سطح دانشکده,,گروه آموزشي دروس عمومي(7116399),163 - شيراز(163),163 - شيراز(71163),71 - فارس(71)
90755,انقلاب اسلامی ایران,نظري,2,0,1639075531,خواهران,شنبه از 13:15 تا 15:00,غلامرضا صفرپور,,50,,1405/04/07 از 16:30 تا 18:00,اقتصاد ومدیریت-006,كارشناسي پيوسته,حضوري,ارائه در سطح دانشکده,,گروه آموزشي دروس عمومي(7116399),163 - شيراز(163),163 - شيراز(71163),71 - فارس(71)
90755,انقلاب اسلامی ایران,نظري,2,0,1639075530,خواهران,شنبه از 11:00 تا 12:00 شنبه از از ...,غلامرضا صفرپور,,49,,1405/04/07 از 16:30 تا 18:00,اقتصاد ومدیریت-006,كارشناسي پيوسته,حضوري,ارائه در سطح دانشکده,,گروه آموزشي دروس عمومي(7116399),163 - شيراز(163),163 - شيراز(71163),71 - فارس(71)
92381,تاریخ فرهنگ و تمدن اسلام و ایران,نظري,2,0,1639238128,خواهران,شنبه از 09:15 تا 11:00,جعفر شریفی,,49,,1405/04/18 از 16:30 تا 18:00,اقتصاد ومدیریت-006,كارشناسي پيوسته,حضوري,ارائه در سطح دانشکده,,گروه آموزشي دروس عمومي(7116399),163 - شيراز(163),163 - شيراز(71163),71 - فارس(71)
99041,تاریخ تحلیلی صدر اسلام‌,نظري,2,0,1639904129,خواهران,شنبه از 07:30 تا 09:15,جعفر شریفی,,49,,1405/04/11 از 16:30 تا 18:00,اقتصاد ومدیریت-006,كارشناسي پيوسته,حضوري,ارائه در سطح دانشکده,,گروه آموزشي دروس عمومي(7116399),163 - شيراز(163),163 - شيراز(71163),71 - فارس(71)
90121,تاریخ امامت,نظري,2,0,1639012113,برادران,چهارشنبه از 16:45 تا 18:30,مسعود مرادی,,49,,1405/04/11 از 16:30 تا 18:00,اقتصاد ومدیریت-005,كارشناسي پيوسته,حضوري,ارائه در سطح دانشکده,,گروه آموزشي دروس عمومي(7116399),163 - شيراز(163),163 - شيراز(71163),71 - فارس(71)
99073,اندیشه های امامین انقلاب اسلامی و وصایای حضرت امام خمینی(ره),نظري,1,0,1639907332,خواهران,چهارشنبه از 13:15 تا 15:00,ژيلا عباسي,,45,,1405/04/13 از 16:30 تا 18:00,مهندسی یک-217,كارشناسي پيوسته,حضوري,ارائه در سطح دانشکده,,گروه آموزشي دروس عمومي(7116399),163 - شيراز(163),163 - شيراز(71163),71 - فارس(71)
99073,اندیشه های امامین انقلاب اسلامی و وصایای حضرت امام خمینی(ره),نظري,1,0,1639907331,خواهران,چهارشنبه از 11:00 تا 12:00 چهارشنبه از ...,ژيلا عباسي,,45,,1405/04/13 از 16:30 تا 18:00,مهندسی یک-217,كارشناسي پيوسته,حضوري,ارائه در سطح دانشکده,,گروه آموزشي دروس عمومي(7116399),163 - شيراز(163),163 - شيراز(71163),71 - فارس(71)
99073,اندیشه های امامین انقلاب اسلامی و وصایای حضرت امام خمینی(ره),نظري,1,0,1639907325,خواهران,شنبه از 13:15 تا 15:00,ندا رستگاران,,45,,1405/04/13 از 16:30 تا 18:00,مهندسی یک-319,كارشناسي پيوسته,حضوري,ارائه در سطح دانشکده,,گروه آموزشي دروس عمومي(7116399),163 - شيراز(163),163 - شيراز(71163),71 - فارس(71)
99073,اندیشه های امامین انقلاب اسلامی و وصایای حضرت امام خمینی(ره),نظري,1,0,1639907324,خواهران,شنبه از 11:00 تا 12:00 شنبه از از ...,ندا رستگاران,,45,,1405/04/13 از 16:30 تا 18:00,مهندسی یک-319,كارشناسي پيوسته,حضوري,ارائه در سطح دانشکده,,گروه آموزشي دروس عمومي(7116399),163 - شيراز(163),163 - شيراز(71163),71 - فارس(71)
99073,اندیشه های امامین انقلاب اسلامی و وصایای حضرت امام خمینی(ره),نظري,1,0,1639907323,خواهران,شنبه از 09:15 تا 11:00,ندا رستگاران,,50,,1405/04/13 از 16:30 تا 18:00,مهندسی یک-319,كارشناسي پيوسته,حضوري,ارائه در سطح دانشکده,,گروه آموزشي دروس عمومي(7116399),163 - شيراز(163),163 - شيراز(71163),71 - فارس(71)
99073,اندیشه های امامین انقلاب اسلامی و وصایای حضرت امام خمینی(ره),نظري,1,0,1639907322,خواهران,شنبه از 07:30 تا 09:15,ندا رستگاران,,50,,1405/04/13 از 16:30 تا 18:00,مهندسی یک-319,كارشناسي پيوسته,حضوري,ارائه در سطح دانشکده,,گروه آموزشي دروس عمومي(7116399),163 - شيراز(163),163 - شيراز(71163),71 - فارس(71)
99083,انس با قرآن کریم,نظري,1,0,163811033,,چهارشنبه از 11:00 تا 12:00 چهارشنبه از ...,مليحه ساساني,,30,,1405/04/06 از 16:30 تا 18:00,علوم انسانی-317,كارشناسي پيوسته,حضوري,ارائه در سطح دانشکده,,گروه آموزشي دروس عمومي(7116399),163 - شيراز(163),163 - شيراز(71163),71 - فارس(71)
99083,انس با قرآن کریم,نظري,1,0,163811032,,چهارشنبه از 09:15 تا 11:00,مليحه ساساني,,30,,1405/04/06 از 16:30 تا 18:00,علوم انسانی-317,كارشناسي پيوسته,حضوري,ارائه در سطح دانشکده,,گروه آموزشي دروس عمومي(7116399),163 - شيراز(163),163 - شيراز(71163),71 - فارس(71)
99083,انس با قرآن کریم,نظري,1,0,163811031,,چهارشنبه از 07:30 تا 09:15,مليحه ساساني,,30,,1405/04/06 از 16:30 تا 18:00,علوم انسانی-317,كارشناسي پيوسته,حضوري,ارائه در سطح دانشکده,,گروه آموزشي دروس عمومي(7116399),163 - شيراز(163),163 - شيراز(71163),71 - فارس(71)
99083,انس با قرآن کریم,نظري,1,0,163811030,,سه شنبه از 11:00 تا 12:00 سه شنبه از ...,مليحه ساساني,,30,,1405/04/06 از 16:30 تا 18:00,علوم انسانی-106,كارشناسي پيوسته,حضوري,ارائه در سطح دانشکده,,گروه آموزشي دروس عمومي(7116399),163 - شيراز(163),163 - شيراز(71163),71 - فارس(71)
99083,انس با قرآن کریم,نظري,1,0,163811029,,سه شنبه از 09:15 تا 11:00,مليحه ساساني,,30,,1405/04/06 از 16:30 تا 18:00,علوم انسانی-106,كارشناسي پيوسته,حضوري,ارائه در سطح دانشکده,,گروه آموزشي دروس عمومي(7116399),163 - شيراز(163),163 - شيراز(71163),71 - فارس(71)
99083,انس با قرآن کریم,نظري,1,0,163811028,,سه شنبه از 07:30 تا 09:15,مليحه ساساني,,30,,1405/04/06 از 16:30 تا 18:00,علوم انسانی-106,كارشناسي پيوسته,حضوري,ارائه در سطح دانشکده,,گروه آموزشي دروس عمومي(7116399),163 - شيراز(163),163 - شيراز(71163),71 - فارس(71)
99083,انس با قرآن کریم,نظري,1,0,163811027,,سه شنبه از 11:00 تا 12:00 سه شنبه از ...,زهرا معینی,,30,,1405/04/06 از 16:30 تا 18:00,علوم انسانی-317,كارشناسي پيوسته,حضوري,ارائه در سطح دانشکده,,گروه آموزشي دروس عمومي(7116399),163 - شيراز(163),163 - شيراز(71163),71 - فارس(71)
99083,انس با قرآن کریم,نظري,1,0,163811026,,سه شنبه از 09:15 تا 11:00,زهرا معینی,,30,,1405/04/06 از 16:30 تا 18:00,علوم انسانی-317,كارشناسي پيوسته,حضوري,ارائه در سطح دانشکده,,گروه آموزشي دروس عمومي(7116399),163 - شيراز(163),163 - شيراز(71163),71 - فارس(71)
99083,انس با قرآن کریم,نظري,1,0,163811025,,سه شنبه از 07:30 تا 09:15,زهرا معینی,,30,,1405/04/06 از 16:30 تا 18:00,علوم انسانی-317,كارشناسي پيوسته,حضوري,ارائه در سطح دانشکده,,گروه آموزشي دروس عمومي(7116399),163 - شيراز(163),163 - شيراز(71163),71 - فارس(71)
99083,انس با قرآن کریم,نظري,1,0,163811024,,دوشنبه از 11:00 تا 12:00 دوشنبه از از ...,زهرا معینی,,30,,1405/04/06 از 16:30 تا 18:00,علوم انسانی-317,كارشناسي پيوسته,حضوري,ارائه در سطح دانشکده,,گروه آموزشي دروس عمومي(7116399),163 - شيراز(163),163 - شيراز(71163),71 - فارس(71)
99083,انس با قرآن کریم,نظري,1,0,163811023,,دوشنبه از 09:15 تا 11:00,زهرا معینی,,30,,1405/04/06 از 16:30 تا 18:00,علوم انسانی-317,كارشناسي پيوسته,حضوري,ارائه در سطح دانشکده,,گروه آموزشي دروس عمومي(7116399),163 - شيراز(163),163 - شيراز(71163),71 - فارس(71)
99083,انس با قرآن کریم,نظري,1,0,163811022,,دوشنبه از 07:30 تا 09:15,زهرا معینی,,30,,1405/04/06 از 16:30 تا 18:00,علوم انسانی-317,كارشناسي پيوسته,حضوري,ارائه در سطح دانشکده,,گروه آموزشي دروس عمومي(7116399),163 - شيراز(163),163 - شيراز(71163),71 - فارس(71)
99083,انس با قرآن کریم,نظري,1,0,163811021,,يكشنبه از 09:15 تا 11:00,زهرا معینی,,30,,1405/04/06 از 16:30 تا 18:00,علوم انسانی-317,كارشناسي پيوسته,حضوري,ارائه در سطح دانشکده,,گروه آموزشي دروس عمومي(7116399),163 - شيراز(163),163 - شيراز(71163),71 - فارس(71)
99083,انس با قرآن کریم,نظري,1,0,163811020,,يكشنبه از 07:30 تا 09:15,زهرا معینی,,30,,1405/04/06 از 16:30 تا 18:00,علوم انسانی-317,كارشناسي پيوسته,حضوري,ارائه در سطح دانشکده,,گروه آموزشي دروس عمومي(7116399),163 - شيراز(163),163 - شيراز(71163),71 - فارس(71)
99083,انس با قرآن کریم,نظري,1,0,163811019,,شنبه از 16:45 تا 18:30,طاهره راسل,,30,,1405/04/06 از 16:30 تا 18:00,علوم انسانی-317,كارشناسي پيوسته,حضوري,ارائه در سطح دانشکده,,گروه آموزشي دروس عمومي(7116399),163 - شيراز(163),163 - شيراز(71163),71 - فارس(71)
99083,انس با قرآن کریم,نظري,1,0,163811018,,شنبه از 15:00 تا 16:45,طاهره راسل,,30,,1405/04/06 از 16:30 تا 18:00,علوم انسانی-317,كارشناسي پيوسته,حضوري,ارائه در سطح دانشکده,,گروه آموزشي دروس عمومي(7116399),163 - شيراز(163),163 - شيراز(71163),71 - فارس(71)
99083,انس با قرآن کریم,نظري,1,0,163811017,,شنبه از 11:00 تا 12:00 شنبه از از ...,مليحه ساساني,,30,,1405/04/06 از 16:30 تا 18:00,علوم انسانی-317,كارشناسي پيوسته,حضوري,ارائه در سطح دانشکده,,گروه آموزشي دروس عمومي(7116399),163 - شيراز(163),163 - شيراز(71163),71 - فارس(71)
99083,انس با قرآن کریم,نظري,1,0,163811016,,شنبه از 09:15 تا 11:00,مليحه ساساني,,30,,1405/04/06 از 16:30 تا 18:00,علوم انسانی-317,كارشناسي پيوسته,حضوري,ارائه در سطح دانشکده,,گروه آموزشي دروس عمومي(7116399),163 - شيراز(163),163 - شيراز(71163),71 - فارس(71)
99083,انس با قرآن کریم,نظري,1,0,163811015,,شنبه از 07:30 تا 09:15,مليحه ساساني,,30,,1405/04/06 از 16:30 تا 18:00,علوم انسانی-317,كارشناسي پيوسته,حضوري,ارائه در سطح دانشکده,,گروه آموزشي دروس عمومي(7116399),163 - شيراز(163),163 - شيراز(71163),71 - فارس(71)
99041,تاریخ تحلیلی صدر اسلام‌,نظري,2,0,1639904124,خواهران,پنج شنبه از 13:15 تا 15:00,انسیه سادات حسینی شریف,,45,,1405/04/11 از 16:30 تا 18:00,هنر و معماری-3,كارشناسي پيوسته,حضوري,ارائه در سطح دانشکده,,گروه آموزشي دروس عمومي(7116399),163 - شيراز(163),163 - شيراز(71163),71 - فارس(71)
99041,تاریخ تحلیلی صدر اسلام‌,نظري,2,0,1639904123,خواهران,پنج شنبه از 11:00 تا 12:00 پنج شنبه از ...,انسیه سادات حسینی شریف,,45,,1405/04/11 از 16:30 تا 18:00,هنر و معماری-3,كارشناسي پيوسته,حضوري,ارائه در سطح دانشکده,,گروه آموزشي دروس عمومي(7116399),163 - شيراز(163),163 - شيراز(71163),71 - فارس(71)
99041,تاریخ تحلیلی صدر اسلام‌,نظري,2,0,1639904122,خواهران,پنج شنبه از 09:15 تا 11:00,انسیه سادات حسینی شریف,,45,,1405/04/11 از 16:30 تا 18:00,هنر و معماری-3,كارشناسي پيوسته,حضوري,ارائه در سطح دانشکده,,گروه آموزشي دروس عمومي(7116399),163 - شيراز(163),163 - شيراز(71163),71 - فارس(71)
99041,تاریخ تحلیلی صدر اسلام‌,نظري,2,0,1639904121,خواهران,پنج شنبه از 07:30 تا 09:15,انسیه سادات حسینی شریف,,45,,1405/04/11 از 16:30 تا 18:00,هنر و معماری-3,كارشناسي پيوسته,حضوري,ارائه در سطح دانشکده,,گروه آموزشي دروس عمومي(7116399),163 - شيراز(163),163 - شيراز(71163),71 - فارس(71)
99083,انس با قرآن کریم,نظري,1,0,163811014,,پنج شنبه از 11:00 تا 12:00 پنج شنبه از ...,سیدمحمدحسین معزی,,30,,1405/04/06 از 16:30 تا 18:00,,كارشناسي پيوسته,حضوري,ارائه در سطح دانشکده,,گروه آموزشي دروس عمومي(7116399),163 - شيراز(163),163 - شيراز(71163),71 - فارس(71)
99083,انس با قرآن کریم,نظري,1,0,163811013,,پنج شنبه از 09:15 تا 11:00,سیدمحمدحسین معزی,,30,,1405/04/06 از 16:30 تا 18:00,,كارشناسي پيوسته,حضوري,ارائه در سطح دانشکده,,گروه آموزشي دروس عمومي(7116399),163 - شيراز(163),163 - شيراز(71163),71 - فارس(71)
90128,دانش خانواده و جمعیت,نظري,2,0,1639012826,برادران,چهارشنبه از 16:45 تا 18:30,سید خداکرم فلاحی,,45,,1405/04/17 از 16:30 تا 18:00,هنر و معماری-3,كارشناسي پيوسته,حضوري,ارائه در سطح دانشکده,,گروه آموزشي دروس عمومي(7116399),163 - شيراز(163),163 - شيراز(71163),71 - فارس(71)
90128,دانش خانواده و جمعیت,نظري,2,0,1639012827,برادران,چهارشنبه از 15:00 تا 16:45,سید خداکرم فلاحی,,45,,1405/04/17 از 16:30 تا 18:00,هنر و معماری-3,كارشناسي پيوسته,حضوري,ارائه در سطح دانشکده,,گروه آموزشي دروس عمومي(7116399),163 - شيراز(163),163 - شيراز(71163),71 - فارس(71)
98961,اخلاق اسلامی (مبانی و مفاهیم),نظري,2,0,1639896128,خواهران,چهارشنبه از 13:15 تا 15:00,سید خداکرم فلاحی,,49,,1405/04/15 از 16:30 تا 18:00,هنر و معماری-3,كارشناسي پيوسته,حضوري,ارائه در سطح دانشکده,,گروه آموزشي دروس عمومي(7116399),163 - شيراز(163),163 - شيراز(71163),71 - فارس(71)
99083,انس با قرآن کریم,نظري,1,0,163811012,,پنج شنبه از 07:30 تا 09:15,سیدمحمدحسین معزی,,30,,1405/04/06 از 16:30 تا 18:00,,كارشناسي پيوسته,حضوري,ارائه در سطح دانشکده,,گروه آموزشي دروس عمومي(7116399),163 - شيراز(163),163 - شيراز(71163),71 - فارس(71)
98961,اخلاق اسلامی (مبانی و مفاهیم),نظري,2,0,1639896127,خواهران,چهارشنبه از 11:00 تا 12:00 چهارشنبه از ...,سید خداکرم فلاحی,,49,,1405/04/15 از 16:30 تا 18:00,هنر و معماری-3,كارشناسي پيوسته,حضوري,ارائه در سطح دانشکده,,گروه آموزشي دروس عمومي(7116399),163 - شيراز(163),163 - شيراز(71163),71 - فارس(71)
90613,انسان در اسلام,نظري,2,0,1639061308,خواهران,سه شنبه از 13:15 تا 15:00,خسرو مرادی کهواده,,45,,1405/04/10 از 16:30 تا 18:00,اقتصاد ومدیریت-005,كارشناسي پيوسته,حضوري,ارائه در سطح دانشکده,,گروه آموزشي دروس عمومي(7116399),163 - شيراز(163),163 - شيراز(71163),71 - فارس(71)
90613,انسان در اسلام,نظري,2,0,1639061307,خواهران,سه شنبه از 11:00 تا 12:00 سه شنبه از ...,خسرو مرادی کهواده,,45,,1405/04/10 از 16:30 تا 18:00,اقتصاد ومدیریت-005,كارشناسي پيوسته,حضوري,ارائه در سطح دانشکده,,گروه آموزشي دروس عمومي(7116399),163 - شيراز(163),163 - شيراز(71163),71 - فارس(71)
90613,انسان در اسلام,نظري,2,0,1639061306,برادران,سه شنبه از 09:15 تا 11:00,خسرو مرادی کهواده,,45,,1405/04/10 از 16:30 تا 18:00,اقتصاد ومدیریت-005,كارشناسي پيوسته,حضوري,ارائه در سطح دانشکده,,گروه آموزشي دروس عمومي(7116399),163 - شيراز(163),163 - شيراز(71163),71 - فارس(71)
90613,انسان در اسلام,نظري,2,0,1639061305,برادران,سه شنبه از 07:30 تا 09:15,خسرو مرادی کهواده,,45,,1405/04/10 از 16:30 تا 18:00,اقتصاد ومدیریت-005,كارشناسي پيوسته,حضوري,ارائه در سطح دانشکده,,گروه آموزشي دروس عمومي(7116399),163 - شيراز(163),163 - شيراز(71163),71 - فارس(71)
92381,تاریخ فرهنگ و تمدن اسلام و ایران,نظري,2,0,1639238120,خواهران- ترم آخری,دوشنبه از 13:15 تا 15:00,انسیه سادات حسینی شریف,,0,,1405/04/18 از 16:30 تا 18:00,مهندسی یک-319,كارشناسي پيوسته,حضوري,ارائه در سطح دانشکده,,گروه آموزشي دروس عمومي(7116399),163 - شيراز(163),163 - شيراز(71163),71 - فارس(71)
99092,زبان انگلیسی عمومی-ترکیبی(3),نظري,1,0,2180,,,,,55,,1405/04/21 از 15:00 تا 17:00,,كارشناسي پيوسته,حضوري,ارائه در سطح استان,,گروه آموزشي دروس عمومي(7116399),163 - شيراز(163),163 - شيراز(71163),71 - فارس(71)
99091,زبان انگلیسی عمومی-ترکیبی(2),نظري,1,0,2177,,,,,55,,1405/04/20 از 15:00 تا 17:00,,كارشناسي پيوسته,حضوري,ارائه در سطح استان,,گروه آموزشي دروس عمومي(7116399),163 - شيراز(163),163 - شيراز(71163),71 - فارس(71)
99090,زبان انگلیسی عمومی-ترکیبی(1),نظري,1,0,2175,,,,,55,,1405/04/21 از 08:00 تا 10:00,,كارشناسي پيوسته,حضوري,ارائه در سطح استان,,گروه آموزشي دروس عمومي(7116399),163 - شيراز(163),163 - شيراز(71163),71 - فارس(71)
99093,زبان انگلیسی پیش دانشگاهی-ترکیبی,نظري,2,0,2174,,,,,55,,1405/04/20 از 08:00 تا 10:00,,كارشناسي پيوسته,حضوري,ارائه در سطح استان,,گروه آموزشي دروس عمومي(7116399),163 - شيراز(163),163 - شيراز(71163),71 - فارس(71)
99091,زبان انگلیسی عمومی-ترکیبی(2),نظري,1,0,4042232,,دوشنبه از 08:00 تا 09:00,مرضیه مهرنوش,,100,,1405/04/20 از 10:00 تا 12:00,,كارشناسي پيوسته,ارائه ترکیبی در واحد منتخب,ارائه در سطح دانشکده,,گروه آموزشي دروس عمومي(7116399),163 - شيراز(163),163 - شيراز(71163),71 - فارس(71)
99091,زبان انگلیسی عمومی-ترکیبی(2),نظري,1,0,4042231,,دوشنبه از 11:00 تا 12:00,مرضیه مهرنوش,,100,,1405/04/20 از 10:00 تا 12:00,,كارشناسي پيوسته,ارائه ترکیبی در واحد منتخب,ارائه در سطح دانشکده,,گروه آموزشي دروس عمومي(7116399),163 - شيراز(163),163 - شيراز(71163),71 - فارس(71)
99092,زبان انگلیسی عمومی-ترکیبی(3),نظري,1,0,4042027,,دوشنبه از 10:00 تا 11:00,مرضیه مهرنوش,,100,,1405/04/21 از 10:00 تا 12:00,,كارشناسي پيوسته,ارائه ترکیبی در واحد منتخب,ارائه در سطح دانشکده,,گروه آموزشي دروس عمومي(7116399),163 - شيراز(163),163 - شيراز(71163),71 - فارس(71)
99092,زبان انگلیسی عمومی-ترکیبی(3),نظري,1,0,4042026,,دوشنبه از 09:00 تا 10:00,مرضیه مهرنوش,,100,,1405/04/21 از 10:00 تا 12:00,,كارشناسي پيوسته,ارائه ترکیبی در واحد منتخب,ارائه در سطح دانشکده,,گروه آموزشي دروس عمومي(7116399),163 - شيراز(163),163 - شيراز(71163),71 - فارس(71)
90029,فارسی,نظري,3,0,4042322,ورودی جدید زبان,دوشنبه از 15:45 تا 18:30,مریم زیبائی نژاد,,0,,1405/04/11 از 09:00 تا 10:00,علوم انسانی-202,كارشناسي پيوسته,حضوري,ارائه در سطح دانشکده,,گروه آموزشي دروس عمومي(7116399),163 - شيراز(163),163 - شيراز(71163),71 - فارس(71)
90029,فارسی,نظري,3,0,4042321,ورودی جدید زبان,سه شنبه از 15:45 تا 18:30,ابراهیم اکبری,,0,,1405/04/11 از 09:00 تا 10:00,علوم انسانی-205,كارشناسي پيوسته,حضوري,ارائه در سطح دانشکده,,گروه آموزشي دروس عمومي(7116399),163 - شيراز(163),163 - شيراز(71163),71 - فارس(71)
90029,فارسی,نظري,3,0,4042320,ورودی جدید زبان,دوشنبه از 15:45 تا 18:30,ابراهیم اکبری,,0,,1405/04/11 از 09:00 تا 10:00,علوم انسانی-205,كارشناسي پيوسته,حضوري,ارائه در سطح دانشکده,,گروه آموزشي دروس عمومي(7116399),163 - شيراز(163),163 - شيراز(71163),71 - فارس(71)
90180,زبان خارجی,نظري,3,0,4042604,ویژه دانشجویان کاردانی,پنج شنبه از 17:30 تا 20:00,صفیه سیار,,50,,1405/04/13 از 16:30 تا 18:00,مهارتی -201,كارشناسي پيوسته,حضوري,ارائه در سطح دانشکده,,گروه آموزشي دروس عمومي(7116399),163 - شيراز(163),163 - شيراز(71163),71 - فارس(71)
90180,زبان خارجی,نظري,3,0,404263,ویژه دانشجویان کاردانی,پنج شنبه از 15:00 تا 17:30,صفیه سیار,,50,,1405/04/13 از 16:30 تا 18:00,مهارتی -201,كارشناسي پيوسته,حضوري,ارائه در سطح دانشکده,,گروه آموزشي دروس عمومي(7116399),163 - شيراز(163),163 - شيراز(71163),71 - فارس(71)
90180,زبان خارجی,نظري,3,0,4042602,صرفا"" دانشجویان کاردانی و کارشناسی ناپیوسته همه ورودیها و کارشناسی ورودی قبل از 1401,چهارشنبه از 15:45 تا 18:30,سهراب عزيزي,,55,,1405/04/13 از 16:30 تا 18:00,علوم انسانی-214,كارشناسي پيوسته,حضوري,ارائه در سطح دانشکده,,گروه آموزشي دروس عمومي(7116399),163 - شيراز(163),163 - شيراز(71163),71 - فارس(71)
90180,زبان خارجی,نظري,3,0,4042601,صرفا"" دانشجویان کاردانی و کارشناسی ناپیوسته همه ورودیها و کارشناسی ورودی قبل از 1401,چهارشنبه از 13:15 تا 15:45,طاهره زارع,,55,,1405/04/13 از 16:30 تا 18:00,علوم انسانی-214,كارشناسي پيوسته,حضوري,ارائه در سطح دانشکده,,گروه آموزشي دروس عمومي(7116399),163 - شيراز(163),163 - شيراز(71163),71 - فارس(71)
90180,زبان خارجی,نظري,3,0,4042600,صرفا"" دانشجویان کاردانی و کارشناسی ناپیوسته همه ورودیها و کارشناسی ورودی قبل از 1401,چهارشنبه از 10:15 تا 11:45 چهارشنبه از ...,طاهره زارع,,55,,1405/04/13 از 16:30 تا 18:00,علوم انسانی-214,كارشناسي پيوسته,حضوري,ارائه در سطح دانشکده,,گروه آموزشي دروس عمومي(7116399),163 - شيراز(163),163 - شيراز(71163),71 - فارس(71)
55004,زبان انگلیسی (پیش نیاز دانشگاهی),نظري,2,0,4042506,ویژه دانشجویان کاردانی,پنج شنبه از 13:00 تا 15:00,صفیه سیار,,50,,1405/04/09 از 16:30 تا 18:00,مهارتی -201,كارشناسي پيوسته,حضوري,ارائه در سطح دانشکده,,گروه آموزشي دروس عمومي(7116399),163 - شيراز(163),163 - شيراز(71163),71 - فارس(71)
55004,زبان انگلیسی (پیش نیاز دانشگاهی),نظري,2,0,4042505,,سه شنبه از 13:15 تا 15:00,طاهره زارع,,0,,1405/04/09 از 16:30 تا 18:00,,كارشناسي پيوسته,حضوري,ارائه در سطح دانشکده,,گروه آموزشي دروس عمومي(7116399),163 - شيراز(163),163 - شيراز(71163),71 - فارس(71)
55004,زبان انگلیسی (پیش نیاز دانشگاهی),نظري,2,0,4042504,صرفا"" دانشجویان کاردانی و کارشناسی ناپیوسته همه ورودیها و کارشناسی ورودی قبل از 1401,سه شنبه از 11:00 تا 12:30,طاهره زارع,,55,,1405/04/09 از 16:30 تا 18:00,علوم انسانی-209,كارشناسي پيوسته,حضوري,ارائه در سطح دانشکده,,گروه آموزشي دروس عمومي(7116399),163 - شيراز(163),163 - شيراز(71163),71 - فارس(71)
55004,زبان انگلیسی (پیش نیاز دانشگاهی),نظري,2,0,4042503,صرفا"" دانشجویان کاردانی و کارشناسی ناپیوسته همه ورودیها و کارشناسی ورودی قبل از 1401,سه شنبه از 09:15 تا 11:00,طاهره زارع,,55,,1405/04/09 از 16:30 تا 18:00,علوم انسانی-208,كارشناسي پيوسته,حضوري,ارائه در سطح دانشکده,,گروه آموزشي دروس عمومي(7116399),163 - شيراز(163),163 - شيراز(71163),71 - فارس(71)
55004,زبان انگلیسی (پیش نیاز دانشگاهی),نظري,2,0,4042502,صرفا"" دانشجویان کاردانی و کارشناسی ناپیوسته همه ورودیها و کارشناسی ورودی قبل از 1401,شنبه از 15:00 تا 16:45,حنانه پیمان,,55,,1405/04/09 از 16:30 تا 18:00,علوم انسانی-211,كارشناسي پيوسته,حضوري,ارائه در سطح دانشکده,,گروه آموزشي دروس عمومي(7116399),163 - شيراز(163),163 - شيراز(71163),71 - فارس(71)
55004,زبان انگلیسی (پیش نیاز دانشگاهی),نظري,2,0,4042501,صرفا"" دانشجویان کاردانی و کارشناسی ناپیوسته همه ورودیها و کارشناسی ورودی قبل از 1401,شنبه از 13:15 تا 15:00,حنانه پیمان,,55,,1405/04/09 از 16:30 تا 18:00,علوم انسانی-213,كارشناسي پيوسته,حضوري,ارائه در سطح دانشکده,,گروه آموزشي دروس عمومي(7116399),163 - شيراز(163),163 - شيراز(71163),71 - فارس(71)
55004,زبان انگلیسی (پیش نیاز دانشگاهی),نظري,2,0,4042500,صرفا"" دانشجویان کاردانی و کارشناسی ناپیوسته همه ورودیها و کارشناسی ورودی قبل از 1401,شنبه از 11:00 تا 11:45 شنبه از از ...,حنانه پیمان,,55,,1405/04/09 از 16:30 تا 18:00,علوم انسانی-210,كارشناسي پيوسته,حضوري,ارائه در سطح دانشکده,,گروه آموزشي دروس عمومي(7116399),163 - شيراز(163),163 - شيراز(71163),71 - فارس(71)
98961,اخلاق اسلامی (مبانی و مفاهیم),نظري,2,0,1639896116,خواهران,سه شنبه از 11:00 تا 12:00 سه شنبه از ...,صدراله جمشیدی,,49,,1405/04/15 از 16:30 تا 18:00,هنر و معماری-3,كارشناسي پيوسته,حضوري,ارائه در سطح دانشکده,,گروه آموزشي دروس عمومي(7116399),163 - شيراز(163),163 - شيراز(71163),71 - فارس(71)
90763,تفسیر موضوعی قرآن,نظري,2,0,1639076324,خواهران,شنبه از 15:00 تا 16:45,سیدمحمدحسین معزی,,46,,1405/04/09 از 16:30 تا 18:00,اقتصاد ومدیریت-005,كارشناسي پيوسته,حضوري,ارائه در سطح دانشکده,,گروه آموزشي دروس عمومي(7116399),163 - شيراز(163),163 - شيراز(71163),71 - فارس(71)
98961,اخلاق اسلامی (مبانی و مفاهیم),نظري,2,0,1639896113,خواهران,سه شنبه از 13:15 تا 15:00,صدراله جمشیدی,,45,,1405/04/15 از 16:30 تا 18:00,هنر و معماری-3,كارشناسي پيوسته,حضوري,ارائه در سطح دانشکده,,گروه آموزشي دروس عمومي(7116399),163 - شيراز(163),163 - شيراز(71163),71 - فارس(71)
98961,اخلاق اسلامی (مبانی و مفاهیم),نظري,2,0,1639896115,برادران,سه شنبه از 09:15 تا 11:00,صدراله جمشیدی,,45,,1405/04/15 از 16:30 تا 18:00,هنر و معماری-3,كارشناسي پيوسته,حضوري,ارائه در سطح دانشکده,,گروه آموزشي دروس عمومي(7116399),163 - شيراز(163),163 - شيراز(71163),71 - فارس(71)
98961,اخلاق اسلامی (مبانی و مفاهیم),نظري,2,0,1639896114,برادران- ترم آخری,سه شنبه از 07:30 تا 09:15,صدراله جمشیدی,,0,,1405/04/15 از 16:30 تا 18:00,هنر و معماری-3,كارشناسي پيوسته,حضوري,ارائه در سطح دانشکده,,گروه آموزشي دروس عمومي(7116399),163 - شيراز(163),163 - شيراز(71163),71 - فارس(71)
90046,آشنایی با قانون اساسی جمهوری اسلامی ایران,نظري,2,0,1639004608,خواهران,يكشنبه از 13:15 تا 15:00,فاطمه باقری,,49,,1405/04/07 از 16:30 تا 18:00,هنر و معماری-3,كارشناسي پيوسته,حضوري,ارائه در سطح دانشکده,,گروه آموزشي دروس عمومي(7116399),163 - شيراز(163),163 - شيراز(71163),71 - فارس(71)
90046,آشنایی با قانون اساسی جمهوری اسلامی ایران,نظري,2,0,1639004607,خواهران,يكشنبه از 11:00 تا 12:00 يكشنبه از از ...,فاطمه باقری,,49,,1405/04/07 از 16:30 تا 18:00,هنر و معماری-3,كارشناسي پيوسته,حضوري,ارائه در سطح دانشکده,,گروه آموزشي دروس عمومي(7116399),163 - شيراز(163),163 - شيراز(71163),71 - فارس(71)
90046,آشنایی با قانون اساسی جمهوری اسلامی ایران,نظري,2,0,1639004606,خواهران,يكشنبه از 09:15 تا 11:00,فاطمه باقری,,49,,1405/04/07 از 16:30 تا 18:00,هنر و معماری-3,كارشناسي پيوسته,حضوري,ارائه در سطح دانشکده,,گروه آموزشي دروس عمومي(7116399),163 - شيراز(163),163 - شيراز(71163),71 - فارس(71)
90046,آشنایی با قانون اساسی جمهوری اسلامی ایران,نظري,2,0,1639004605,خواهران- ترم آخری,يكشنبه از 07:30 تا 09:15,فاطمه باقری,,15,,1405/04/07 از 16:30 تا 18:00,هنر و معماری-3,كارشناسي پيوسته,حضوري,ارائه در سطح دانشکده,,گروه آموزشي دروس عمومي(7116399),163 - شيراز(163),163 - شيراز(71163),71 - فارس(71)
99073,اندیشه های امامین انقلاب اسلامی و وصایای حضرت امام خمینی(ره),نظري,1,0,1639907344,خواهران,دوشنبه از 16:45 تا 18:30,مرضیه امیدی,,45,,1405/04/13 از 16:30 تا 18:00,هنر و معماری-3,كارشناسي پيوسته,حضوري,ارائه در سطح دانشکده,,گروه آموزشي دروس عمومي(7116399),163 - شيراز(163),163 - شيراز(71163),71 - فارس(71)
99073,اندیشه های امامین انقلاب اسلامی و وصایای حضرت امام خمینی(ره),نظري,1,0,1639907343,خواهران,دوشنبه از 15:00 تا 16:45,مرضیه امیدی,,45,,1405/04/13 از 16:30 تا 18:00,هنر و معماری-3,كارشناسي پيوسته,حضوري,ارائه در سطح دانشکده,,گروه آموزشي دروس عمومي(7116399),163 - شيراز(163),163 - شيراز(71163),71 - فارس(71)
99073,اندیشه های امامین انقلاب اسلامی و وصایای حضرت امام خمینی(ره),نظري,1,0,1639907342,خواهران,يكشنبه از 16:45 تا 18:30,مرضیه امیدی,,45,,1405/04/13 از 16:30 تا 18:00,هنر و معماری-3,كارشناسي پيوسته,حضوري,ارائه در سطح دانشکده,,گروه آموزشي دروس عمومي(7116399),163 - شيراز(163),163 - شيراز(71163),71 - فارس(71)
99073,اندیشه های امامین انقلاب اسلامی و وصایای حضرت امام خمینی(ره),نظري,1,0,1639907341,خواهران,يكشنبه از 15:00 تا 16:45,مرضیه امیدی,,50,,1405/04/13 از 16:30 تا 18:00,هنر و معماری-3,كارشناسي پيوسته,حضوري,ارائه در سطح دانشکده,,گروه آموزشي دروس عمومي(7116399),163 - شيراز(163),163 - شيراز(71163),71 - فارس(71)
99073,اندیشه های امامین انقلاب اسلامی و وصایای حضرت امام خمینی(ره),نظري,1,0,1639907340,خواهران,شنبه از 16:45 تا 18:30,مرضیه امیدی,,45,,1405/04/13 از 16:30 تا 18:00,هنر و معماری-3,كارشناسي پيوسته,حضوري,ارائه در سطح دانشکده,,گروه آموزشي دروس عمومي(7116399),163 - شيراز(163),163 - شيراز(71163),71 - فارس(71)
99073,اندیشه های امامین انقلاب اسلامی و وصایای حضرت امام خمینی(ره),نظري,1,0,1639907339,خواهران,شنبه از 15:00 تا 16:45,مرضیه امیدی,,45,,1405/04/13 از 16:30 تا 18:00,هنر و معماری-3,كارشناسي پيوسته,حضوري,ارائه در سطح دانشکده,,گروه آموزشي دروس عمومي(7116399),163 - شيراز(163),163 - شيراز(71163),71 - فارس(71)
90755,انقلاب اسلامی ایران,نظري,2,0,1639075550,خواهران,شنبه از 13:15 تا 15:00,محمدمهدی محمدی,,45,,1405/04/07 از 16:30 تا 18:00,هنر و معماری-3,كارشناسي پيوسته,حضوري,ارائه در سطح دانشکده,,گروه آموزشي دروس عمومي(7116399),163 - شيراز(163),163 - شيراز(71163),71 - فارس(71)
90755,انقلاب اسلامی ایران,نظري,2,0,1639075549,خواهران,شنبه از 11:00 تا 12:00 شنبه از از ...,محمدمهدی محمدی,,45,,1405/04/07 از 16:30 تا 18:00,هنر و معماری-3,كارشناسي پيوسته,حضوري,ارائه در سطح دانشکده,,گروه آموزشي دروس عمومي(7116399),163 - شيراز(163),163 - شيراز(71163),71 - فارس(71)
90755,انقلاب اسلامی ایران,نظري,2,0,1639075548,خواهران,شنبه از 09:15 تا 11:00,محمدمهدی محمدی,,45,,1405/04/07 از 16:30 تا 18:00,هنر و معماری-3,كارشناسي پيوسته,حضوري,ارائه در سطح دانشکده,,گروه آموزشي دروس عمومي(7116399),163 - شيراز(163),163 - شيراز(71163),71 - فارس(71)
90755,انقلاب اسلامی ایران,نظري,2,0,1639075547,برادران,شنبه از 07:30 تا 09:15,محمدمهدی محمدی,,45,,1405/04/07 از 16:30 تا 18:00,هنر و معماری-3,كارشناسي پيوسته,حضوري,ارائه در سطح دانشکده,,گروه آموزشي دروس عمومي(7116399),163 - شيراز(163),163 - شيراز(71163),71 - فارس(71)
98961,اخلاق اسلامی (مبانی و مفاهیم),نظري,2,0,1639896117,خواهران,پنج شنبه از 13:15 تا 15:00,سید روح اله صادقیان,,49,,1405/04/15 از 16:30 تا 18:00,هنر و معماری- 1,كارشناسي پيوسته,حضوري,ارائه در سطح دانشکده,,گروه آموزشي دروس عمومي(7116399),163 - شيراز(163),163 - شيراز(71163),71 - فارس(71)
98961,اخلاق اسلامی (مبانی و مفاهیم),نظري,2,0,1639896118,خواهران,پنج شنبه از 11:00 تا 12:00 پنج شنبه از ...,سید روح اله صادقیان,,45,,1405/04/15 از 16:30 تا 18:00,هنر و معماری- 1,كارشناسي پيوسته,حضوري,ارائه در سطح دانشکده,,گروه آموزشي دروس عمومي(7116399),163 - شيراز(163),163 - شيراز(71163),71 - فارس(71)
98961,اخلاق اسلامی (مبانی و مفاهیم),نظري,2,0,1639896119,برادران,پنج شنبه از 09:15 تا 11:00,سید روح اله صادقیان,,49,,1405/04/15 از 16:30 تا 18:00,هنر و معماری- 1,كارشناسي پيوسته,حضوري,ارائه در سطح دانشکده,,گروه آموزشي دروس عمومي(7116399),163 - شيراز(163),163 - شيراز(71163),71 - فارس(71)
98961,اخلاق اسلامی (مبانی و مفاهیم),نظري,2,0,1639896120,برادران,پنج شنبه از 07:30 تا 09:15,سید روح اله صادقیان,,49,,1405/04/15 از 16:30 تا 18:00,هنر و معماری- 1,كارشناسي پيوسته,حضوري,ارائه در سطح دانشکده,,گروه آموزشي دروس عمومي(7116399),163 - شيراز(163),163 - شيراز(71163),71 - فارس(71)
92381,تاریخ فرهنگ و تمدن اسلام و ایران,نظري,2,0,1639238119,خواهران,چهارشنبه از 13:15 تا 15:00,خسرو مرادی کهواده,,45,,1405/04/18 از 16:30 تا 18:00,هنر و معماری- 1,كارشناسي پيوسته,حضوري,ارائه در سطح دانشکده,,گروه آموزشي دروس عمومي(7116399),163 - شيراز(163),163 - شيراز(71163),71 - فارس(71)
92381,تاریخ فرهنگ و تمدن اسلام و ایران,نظري,2,0,1639238118,خواهران,چهارشنبه از 11:00 تا 12:00 چهارشنبه از ...,خسرو مرادی کهواده,,45,,1405/04/18 از 16:30 تا 18:00,هنر و معماری- 1,كارشناسي پيوسته,حضوري,ارائه در سطح دانشکده,,گروه آموزشي دروس عمومي(7116399),163 - شيراز(163),163 - شيراز(71163),71 - فارس(71)
92381,تاریخ فرهنگ و تمدن اسلام و ایران,نظري,2,0,1639238117,برادران,چهارشنبه از 09:15 تا 11:00,خسرو مرادی کهواده,,45,,1405/04/18 از 16:30 تا 18:00,هنر و معماری- 1,كارشناسي پيوسته,حضوري,ارائه در سطح دانشکده,,گروه آموزشي دروس عمومي(7116399),163 - شيراز(163),163 - شيراز(71163),71 - فارس(71)
92381,تاریخ فرهنگ و تمدن اسلام و ایران,نظري,2,0,1639238116,برادران,چهارشنبه از 07:30 تا 09:15,خسرو مرادی کهواده,,45,,1405/04/18 از 16:30 تا 18:00,هنر و معماری- 1,كارشناسي پيوسته,حضوري,ارائه در سطح دانشکده,,گروه آموزشي دروس عمومي(7116399),163 - شيراز(163),163 - شيراز(71163),71 - فارس(71)
7000035438,علوم و معارف دفاع مقدس و مقاومت,نظري,2,0,163811238,خواهران,شنبه از 16:45 تا 18:30,احسان اله خرمی,,45,,1405/04/14 از 16:30 تا 18:00,مهندسی یک-115,كارشناسي پيوسته,حضوري,ارائه در سطح دانشکده,,گروه آموزشي دروس عمومي(7116399),163 - شيراز(163),163 - شيراز(71163),71 - فارس(71)
7000035438,علوم و معارف دفاع مقدس و مقاومت,نظري,2,0,163811237,برادران,شنبه از 15:00 تا 16:45,احسان اله خرمی,,45,,1405/04/14 از 16:30 تا 18:00,مهندسی یک-115,كارشناسي پيوسته,حضوري,ارائه در سطح دانشکده,,گروه آموزشي دروس عمومي(7116399),163 - شيراز(163),163 - شيراز(71163),71 - فارس(71)
7000035438,علوم و معارف دفاع مقدس و مقاومت,نظري,2,0,163811236,برادران,شنبه از 13:15 تا 15:00,احسان اله خرمی,,45,,1405/04/14 از 16:30 تا 18:00,مهندسی یک-115,كارشناسي پيوسته,حضوري,ارائه در سطح دانشکده,,گروه آموزشي دروس عمومي(7116399),163 - شيراز(163),163 - شيراز(71163),71 - فارس(71)
7000035438,علوم و معارف دفاع مقدس و مقاومت,نظري,2,0,163811235,برادران,شنبه از 13:15 تا 15:00,عبدالرحیم فرج زاده,,50,,1405/04/14 از 16:30 تا 18:00,هنر و معماری- 1,كارشناسي پيوسته,حضوري,ارائه در سطح دانشکده,,گروه آموزشي دروس عمومي(7116399),163 - شيراز(163),163 - شيراز(71163),71 - فارس(71)
7000035438,علوم و معارف دفاع مقدس و مقاومت,نظري,2,0,163811234,برادران,شنبه از 11:00 تا 12:00 شنبه از از ...,عبدالرحیم فرج زاده,,45,,1405/04/14 از 16:30 تا 18:00,هنر و معماری- 1,كارشناسي پيوسته,حضوري,ارائه در سطح دانشکده,,گروه آموزشي دروس عمومي(7116399),163 - شيراز(163),163 - شيراز(71163),71 - فارس(71)
7000035438,علوم و معارف دفاع مقدس و مقاومت,نظري,2,0,163811233,برادران,شنبه از 09:15 تا 11:00,عبدالرحیم فرج زاده,,48,,1405/04/14 از 16:30 تا 18:00,هنر و معماری- 1,كارشناسي پيوسته,حضوري,ارائه در سطح دانشکده,,گروه آموزشي دروس عمومي(7116399),163 - شيراز(163),163 - شيراز(71163),71 - فارس(71)
7000035438,علوم و معارف دفاع مقدس و مقاومت,نظري,2,0,163811232,برادران,شنبه از 07:30 تا 09:15,عبدالرحیم فرج زاده,,45,,1405/04/14 از 16:30 تا 18:00,هنر و معماری- 1,كارشناسي پيوسته,حضوري,ارائه در سطح دانشکده,,گروه آموزشي دروس عمومي(7116399),163 - شيراز(163),163 - شيراز(71163),71 - فارس(71)
99073,اندیشه های امامین انقلاب اسلامی و وصایای حضرت امام خمینی(ره),نظري,1,0,1639907321,خواهران,چهارشنبه از 13:15 تا 15:00,محمدمهدی محمدی,,50,,1405/04/13 از 16:30 تا 18:00,علوم انسانی-5,كارشناسي پيوسته,حضوري,ارائه در سطح دانشکده,,گروه آموزشي دروس عمومي(7116399),163 - شيراز(163),163 - شيراز(71163),71 - فارس(71)
99073,اندیشه های امامین انقلاب اسلامی و وصایای حضرت امام خمینی(ره),نظري,1,0,1639907320,خواهران,چهارشنبه از 11:00 تا 12:00 چهارشنبه از ...,محمدمهدی محمدی,,45,,1405/04/13 از 16:30 تا 18:00,علوم انسانی-5,كارشناسي پيوسته,حضوري,ارائه در سطح دانشکده,,گروه آموزشي دروس عمومي(7116399),163 - شيراز(163),163 - شيراز(71163),71 - فارس(71)
99079,تربیت بدنی,نظري_عملي,0.50,0.50,16,خواهران,يكشنبه از 12:00 تا 13:30,عظما صفری,,20,,1405/03/09 از 08:00 تا 10:00,163 - شيراز- ورزشی توانا سالن الف,كارشناسي پيوسته,حضوري,ارائه در سطح دانشکده,,گروه آموزشي دروس عمومي(7116399),163 - شيراز(163),163 - شيراز(71163),71 - فارس(71)
99079,تربیت بدنی,نظري_عملي,0.50,0.50,15,خواهران,يكشنبه از 10:30 تا 12:00,عظما صفری,,20,,1405/03/09 از 08:00 تا 10:00,163 - شيراز- ورزشی توانا سالن الف,كارشناسي پيوسته,حضوري,ارائه در سطح دانشکده,,گروه آموزشي دروس عمومي(7116399),163 - شيراز(163),163 - شيراز(71163),71 - فارس(71)
99079,تربیت بدنی,نظري_عملي,0.50,0.50,13,خواهران,يكشنبه از 09:00 تا 10:30,عظما صفری,,20,,1405/03/09 از 08:00 تا 10:00,163 - شيراز- ورزشی توانا سالن الف,كارشناسي پيوسته,حضوري,ارائه در سطح دانشکده,,گروه آموزشي دروس عمومي(7116399),163 - شيراز(163),163 - شيراز(71163),71 - فارس(71)
99079,تربیت بدنی,نظري_عملي,0.50,0.50,14,خواهران,يكشنبه از 07:30 تا 09:00,عظما صفری,,20,,1405/03/09 از 08:00 تا 10:00,163 - شيراز- ورزشی توانا سالن الف,كارشناسي پيوسته,حضوري,ارائه در سطح دانشکده,,گروه آموزشي دروس عمومي(7116399),163 - شيراز(163),163 - شيراز(71163),71 - فارس(71)
99083,انس با قرآن کریم,نظري,1,0,163811071,,چهارشنبه از 13:15 تا 15:00,عبدالرضا شامس,,30,,1405/04/06 از 16:30 تا 18:00,علوم انسانی-106,كارشناسي پيوسته,حضوري,ارائه در سطح دانشکده,,گروه آموزشي دروس عمومي(7116399),163 - شيراز(163),163 - شيراز(71163),71 - فارس(71)
99083,انس با قرآن کریم,نظري,1,0,163811070,,چهارشنبه از 11:00 تا 12:00 چهارشنبه از ...,عبدالرضا شامس,,30,,1405/04/06 از 16:30 تا 18:00,علوم انسانی-106,كارشناسي پيوسته,حضوري,ارائه در سطح دانشکده,,گروه آموزشي دروس عمومي(7116399),163 - شيراز(163),163 - شيراز(71163),71 - فارس(71)
99083,انس با قرآن کریم,نظري,1,0,163811069,,چهارشنبه از 09:15 تا 11:00,عبدالرضا شامس,,30,,1405/04/06 از 16:30 تا 18:00,علوم انسانی-106,كارشناسي پيوسته,حضوري,ارائه در سطح دانشکده,,گروه آموزشي دروس عمومي(7116399),163 - شيراز(163),163 - شيراز(71163),71 - فارس(71)
99083,انس با قرآن کریم,نظري,1,0,163811068,,چهارشنبه از 07:30 تا 09:15,عبدالرضا شامس,,30,,1405/04/06 از 16:30 تا 18:00,علوم انسانی-106,كارشناسي پيوسته,حضوري,ارائه در سطح دانشکده,,گروه آموزشي دروس عمومي(7116399),163 - شيراز(163),163 - شيراز(71163),71 - فارس(71)
99083,انس با قرآن کریم,نظري,1,0,163811067,,يكشنبه از 16:45 تا 18:30,فرزانه مسعودی,,30,,1405/04/06 از 16:30 تا 18:00,علوم انسانی-106,كارشناسي پيوسته,حضوري,ارائه در سطح دانشکده,,گروه آموزشي دروس عمومي(7116399),163 - شيراز(163),163 - شيراز(71163),71 - فارس(71)
99083,انس با قرآن کریم,نظري,1,0,163811066,,يكشنبه از 15:00 تا 16:45,فرزانه مسعودی,,30,,1405/04/06 از 16:30 تا 18:00,علوم انسانی-106,كارشناسي پيوسته,حضوري,ارائه در سطح دانشکده,,گروه آموزشي دروس عمومي(7116399),163 - شيراز(163),163 - شيراز(71163),71 - فارس(71)
99083,انس با قرآن کریم,نظري,1,0,163811065,,يكشنبه از 13:15 تا 15:00,فرزانه مسعودی,,30,,1405/04/06 از 16:30 تا 18:00,علوم انسانی-106,كارشناسي پيوسته,حضوري,ارائه در سطح دانشکده,,گروه آموزشي دروس عمومي(7116399),163 - شيراز(163),163 - شيراز(71163),71 - فارس(71)
99083,انس با قرآن کریم,نظري,1,0,163811064,,سه شنبه از 16:45 تا 18:30,سیدمحمدحسین معزی,,30,,1405/04/06 از 16:30 تا 18:00,علوم انسانی-106,كارشناسي پيوسته,حضوري,ارائه در سطح دانشکده,,گروه آموزشي دروس عمومي(7116399),163 - شيراز(163),163 - شيراز(71163),71 - فارس(71)
99083,انس با قرآن کریم,نظري,1,0,163811063,,سه شنبه از 15:00 تا 16:45,سیدمحمدحسین معزی,,30,,1405/04/06 از 16:30 تا 18:00,علوم انسانی-106,كارشناسي پيوسته,حضوري,ارائه در سطح دانشکده,,گروه آموزشي دروس عمومي(7116399),163 - شيراز(163),163 - شيراز(71163),71 - فارس(71)
99083,انس با قرآن کریم,نظري,1,0,163811062,,دوشنبه از 16:45 تا 18:30,محمدحسين نجابت,,30,,1405/04/06 از 16:30 تا 18:00,علوم انسانی-106,كارشناسي پيوسته,حضوري,ارائه در سطح دانشکده,,گروه آموزشي دروس عمومي(7116399),163 - شيراز(163),163 - شيراز(71163),71 - فارس(71)
99083,انس با قرآن کریم,نظري,1,0,163811061,,دوشنبه از 15:00 تا 16:45,محمدحسين نجابت,,30,,1405/04/06 از 16:30 تا 18:00,علوم انسانی-106,كارشناسي پيوسته,حضوري,ارائه در سطح دانشکده,,گروه آموزشي دروس عمومي(7116399),163 - شيراز(163),163 - شيراز(71163),71 - فارس(71)
99083,انس با قرآن کریم,نظري,1,0,163811060,,پنج شنبه از 16:45 تا 18:30,محمدحسين نجابت,,30,,1405/04/06 از 16:30 تا 18:00,علوم انسانی-106,كارشناسي ارشد ناپيوسته,حضوري,ارائه در سطح دانشکده,,گروه آموزشي دروس عمومي(7116399),163 - شيراز(163),163 - شيراز(71163),71 - فارس(71)
99083,انس با قرآن کریم,نظري,1,0,163811059,,پنج شنبه از 15:00 تا 16:45,محمدحسين نجابت,,30,,1405/04/06 از 16:30 تا 18:00,علوم انسانی-106,كارشناسي ارشد ناپيوسته,حضوري,ارائه در سطح دانشکده,,گروه آموزشي دروس عمومي(7116399),163 - شيراز(163),163 - شيراز(71163),71 - فارس(71)
99083,انس با قرآن کریم,نظري,1,0,163811058,,پنج شنبه از 13:15 تا 15:00,محمدحسين نجابت,,30,,1405/04/06 از 16:30 تا 18:00,علوم انسانی-106,كارشناسي ارشد ناپيوسته,حضوري,ارائه در سطح دانشکده,,گروه آموزشي دروس عمومي(7116399),163 - شيراز(163),163 - شيراز(71163),71 - فارس(71)
99083,انس با قرآن کریم,نظري,1,0,163811057,,پنج شنبه از 11:00 تا 12:00 پنج شنبه از ...,محمدحسين نجابت,,30,,1405/04/06 از 16:30 تا 18:00,علوم انسانی-106,كارشناسي ارشد ناپيوسته,حضوري,ارائه در سطح دانشکده,,گروه آموزشي دروس عمومي(7116399),163 - شيراز(163),163 - شيراز(71163),71 - فارس(71)
99083,انس با قرآن کریم,نظري,1,0,163811056,,پنج شنبه از 09:15 تا 11:00,محمدحسين نجابت,,30,,1405/04/06 از 16:30 تا 18:00,علوم انسانی-106,كارشناسي ارشد ناپيوسته,حضوري,ارائه در سطح دانشکده,,گروه آموزشي دروس عمومي(7116399),163 - شيراز(163),163 - شيراز(71163),71 - فارس(71)
99083,انس با قرآن کریم,نظري,1,0,163811055,,پنج شنبه از 07:30 تا 09:15,محمدحسين نجابت,,30,,1405/04/06 از 16:30 تا 18:00,علوم انسانی-106,كارشناسي ارشد ناپيوسته,حضوري,ارائه در سطح دانشکده,,گروه آموزشي دروس عمومي(7116399),163 - شيراز(163),163 - شيراز(71163),71 - فارس(71)
99083,انس با قرآن کریم,نظري,1,0,163811054,,شنبه از 13:15 تا 15:00,علی اصغر متحدزاده,,30,,1405/04/06 از 16:30 تا 18:00,علوم انسانی-106,كارشناسي پيوسته,حضوري,ارائه در سطح دانشکده,,گروه آموزشي دروس عمومي(7116399),163 - شيراز(163),163 - شيراز(71163),71 - فارس(71)
99083,انس با قرآن کریم,نظري,1,0,163811053,,شنبه از 11:00 تا 12:00 شنبه از از ...,علی اصغر متحدزاده,,30,,1405/04/06 از 16:30 تا 18:00,علوم انسانی-106,كارشناسي پيوسته,حضوري,ارائه در سطح دانشکده,,گروه آموزشي دروس عمومي(7116399),163 - شيراز(163),163 - شيراز(71163),71 - فارس(71)
99083,انس با قرآن کریم,نظري,1,0,163811052,,شنبه از 09:15 تا 11:00,علی اصغر متحدزاده,,30,,1405/04/06 از 16:30 تا 18:00,علوم انسانی-106,كارشناسي پيوسته,حضوري,ارائه در سطح دانشکده,,گروه آموزشي دروس عمومي(7116399),163 - شيراز(163),163 - شيراز(71163),71 - فارس(71)
99083,انس با قرآن کریم,نظري,1,0,163811051,,شنبه از 07:30 تا 09:15,علی اصغر متحدزاده,,30,,1405/04/06 از 16:30 تا 18:00,علوم انسانی-106,كارشناسي پيوسته,حضوري,ارائه در سطح دانشکده,,گروه آموزشي دروس عمومي(7116399),163 - شيراز(163),163 - شيراز(71163),71 - فارس(71)
99079,تربیت بدنی,نظري_عملي,0.50,0.50,12,برادران,شنبه از 18:00 تا 19:30,فیروز حسینی پور,,20,,1405/03/09 از 08:00 تا 10:00,163 - شيراز-ورزشی پیروانی سالن الف,كارشناسي پيوسته,حضوري,ارائه در سطح دانشکده,,گروه آموزشي دروس عمومي(7116399),163 - شيراز(163),163 - شيراز(71163),71 - فارس(71)
99079,تربیت بدنی,نظري_عملي,0.50,0.50,11,برادران,شنبه از 16:30 تا 18:00,فیروز حسینی پور,,20,,1405/03/09 از 08:00 تا 10:00,163 - شيراز-ورزشی پیروانی سالن الف,كارشناسي پيوسته,حضوري,ارائه در سطح دانشکده,,گروه آموزشي دروس عمومي(7116399),163 - شيراز(163),163 - شيراز(71163),71 - فارس(71)
99079,تربیت بدنی,نظري_عملي,0.50,0.50,10,برادران,شنبه از 15:00 تا 16:30,فیروز حسینی پور,,20,,1405/03/09 از 08:00 تا 10:00,163 - شيراز-ورزشی پیروانی سالن الف,كارشناسي پيوسته,حضوري,ارائه در سطح دانشکده,,گروه آموزشي دروس عمومي(7116399),163 - شيراز(163),163 - شيراز(71163),71 - فارس(71)
99079,تربیت بدنی,نظري_عملي,0.50,0.50,09,برادران,شنبه از 13:30 تا 15:00,فیروز حسینی پور,,20,,1405/03/09 از 08:00 تا 10:00,163 - شيراز-ورزشی پیروانی سالن الف,كارشناسي پيوسته,حضوري,ارائه در سطح دانشکده,,گروه آموزشي دروس عمومي(7116399),163 - شيراز(163),163 - شيراز(71163),71 - فارس(71)
99079,تربیت بدنی,نظري_عملي,0.50,0.50,08,برادران,شنبه از 18:00 تا 19:30,عباس غلامپور,,20,,1405/03/09 از 08:00 تا 10:00,163 - شيراز- ورزشی توانا سالن الف,كارشناسي پيوسته,حضوري,ارائه در سطح دانشکده,,گروه آموزشي دروس عمومي(7116399),163 - شيراز(163),163 - شيراز(71163),71 - فارس(71)
99079,تربیت بدنی,نظري_عملي,0.50,0.50,07,برادران,شنبه از 16:30 تا 18:00,عباس غلامپور,,20,,1405/03/09 از 08:00 تا 10:00,163 - شيراز- ورزشی توانا سالن الف,كارشناسي پيوسته,حضوري,ارائه در سطح دانشکده,,گروه آموزشي دروس عمومي(7116399),163 - شيراز(163),163 - شيراز(71163),71 - فارس(71)
99079,تربیت بدنی,نظري_عملي,0.50,0.50,06,برادران,شنبه از 15:00 تا 16:30,عباس غلامپور,,20,,1405/03/09 از 08:00 تا 10:00,163 - شيراز- ورزشی توانا سالن الف,كارشناسي پيوسته,حضوري,ارائه در سطح دانشکده,,گروه آموزشي دروس عمومي(7116399),163 - شيراز(163),163 - شيراز(71163),71 - فارس(71)
99079,تربیت بدنی,نظري_عملي,0.50,0.50,05,برادران,شنبه از 13:30 تا 15:00,عباس غلامپور,,20,,1405/03/09 از 08:00 تا 10:00,163 - شيراز- ورزشی توانا سالن الف,كارشناسي پيوسته,حضوري,ارائه در سطح دانشکده,,گروه آموزشي دروس عمومي(7116399),163 - شيراز(163),163 - شيراز(71163),71 - فارس(71)
99079,تربیت بدنی,نظري_عملي,0.50,0.50,04,خواهران,شنبه از 12:00 تا 13:30,معصومه بگياسا,,50,,1405/03/09 از 08:00 تا 10:00,163 - شيراز- ورزشی توانا سالن الف,كارشناسي پيوسته,حضوري,ارائه در سطح دانشکده,,گروه آموزشي دروس عمومي(7116399),163 - شيراز(163),163 - شيراز(71163),71 - فارس(71)
99079,تربیت بدنی,نظري_عملي,0.50,0.50,03,خواهران,شنبه از 10:30 تا 12:00,معصومه بگياسا,,50,,1405/03/09 از 08:00 تا 10:00,163 - شيراز- ورزشی توانا سالن الف,كارشناسي پيوسته,حضوري,ارائه در سطح دانشکده,,گروه آموزشي دروس عمومي(7116399),163 - شيراز(163),163 - شيراز(71163),71 - فارس(71)
99079,تربیت بدنی,نظري_عملي,0.50,0.50,02,خواهران,شنبه از 09:00 تا 10:30,معصومه بگياسا,,20,,1405/03/09 از 08:00 تا 10:00,163 - شيراز- ورزشی توانا سالن الف,كارشناسي پيوسته,حضوري,ارائه در سطح دانشکده,,گروه آموزشي دروس عمومي(7116399),163 - شيراز(163),163 - شيراز(71163),71 - فارس(71)
99079,تربیت بدنی,نظري_عملي,0.50,0.50,01,خواهران,شنبه از 07:30 تا 09:00,معصومه بگياسا,,20,,1405/03/09 از 08:00 تا 10:00,163 - شيراز- ورزشی توانا سالن الف,كارشناسي پيوسته,حضوري,ارائه در سطح دانشکده,,گروه آموزشي دروس عمومي(7116399),163 - شيراز(163),163 - شيراز(71163),71 - فارس(71)
99083,انس با قرآن کریم,نظري,1,0,163811050,مجازی ویژه دکترا,جمعه از 10:00 تا 11:45,الهام قطعی,,30,,1405/04/06 از 16:30 تا 18:00,,دكتري تخصصي,حضوري,ارائه در سطح دانشکده,,گروه آموزشي دروس عمومي(7116399),163 - شيراز(163),163 - شيراز(71163),71 - فارس(71)
99083,انس با قرآن کریم,نظري,1,0,163811049,,پنج شنبه از 11:00 تا 12:00 پنج شنبه از ...,فرزانه مسعودی,,30,,1405/04/06 از 16:30 تا 18:00,,كارشناسي پيوسته,حضوري,ارائه در سطح دانشکده,,گروه آموزشي دروس عمومي(7116399),163 - شيراز(163),163 - شيراز(71163),71 - فارس(71)
99083,انس با قرآن کریم,نظري,1,0,163811048,,پنج شنبه از 09:15 تا 11:00,فرزانه مسعودی,,30,,1405/04/06 از 16:30 تا 18:00,,كارشناسي پيوسته,حضوري,ارائه در سطح دانشکده,,گروه آموزشي دروس عمومي(7116399),163 - شيراز(163),163 - شيراز(71163),71 - فارس(71)
99083,انس با قرآن کریم,نظري,1,0,163811047,,پنج شنبه از 07:30 تا 09:15,فرزانه مسعودی,,30,,1405/04/06 از 16:30 تا 18:00,,كارشناسي ارشد ناپيوسته,حضوري,ارائه در سطح دانشکده,,گروه آموزشي دروس عمومي(7116399),163 - شيراز(163),163 - شيراز(71163),71 - فارس(71)
99073,اندیشه های امامین انقلاب اسلامی و وصایای حضرت امام خمینی(ره),نظري,1,0,1639907351,خواهران,دوشنبه از 09:15 تا 11:00,ندا رستگاران,,45,,1405/04/13 از 16:30 تا 18:00,مهندسی دو-20,كارشناسي پيوسته,حضوري,ارائه در سطح دانشکده,,گروه آموزشي دروس عمومي(7116399),163 - شيراز(163),163 - شيراز(71163),71 - فارس(71)
99073,اندیشه های امامین انقلاب اسلامی و وصایای حضرت امام خمینی(ره),نظري,1,0,1639907350,خواهران- ترم آخری,دوشنبه از 07:30 تا 09:15,ندا رستگاران,,0,,1405/04/13 از 16:30 تا 18:00,مهندسی دو-20,كارشناسي پيوسته,حضوري,ارائه در سطح دانشکده,,گروه آموزشي دروس عمومي(7116399),163 - شيراز(163),163 - شيراز(71163),71 - فارس(71)
7000035438,علوم و معارف دفاع مقدس و مقاومت,نظري,2,0,163811239,برادران,دوشنبه از 16:45 تا 18:30,محمد آزاد,,45,,1405/04/14 از 16:30 تا 18:00,مهندسی دو-109,كارشناسي پيوسته,حضوري,ارائه در سطح دانشکده,,گروه آموزشي دروس عمومي(7116399),163 - شيراز(163),163 - شيراز(71163),71 - فارس(71)
99041,تاریخ تحلیلی صدر اسلام‌,نظري,2,0,1639904132,برادران,چهارشنبه از 11:00 تا 12:00 چهارشنبه از ...,عبدالعلی تجرد,,45,,1405/04/11 از 16:30 تا 18:00,مهندسی دو-109,كارشناسي پيوسته,حضوري,ارائه در سطح دانشکده,,گروه آموزشي دروس عمومي(7116399),163 - شيراز(163),163 - شيراز(71163),71 - فارس(71)
99041,تاریخ تحلیلی صدر اسلام‌,نظري,2,0,1639904131,خواهران,چهارشنبه از 09:15 تا 11:00,عبدالعلی تجرد,,45,,1405/04/11 از 16:30 تا 18:00,مهندسی دو-109,كارشناسي پيوسته,حضوري,ارائه در سطح دانشکده,,گروه آموزشي دروس عمومي(7116399),163 - شيراز(163),163 - شيراز(71163),71 - فارس(71)
99083,انس با قرآن کریم,نظري,1,0,163811046,,پنج شنبه از 13:15 تا 15:00,الهام قطعی,,30,,1405/04/06 از 16:30 تا 18:00,علوم انسانی-317,كارشناسي پيوسته,حضوري,ارائه در سطح دانشکده,,گروه آموزشي دروس عمومي(7116399),163 - شيراز(163),163 - شيراز(71163),71 - فارس(71)
99041,تاریخ تحلیلی صدر اسلام‌,نظري,2,0,1639904130,برادران,چهارشنبه از 07:30 تا 09:15,عبدالعلی تجرد,,45,,1405/04/11 از 16:30 تا 18:00,مهندسی دو-109,كارشناسي پيوسته,حضوري,ارائه در سطح دانشکده,,گروه آموزشي دروس عمومي(7116399),163 - شيراز(163),163 - شيراز(71163),71 - فارس(71)
99083,انس با قرآن کریم,نظري,1,0,163811045,,پنج شنبه از 11:00 تا 12:00 پنج شنبه از ...,الهام قطعی,,30,,1405/04/06 از 16:30 تا 18:00,علوم انسانی-317,كارشناسي پيوسته,حضوري,ارائه در سطح دانشکده,,گروه آموزشي دروس عمومي(7116399),163 - شيراز(163),163 - شيراز(71163),71 - فارس(71)
99083,انس با قرآن کریم,نظري,1,0,163811044,,پنج شنبه از 09:15 تا 11:00,الهام قطعی,,30,,1405/04/06 از 16:30 تا 18:00,علوم انسانی-317,كارشناسي پيوسته,حضوري,ارائه در سطح دانشکده,,گروه آموزشي دروس عمومي(7116399),163 - شيراز(163),163 - شيراز(71163),71 - فارس(71)
99083,انس با قرآن کریم,نظري,1,0,163811043,,پنج شنبه از 07:30 تا 09:15,الهام قطعی,,30,,1405/04/06 از 16:30 تا 18:00,علوم انسانی-317,كارشناسي پيوسته,حضوري,ارائه در سطح دانشکده,,گروه آموزشي دروس عمومي(7116399),163 - شيراز(163),163 - شيراز(71163),71 - فارس(71)
92381,تاریخ فرهنگ و تمدن اسلام و ایران,نظري,2,0,1639238126,برادران- ترم آخری,دوشنبه از 16:45 تا 18:30,عبدالعلی تجرد,,0,,1405/04/18 از 16:30 تا 18:00,مهندسی یک-115,كارشناسي پيوسته,حضوري,ارائه در سطح دانشکده,,گروه آموزشي دروس عمومي(7116399),163 - شيراز(163),163 - شيراز(71163),71 - فارس(71)
99083,انس با قرآن کریم,نظري,1,0,163811042,,سه شنبه از 16:45 تا 18:30,فاطمه علی زاده,,30,,1405/04/06 از 16:30 تا 18:00,علوم انسانی-317,كارشناسي پيوسته,حضوري,ارائه در سطح دانشکده,,گروه آموزشي دروس عمومي(7116399),163 - شيراز(163),163 - شيراز(71163),71 - فارس(71)
99083,انس با قرآن کریم,نظري,1,0,163811041,,سه شنبه از 15:00 تا 16:45,فاطمه علی زاده,,30,,1405/04/06 از 16:30 تا 18:00,علوم انسانی-317,كارشناسي پيوسته,حضوري,ارائه در سطح دانشکده,,گروه آموزشي دروس عمومي(7116399),163 - شيراز(163),163 - شيراز(71163),71 - فارس(71)
92381,تاریخ فرهنگ و تمدن اسلام و ایران,نظري,2,0,1639238125,خواهران,دوشنبه از 15:00 تا 16:45,عبدالعلی تجرد,,45,,1405/04/18 از 16:30 تا 18:00,مهندسی یک-115,كارشناسي پيوسته,حضوري,ارائه در سطح دانشکده,,گروه آموزشي دروس عمومي(7116399),163 - شيراز(163),163 - شيراز(71163),71 - فارس(71)
99083,انس با قرآن کریم,نظري,1,0,163811040,,سه شنبه از 13:15 تا 15:00,فاطمه علی زاده,,30,,1405/04/06 از 16:30 تا 18:00,علوم انسانی-317,كارشناسي پيوسته,حضوري,ارائه در سطح دانشکده,,گروه آموزشي دروس عمومي(7116399),163 - شيراز(163),163 - شيراز(71163),71 - فارس(71)
92381,تاریخ فرهنگ و تمدن اسلام و ایران,نظري,2,0,1639238124,برادران,دوشنبه از 13:15 تا 15:00,عبدالعلی تجرد,,45,,1405/04/18 از 16:30 تا 18:00,مهندسی یک-115,كارشناسي پيوسته,حضوري,ارائه در سطح دانشکده,,گروه آموزشي دروس عمومي(7116399),163 - شيراز(163),163 - شيراز(71163),71 - فارس(71)
99083,انس با قرآن کریم,نظري,1,0,163811039,,دوشنبه از 16:45 تا 18:30,فاطمه علی زاده,,30,,1405/04/06 از 16:30 تا 18:00,علوم انسانی-317,كارشناسي پيوسته,حضوري,ارائه در سطح دانشکده,,گروه آموزشي دروس عمومي(7116399),163 - شيراز(163),163 - شيراز(71163),71 - فارس(71)
92381,تاریخ فرهنگ و تمدن اسلام و ایران,نظري,2,0,1639238123,برادران,سه شنبه از 11:00 تا 12:00 سه شنبه از ...,عبدالعلی تجرد,,45,,1405/04/18 از 16:30 تا 18:00,مهندسی یک-115,كارشناسي پيوسته,حضوري,ارائه در سطح دانشکده,,گروه آموزشي دروس عمومي(7116399),163 - شيراز(163),163 - شيراز(71163),71 - فارس(71)
99083,انس با قرآن کریم,نظري,1,0,163811038,,دوشنبه از 15:00 تا 16:45,فاطمه علی زاده,,30,,1405/04/06 از 16:30 تا 18:00,علوم انسانی-317,كارشناسي پيوسته,حضوري,ارائه در سطح دانشکده,,گروه آموزشي دروس عمومي(7116399),163 - شيراز(163),163 - شيراز(71163),71 - فارس(71)
99083,انس با قرآن کریم,نظري,1,0,163811037,,دوشنبه از 13:15 تا 15:00,فاطمه علی زاده,,30,,1405/04/06 از 16:30 تا 18:00,علوم انسانی-317,كارشناسي پيوسته,حضوري,ارائه در سطح دانشکده,,گروه آموزشي دروس عمومي(7116399),163 - شيراز(163),163 - شيراز(71163),71 - فارس(71)
92381,تاریخ فرهنگ و تمدن اسلام و ایران,نظري,2,0,1639238122,برادران,سه شنبه از 09:15 تا 11:00,عبدالعلی تجرد,,45,,1405/04/18 از 16:30 تا 18:00,مهندسی یک-115,كارشناسي پيوسته,حضوري,ارائه در سطح دانشکده,,گروه آموزشي دروس عمومي(7116399),163 - شيراز(163),163 - شيراز(71163),71 - فارس(71)
92381,تاریخ فرهنگ و تمدن اسلام و ایران,نظري,2,0,1639238121,برادران,سه شنبه از 07:30 تا 09:15,عبدالعلی تجرد,,45,,1405/04/18 از 16:30 تا 18:00,مهندسی یک-115,كارشناسي پيوسته,حضوري,ارائه در سطح دانشکده,,گروه آموزشي دروس عمومي(7116399),163 - شيراز(163),163 - شيراز(71163),71 - فارس(71)
99073,اندیشه های امامین انقلاب اسلامی و وصایای حضرت امام خمینی(ره),نظري,1,0,1639907349,برادران,پنج شنبه از 16:45 تا 18:30,مهدی خدارحیمی بوگر,,45,,1405/04/13 از 16:30 تا 18:00,مهندسی یک-115,كارشناسي پيوسته,حضوري,ارائه در سطح دانشکده,,گروه آموزشي دروس عمومي(7116399),163 - شيراز(163),163 - شيراز(71163),71 - فارس(71)
99073,اندیشه های امامین انقلاب اسلامی و وصایای حضرت امام خمینی(ره),نظري,1,0,1639907348,خواهران,پنج شنبه از 15:00 تا 16:45,مهدی خدارحیمی بوگر,,50,,1405/04/13 از 16:30 تا 18:00,مهندسی یک-115,كارشناسي پيوسته,حضوري,ارائه در سطح دانشکده,,گروه آموزشي دروس عمومي(7116399),163 - شيراز(163),163 - شيراز(71163),71 - فارس(71)
99073,اندیشه های امامین انقلاب اسلامی و وصایای حضرت امام خمینی(ره),نظري,1,0,1639907347,خواهران,پنج شنبه از 13:15 تا 15:00,مهدی خدارحیمی بوگر,,45,,1405/04/13 از 16:30 تا 18:00,مهندسی یک-115,كارشناسي پيوسته,حضوري,ارائه در سطح دانشکده,,گروه آموزشي دروس عمومي(7116399),163 - شيراز(163),163 - شيراز(71163),71 - فارس(71)
90313,تفسیر موضوعی نهج‌البلاغه,نظري,2,0,1639031313,خواهران,چهارشنبه از 13:15 تا 15:00,محمدعلی کوثری,,45,,1405/03/26 از 16:30 تا 18:00,مهندسی یک-115,كارشناسي پيوسته,حضوري,ارائه در سطح دانشکده,,گروه آموزشي دروس عمومي(7116399),163 - شيراز(163),163 - شيراز(71163),71 - فارس(71)
90313,تفسیر موضوعی نهج‌البلاغه,نظري,2,0,1639031312,برادران,چهارشنبه از 11:00 تا 12:00 چهارشنبه از ...,محمدعلی کوثری,,45,,1405/03/26 از 16:30 تا 18:00,مهندسی یک-115,كارشناسي پيوسته,حضوري,ارائه در سطح دانشکده,,گروه آموزشي دروس عمومي(7116399),163 - شيراز(163),163 - شيراز(71163),71 - فارس(71)
99083,انس با قرآن کریم,نظري,1,0,163811036,,يكشنبه از 16:45 تا 18:30,فاطمه علی زاده,,30,,1405/04/06 از 16:30 تا 18:00,علوم انسانی-317,كارشناسي پيوسته,حضوري,ارائه در سطح دانشکده,,گروه آموزشي دروس عمومي(7116399),163 - شيراز(163),163 - شيراز(71163),71 - فارس(71)
90313,تفسیر موضوعی نهج‌البلاغه,نظري,2,0,1639031311,خواهران,چهارشنبه از 09:15 تا 11:00,محمدعلی کوثری,,45,,1405/03/26 از 16:30 تا 18:00,مهندسی یک-115,كارشناسي پيوسته,حضوري,ارائه در سطح دانشکده,,گروه آموزشي دروس عمومي(7116399),163 - شيراز(163),163 - شيراز(71163),71 - فارس(71)
90313,تفسیر موضوعی نهج‌البلاغه,نظري,2,0,1639031310,برادران,چهارشنبه از 07:30 تا 09:15,محمدعلی کوثری,,45,,1405/03/26 از 16:30 تا 18:00,مهندسی یک-115,كارشناسي پيوسته,حضوري,ارائه در سطح دانشکده,,گروه آموزشي دروس عمومي(7116399),163 - شيراز(163),163 - شيراز(71163),71 - فارس(71)
99083,انس با قرآن کریم,نظري,1,0,163811035,,يكشنبه از 15:00 تا 16:45,فاطمه علی زاده,,30,,1405/04/06 از 16:30 تا 18:00,علوم انسانی-317,كارشناسي پيوسته,حضوري,ارائه در سطح دانشکده,,گروه آموزشي دروس عمومي(7116399),163 - شيراز(163),163 - شيراز(71163),71 - فارس(71)
99073,اندیشه های امامین انقلاب اسلامی و وصایای حضرت امام خمینی(ره),نظري,1,0,1639907352,برادران,شنبه از 16:45 تا 18:30,مهدی خدارحیمی بوگر,,45,,1405/04/13 از 16:30 تا 18:00,مهندسی یک-217,كارشناسي پيوسته,حضوري,ارائه در سطح دانشکده,,گروه آموزشي دروس عمومي(7116399),163 - شيراز(163),163 - شيراز(71163),71 - فارس(71)
99083,انس با قرآن کریم,نظري,1,0,163811034,,يكشنبه از 13:15 تا 15:00,فاطمه علی زاده,,30,,1405/04/06 از 16:30 تا 18:00,علوم انسانی-317,كارشناسي پيوسته,حضوري,ارائه در سطح دانشکده,,گروه آموزشي دروس عمومي(7116399),163 - شيراز(163),163 - شيراز(71163),71 - فارس(71)
99073,اندیشه های امامین انقلاب اسلامی و وصایای حضرت امام خمینی(ره),نظري,1,0,1639907345,برادران,سه شنبه از 16:45 تا 18:30,مهدی خدارحیمی بوگر,,45,,1405/04/13 از 16:30 تا 18:00,اقتصاد ومدیریت-005,كارشناسي پيوسته,حضوري,ارائه در سطح دانشکده,,گروه آموزشي دروس عمومي(7116399),163 - شيراز(163),163 - شيراز(71163),71 - فارس(71)
99073,اندیشه های امامین انقلاب اسلامی و وصایای حضرت امام خمینی(ره),نظري,1,0,1639907338,خواهران,پنج شنبه از 16:45 تا 18:30,ژيلا عباسي,,50,,1405/04/13 از 16:30 تا 18:00,مهندسی یک-217,كارشناسي پيوسته,حضوري,ارائه در سطح دانشکده,,گروه آموزشي دروس عمومي(7116399),163 - شيراز(163),163 - شيراز(71163),71 - فارس(71)
99073,اندیشه های امامین انقلاب اسلامی و وصایای حضرت امام خمینی(ره),نظري,1,0,1639907337,خواهران,پنج شنبه از 15:00 تا 16:45,ژيلا عباسي,,45,,1405/04/13 از 16:30 تا 18:00,مهندسی یک-217,كارشناسي پيوسته,حضوري,ارائه در سطح دانشکده,,گروه آموزشي دروس عمومي(7116399),163 - شيراز(163),163 - شيراز(71163),71 - فارس(71)
99073,اندیشه های امامین انقلاب اسلامی و وصایای حضرت امام خمینی(ره),نظري,1,0,1639907336,خواهران,پنج شنبه از 13:15 تا 15:00,ژيلا عباسي,,45,,1405/04/13 از 16:30 تا 18:00,مهندسی یک-217,كارشناسي پيوسته,حضوري,ارائه در سطح دانشکده,,گروه آموزشي دروس عمومي(7116399),163 - شيراز(163),163 - شيراز(71163),71 - فارس(71)
99073,اندیشه های امامین انقلاب اسلامی و وصایای حضرت امام خمینی(ره),نظري,1,0,1639907335,خواهران,پنج شنبه از 11:00 تا 12:00 پنج شنبه از ...,ژيلا عباسي,,45,,1405/04/13 از 16:30 تا 18:00,مهندسی یک-217,كارشناسي پيوسته,حضوري,ارائه در سطح دانشکده,,گروه آموزشي دروس عمومي(7116399),163 - شيراز(163),163 - شيراز(71163),71 - فارس(71)
98961,اخلاق اسلامی (مبانی و مفاهیم),نظري,2,0,1639896131,خواهران,دوشنبه از 13:15 تا 15:00,محمدعلی کوثری,,49,,1405/04/15 از 16:30 تا 18:00,مهندسی یک-217,كارشناسي پيوسته,حضوري,ارائه در سطح دانشکده,,گروه آموزشي دروس عمومي(7116399),163 - شيراز(163),163 - شيراز(71163),71 - فارس(71)
98961,اخلاق اسلامی (مبانی و مفاهیم),نظري,2,0,1639896129,برادران,دوشنبه از 11:00 تا 12:00 دوشنبه از از ...,محمدعلی کوثری,,49,,1405/04/15 از 16:30 تا 18:00,مهندسی یک-217,كارشناسي پيوسته,حضوري,ارائه در سطح دانشکده,,گروه آموزشي دروس عمومي(7116399),163 - شيراز(163),163 - شيراز(71163),71 - فارس(71)
98961,اخلاق اسلامی (مبانی و مفاهیم),نظري,2,0,1639896130,خواهران,دوشنبه از 09:15 تا 11:00,محمدعلی کوثری,,49,,1405/04/15 از 16:30 تا 18:00,مهندسی یک-217,كارشناسي پيوسته,حضوري,ارائه در سطح دانشکده,,گروه آموزشي دروس عمومي(7116399),163 - شيراز(163),163 - شيراز(71163),71 - فارس(71)
90128,دانش خانواده و جمعیت,نظري,2,0,1639012825,برادران,يكشنبه از 13:15 تا 15:00,فرخ حبیبی مهکویه,,45,,1405/04/17 از 16:30 تا 18:00,مهندسی یک-217,كارشناسي پيوسته,حضوري,ارائه در سطح دانشکده,,گروه آموزشي دروس عمومي(7116399),163 - شيراز(163),163 - شيراز(71163),71 - فارس(71)
90128,دانش خانواده و جمعیت,نظري,2,0,1639012824,برادران,يكشنبه از 11:00 تا 12:00 يكشنبه از از ...,فرخ حبیبی مهکویه,,45,,1405/04/17 از 16:30 تا 18:00,مهندسی یک-217,كارشناسي پيوسته,حضوري,ارائه در سطح دانشکده,,گروه آموزشي دروس عمومي(7116399),163 - شيراز(163),163 - شيراز(71163),71 - فارس(71)
90128,دانش خانواده و جمعیت,نظري,2,0,1639012823,برادران,يكشنبه از 09:15 تا 11:00,فرخ حبیبی مهکویه,,45,,1405/04/17 از 16:30 تا 18:00,مهندسی یک-217,كارشناسي پيوسته,حضوري,ارائه در سطح دانشکده,,گروه آموزشي دروس عمومي(7116399),163 - شيراز(163),163 - شيراز(71163),71 - فارس(71)
90128,دانش خانواده و جمعیت,نظري,2,0,1639012822,برادران,يكشنبه از 07:30 تا 09:15,فرخ حبیبی مهکویه,,45,,1405/04/17 از 16:30 تا 18:00,مهندسی یک-217,كارشناسي پيوسته,حضوري,ارائه در سطح دانشکده,,گروه آموزشي دروس عمومي(7116399),163 - شيراز(163),163 - شيراز(71163),71 - فارس(71)
90763,تفسیر موضوعی قرآن,نظري,2,0,1639076329,برادران,شنبه از 13:15 تا 15:00,فرخ حبیبی مهکویه,,45,,1405/04/09 از 16:30 تا 18:00,مهندسی یک-217,كارشناسي پيوسته,حضوري,ارائه در سطح دانشکده,,گروه آموزشي دروس عمومي(7116399),163 - شيراز(163),163 - شيراز(71163),71 - فارس(71)
90763,تفسیر موضوعی قرآن,نظري,2,0,1639076328,خواهران,شنبه از 11:00 تا 12:00 شنبه از از ...,فرخ حبیبی مهکویه,,45,,1405/04/09 از 16:30 تا 18:00,مهندسی یک-217,كارشناسي پيوسته,حضوري,ارائه در سطح دانشکده,,گروه آموزشي دروس عمومي(7116399),163 - شيراز(163),163 - شيراز(71163),71 - فارس(71)
98961,اخلاق اسلامی (مبانی و مفاهیم),نظري,2,0,1639896125,خواهران,شنبه از 09:15 تا 11:00,فرخ حبیبی مهکویه,,49,,1405/04/15 از 16:30 تا 18:00,مهندسی یک-217,كارشناسي پيوسته,حضوري,ارائه در سطح دانشکده,,گروه آموزشي دروس عمومي(7116399),163 - شيراز(163),163 - شيراز(71163),71 - فارس(71)
98961,اخلاق اسلامی (مبانی و مفاهیم),نظري,2,0,1639896124,برادران,شنبه از 07:30 تا 09:15,فرخ حبیبی مهکویه,,49,,1405/04/15 از 16:30 تا 18:00,مهندسی یک-217,كارشناسي پيوسته,حضوري,ارائه در سطح دانشکده,,گروه آموزشي دروس عمومي(7116399),163 - شيراز(163),163 - شيراز(71163),71 - فارس(71)
90755,انقلاب اسلامی ایران,نظري,2,0,1639075555,خواهران,سه شنبه از 13:15 تا 15:00,مصطفی بخرد,,45,,1405/04/07 از 16:30 تا 18:00,مهندسی یک-319,كارشناسي پيوسته,حضوري,ارائه در سطح دانشکده,,گروه آموزشي دروس عمومي(7116399),163 - شيراز(163),163 - شيراز(71163),71 - فارس(71)
90755,انقلاب اسلامی ایران,نظري,2,0,1639075553,خواهران,سه شنبه از 11:00 تا 12:00 سه شنبه از ...,مصطفی بخرد,,45,,1405/04/07 از 16:30 تا 18:00,مهندسی یک-319,كارشناسي پيوسته,حضوري,ارائه در سطح دانشکده,,گروه آموزشي دروس عمومي(7116399),163 - شيراز(163),163 - شيراز(71163),71 - فارس(71)
90755,انقلاب اسلامی ایران,نظري,2,0,1639075552,برادران,سه شنبه از 09:15 تا 11:00,مصطفی بخرد,,45,,1405/04/07 از 16:30 تا 18:00,مهندسی یک-319,كارشناسي پيوسته,حضوري,ارائه در سطح دانشکده,,گروه آموزشي دروس عمومي(7116399),163 - شيراز(163),163 - شيراز(71163),71 - فارس(71)
90755,انقلاب اسلامی ایران,نظري,2,0,1639075551,برادران,سه شنبه از 07:30 تا 09:15,مصطفی بخرد,,45,,1405/04/07 از 16:30 تا 18:00,مهندسی یک-319,كارشناسي پيوسته,حضوري,ارائه در سطح دانشکده,,گروه آموزشي دروس عمومي(7116399),163 - شيراز(163),163 - شيراز(71163),71 - فارس(71)
99041,تاریخ تحلیلی صدر اسلام‌,نظري,2,0,1639904128,خواهرا ترم آخری,يكشنبه از 13:15 تا 15:00,زينب اخوان صفايي,,0,,1405/04/11 از 16:30 تا 18:00,مهندسی یک-319,كارشناسي پيوسته,حضوري,ارائه در سطح دانشکده,,گروه آموزشي دروس عمومي(7116399),163 - شيراز(163),163 - شيراز(71163),71 - فارس(71)
99041,تاریخ تحلیلی صدر اسلام‌,نظري,2,0,1639904127,خواهران,يكشنبه از 11:00 تا 12:00 يكشنبه از از ...,زينب اخوان صفايي,,45,,1405/04/11 از 16:30 تا 18:00,مهندسی یک-319,كارشناسي پيوسته,حضوري,ارائه در سطح دانشکده,,گروه آموزشي دروس عمومي(7116399),163 - شيراز(163),163 - شيراز(71163),71 - فارس(71)
99041,تاریخ تحلیلی صدر اسلام‌,نظري,2,0,1639904126,خواهران,يكشنبه از 09:15 تا 11:00,زينب اخوان صفايي,,45,,1405/04/11 از 16:30 تا 18:00,مهندسی یک-319,كارشناسي پيوسته,حضوري,ارائه در سطح دانشکده,,گروه آموزشي دروس عمومي(7116399),163 - شيراز(163),163 - شيراز(71163),71 - فارس(71)
99041,تاریخ تحلیلی صدر اسلام‌,نظري,2,0,1639904125,خواهران,يكشنبه از 07:30 تا 09:15,زينب اخوان صفايي,,45,,1405/04/11 از 16:30 تا 18:00,مهندسی یک-319,كارشناسي پيوسته,حضوري,ارائه در سطح دانشکده,,گروه آموزشي دروس عمومي(7116399),163 - شيراز(163),163 - شيراز(71163),71 - فارس(71)
99073,اندیشه های امامین انقلاب اسلامی و وصایای حضرت امام خمینی(ره),نظري,1,0,1639907334,خواهران,چهارشنبه از 16:45 تا 18:30,ژيلا عباسي,,0,,1405/04/13 از 16:30 تا 18:00,مهندسی یک-217,كارشناسي پيوسته,حضوري,ارائه در سطح دانشکده,,گروه آموزشي دروس عمومي(7116399),163 - شيراز(163),163 - شيراز(71163),71 - فارس(71)
99073,اندیشه های امامین انقلاب اسلامی و وصایای حضرت امام خمینی(ره),نظري,1,0,1639907333,خواهران,چهارشنبه از 15:00 تا 16:45,ژيلا عباسي,,0,,1405/04/13 از 16:30 تا 18:00,مهندسی یک-217,كارشناسي پيوسته,حضوري,ارائه در سطح دانشکده,,گروه آموزشي دروس عمومي(7116399),163 - شيراز(163),163 - شيراز(71163),71 - فارس(71)
99062,ورزش 1,عملي,0,1,51,برادران,چهارشنبه از 18:00 تا 19:30,عباس غلامپور,,18,,1405/03/16 از 08:00 تا 10:00,163 - شيراز- ورزشی توانا سالن ب,كارشناسي پيوسته,حضوري,ارائه در سطح دانشکده,,گروه آموزشي دروس عمومي(7116399),163 - شيراز(163),163 - شيراز(71163),71 - فارس(71)
99062,ورزش 1,عملي,0,1,50,برادران,چهارشنبه از 16:30 تا 18:00,عباس غلامپور,,18,,1405/03/16 از 08:00 تا 10:00,163 - شيراز- ورزشی توانا سالن ب,كارشناسي پيوسته,حضوري,ارائه در سطح دانشکده,,گروه آموزشي دروس عمومي(7116399),163 - شيراز(163),163 - شيراز(71163),71 - فارس(71)
99062,ورزش 1,عملي,0,1,49,برادران,چهارشنبه از 15:00 تا 16:30,عباس غلامپور,,18,,1405/03/16 از 08:00 تا 10:00,163 - شيراز- ورزشی توانا سالن ب,كارشناسي پيوسته,حضوري,ارائه در سطح دانشکده,,گروه آموزشي دروس عمومي(7116399),163 - شيراز(163),163 - شيراز(71163),71 - فارس(71)
99062,ورزش 1,عملي,0,1,44,خواهران,چهارشنبه از 12:00 تا 13:30,کاملیا عبدی,,18,,1405/03/16 از 08:00 تا 10:00,163 - شيراز- ورزشی توانا سالن الف,كارشناسي پيوسته,حضوري,ارائه در سطح دانشکده,,گروه آموزشي دروس عمومي(7116399),163 - شيراز(163),163 - شيراز(71163),71 - فارس(71)
99062,ورزش 1,عملي,0,1,43,برادران,سه شنبه از 18:00 تا 19:30,فیروز حسینی پور,,18,,1405/03/16 از 08:00 تا 10:00,163 - شيراز-ورزشی پیروانی سالن ب,كارشناسي پيوسته,حضوري,ارائه در سطح دانشکده,,گروه آموزشي دروس عمومي(7116399),163 - شيراز(163),163 - شيراز(71163),71 - فارس(71)
99062,ورزش 1,عملي,0,1,42,برادران,سه شنبه از 16:30 تا 18:00,فیروز حسینی پور,,18,,1405/03/16 از 08:00 تا 10:00,163 - شيراز-ورزشی پیروانی سالن الف,كارشناسي پيوسته,حضوري,ارائه در سطح دانشکده,,گروه آموزشي دروس عمومي(7116399),163 - شيراز(163),163 - شيراز(71163),71 - فارس(71)
99062,ورزش 1,عملي,0,1,41,برادران,سه شنبه از 15:00 تا 16:30,فیروز حسینی پور,,18,,1405/03/16 از 08:00 تا 10:00,163 - شيراز-ورزشی پیروانی سالن الف,كارشناسي پيوسته,حضوري,ارائه در سطح دانشکده,,گروه آموزشي دروس عمومي(7116399),163 - شيراز(163),163 - شيراز(71163),71 - فارس(71)
99062,ورزش 1,عملي,0,1,40,برادران,سه شنبه از 16:30 تا 18:00,محمد یزدان پناه,,18,,1405/03/16 از 08:00 تا 10:00,163 - شيراز- ورزشی توانا سالن ب,كارشناسي پيوسته,حضوري,ارائه در سطح دانشکده,,گروه آموزشي دروس عمومي(7116399),163 - شيراز(163),163 - شيراز(71163),71 - فارس(71)
99062,ورزش 1,عملي,0,1,39,برادران,سه شنبه از 15:00 تا 16:30,محمد یزدان پناه,,18,,1405/03/16 از 08:00 تا 10:00,163 - شيراز- ورزشی توانا سالن ب,كارشناسي پيوسته,حضوري,ارائه در سطح دانشکده,,گروه آموزشي دروس عمومي(7116399),163 - شيراز(163),163 - شيراز(71163),71 - فارس(71)
99062,ورزش 1,عملي,0,1,38,برادران,سه شنبه از 13:30 تا 15:00,محمد یزدان پناه,,18,,1405/03/16 از 08:00 تا 10:00,163 - شيراز- ورزشی توانا سالن ب,كارشناسي پيوسته,حضوري,ارائه در سطح دانشکده,,گروه آموزشي دروس عمومي(7116399),163 - شيراز(163),163 - شيراز(71163),71 - فارس(71)
99062,ورزش 1,عملي,0,1,37,خواهران,سه شنبه از 12:00 تا 13:30,کاملیا عبدی,,18,,1405/03/16 از 08:00 تا 10:00,163 - شيراز-ورزشی پیروانی سالن الف,كارشناسي پيوسته,حضوري,ارائه در سطح دانشکده,,گروه آموزشي دروس عمومي(7116399),163 - شيراز(163),163 - شيراز(71163),71 - فارس(71)
99062,ورزش 1,عملي,0,1,36,خواهران,سه شنبه از 10:30 تا 12:00,کاملیا عبدی,,18,,1405/03/16 از 08:00 تا 10:00,163 - شيراز-ورزشی پیروانی سالن الف,كارشناسي پيوسته,حضوري,ارائه در سطح دانشکده,,گروه آموزشي دروس عمومي(7116399),163 - شيراز(163),163 - شيراز(71163),71 - فارس(71)
99062,ورزش 1,عملي,0,1,35,خواهران,سه شنبه از 09:00 تا 10:30,کاملیا عبدی,,18,,1405/03/16 از 08:00 تا 10:00,163 - شيراز-ورزشی پیروانی سالن الف,كارشناسي پيوسته,حضوري,ارائه در سطح دانشکده,,گروه آموزشي دروس عمومي(7116399),163 - شيراز(163),163 - شيراز(71163),71 - فارس(71)
99062,ورزش 1,عملي,0,1,34,خواهران,سه شنبه از 07:30 تا 09:00,کاملیا عبدی,,18,,1405/03/16 از 08:00 تا 10:00,163 - شيراز-ورزشی پیروانی سالن الف,كارشناسي پيوسته,حضوري,ارائه در سطح دانشکده,,گروه آموزشي دروس عمومي(7116399),163 - شيراز(163),163 - شيراز(71163),71 - فارس(71)
99062,ورزش 1,عملي,0,1,33,خواهران,دوشنبه از 12:00 تا 13:30,نسیبه کاظمی,,18,,1405/03/16 از 08:00 تا 10:00,163 - شيراز-ورزشی پیروانی سالن ب,كارشناسي پيوسته,حضوري,ارائه در سطح دانشکده,,گروه آموزشي دروس عمومي(7116399),163 - شيراز(163),163 - شيراز(71163),71 - فارس(71)
99062,ورزش 1,عملي,0,1,32,خواهران,دوشنبه از 10:30 تا 12:00,نسیبه کاظمی,,18,,1405/03/16 از 08:00 تا 10:00,163 - شيراز-ورزشی پیروانی سالن ب,كارشناسي پيوسته,حضوري,ارائه در سطح دانشکده,,گروه آموزشي دروس عمومي(7116399),163 - شيراز(163),163 - شيراز(71163),71 - فارس(71)
99062,ورزش 1,عملي,0,1,31,خوهران,دوشنبه از 09:00 تا 10:30,نسیبه کاظمی,,18,,1405/03/16 از 08:00 تا 10:00,163 - شيراز-ورزشی پیروانی سالن ب,كارشناسي پيوسته,حضوري,ارائه در سطح دانشکده,,گروه آموزشي دروس عمومي(7116399),163 - شيراز(163),163 - شيراز(71163),71 - فارس(71)
99062,ورزش 1,عملي,0,1,30,خواهران,دوشنبه از 07:30 تا 09:00,نسیبه کاظمی,,18,,1405/03/16 از 08:00 تا 10:00,163 - شيراز-ورزشی پیروانی سالن ب,كارشناسي پيوسته,حضوري,ارائه در سطح دانشکده,,گروه آموزشي دروس عمومي(7116399),163 - شيراز(163),163 - شيراز(71163),71 - فارس(71)
99062,ورزش 1,عملي,0,1,29,,دوشنبه از 15:00 تا 16:30,فرزانه محتشمی,,18,,1405/03/16 از 08:00 تا 10:00,163 - شيراز-ورزشی پیروانی سالن الف,كارشناسي پيوسته,حضوري,ارائه در سطح دانشکده,,گروه آموزشي دروس عمومي(7116399),163 - شيراز(163),163 - شيراز(71163),71 - فارس(71)
99062,ورزش 1,عملي,0,1,28,خواهران,دوشنبه از 13:30 تا 15:00,فرزانه محتشمی,,18,,1405/03/16 از 08:00 تا 10:00,163 - شيراز-ورزشی پیروانی سالن الف,كارشناسي پيوسته,حضوري,ارائه در سطح دانشکده,,گروه آموزشي دروس عمومي(7116399),163 - شيراز(163),163 - شيراز(71163),71 - فارس(71)
99062,ورزش 1,عملي,0,1,27,خواهران,دوشنبه از 15:00 تا 16:30,مريم تعقل,,18,,1405/03/16 از 08:00 تا 10:00,163 - شيراز- ورزشی توانا سالن ب,كارشناسي پيوسته,حضوري,ارائه در سطح دانشکده,,گروه آموزشي دروس عمومي(7116399),163 - شيراز(163),163 - شيراز(71163),71 - فارس(71)
99062,ورزش 1,عملي,0,1,26,خواهران,دوشنبه از 13:30 تا 15:00,مريم تعقل,,18,,1405/03/16 از 08:00 تا 10:00,163 - شيراز- ورزشی توانا سالن ب,كارشناسي پيوسته,حضوري,ارائه در سطح دانشکده,,گروه آموزشي دروس عمومي(7116399),163 - شيراز(163),163 - شيراز(71163),71 - فارس(71)
99062,ورزش 1,عملي,0,1,25,خواهران,دوشنبه از 12:00 تا 13:30,مريم تعقل,,18,,1405/03/16 از 08:00 تا 10:00,163 - شيراز- ورزشی توانا سالن ب,كارشناسي پيوسته,حضوري,ارائه در سطح دانشکده,,گروه آموزشي دروس عمومي(7116399),163 - شيراز(163),163 - شيراز(71163),71 - فارس(71)
99062,ورزش 1,عملي,0,1,24,خواهران,دوشنبه از 10:30 تا 12:00,مريم تعقل,,18,,1405/03/16 از 08:00 تا 10:00,163 - شيراز- ورزشی توانا سالن ب,كارشناسي پيوسته,حضوري,ارائه در سطح دانشکده,,گروه آموزشي دروس عمومي(7116399),163 - شيراز(163),163 - شيراز(71163),71 - فارس(71)
99062,ورزش 1,عملي,0,1,21,خواهران,يكشنبه از 13:30 تا 15:00,ساره کامیاب,,18,,1405/03/16 از 08:00 تا 10:00,,كارشناسي پيوسته,حضوري,ارائه در سطح دانشکده,,گروه آموزشي دروس عمومي(7116399),163 - شيراز(163),163 - شيراز(71163),71 - فارس(71)
99062,ورزش 1,عملي,0,1,20,خواهران,يكشنبه از 12:00 تا 13:30,ساره کامیاب,,18,,1405/03/16 از 08:00 تا 10:00,,كارشناسي پيوسته,حضوري,ارائه در سطح دانشکده,,گروه آموزشي دروس عمومي(7116399),163 - شيراز(163),163 - شيراز(71163),71 - فارس(71)
99062,ورزش 1,عملي,0,1,19,خواهران,يكشنبه از 10:30 تا 12:00,ساره کامیاب,,18,,1405/03/16 از 08:00 تا 10:00,163 - شيراز-ورزشی پیروانی سالن ب,كارشناسي پيوسته,حضوري,ارائه در سطح دانشکده,,گروه آموزشي دروس عمومي(7116399),163 - شيراز(163),163 - شيراز(71163),71 - فارس(71)
99062,ورزش 1,عملي,0,1,18,خواهران,يكشنبه از 09:00 تا 10:30,ساره کامیاب,,18,,1405/03/16 از 08:00 تا 10:00,163 - شيراز-ورزشی پیروانی سالن ب,كارشناسي پيوسته,حضوري,ارائه در سطح دانشکده,,گروه آموزشي دروس عمومي(7116399),163 - شيراز(163),163 - شيراز(71163),71 - فارس(71)
99062,ورزش 1,عملي,0,1,17,خواهران,يكشنبه از 07:30 تا 09:00,ساره کامیاب,,18,,1405/03/16 از 08:00 تا 10:00,163 - شيراز-ورزشی پیروانی سالن ب,كارشناسي پيوسته,حضوري,ارائه در سطح دانشکده,,گروه آموزشي دروس عمومي(7116399),163 - شيراز(163),163 - شيراز(71163),71 - فارس(71)
99062,ورزش 1,عملي,0,1,16,خواهران,يكشنبه از 16:30 تا 18:00,فرزانه محتشمی,,18,,1405/03/16 از 08:00 تا 10:00,163 - شيراز-ورزشی پیروانی سالن ب,كارشناسي پيوسته,حضوري,ارائه در سطح دانشکده,,گروه آموزشي دروس عمومي(7116399),163 - شيراز(163),163 - شيراز(71163),71 - فارس(71)
99062,ورزش 1,عملي,0,1,15,خواهران,يكشنبه از 15:00 تا 16:30,فرزانه محتشمی,,5,,1405/03/16 از 08:00 تا 10:00,163 - شيراز-ورزشی پیروانی سالن ب,كارشناسي پيوسته,حضوري,ارائه در سطح دانشکده,,گروه آموزشي دروس عمومي(7116399),163 - شيراز(163),163 - شيراز(71163),71 - فارس(71)
99062,ورزش 1,عملي,0,1,14,خواهران,يكشنبه از 13:30 تا 15:00,فرزانه محتشمی,,18,,1405/03/16 از 08:00 تا 10:00,163 - شيراز-ورزشی پیروانی سالن ب,كارشناسي پيوسته,حضوري,ارائه در سطح دانشکده,,گروه آموزشي دروس عمومي(7116399),163 - شيراز(163),163 - شيراز(71163),71 - فارس(71)
99062,ورزش 1,عملي,0,1,13,خواهران,يكشنبه از 12:00 تا 13:30,فرزانه محتشمی,,18,,1405/03/16 از 08:00 تا 10:00,,كارشناسي پيوسته,حضوري,ارائه در سطح دانشکده,,گروه آموزشي دروس عمومي(7116399),163 - شيراز(163),163 - شيراز(71163),71 - فارس(71)
99062,ورزش 1,عملي,0,1,12,خواهران,يكشنبه از 13:30 تا 15:00,نسیبه کاظمی,,18,,1405/03/16 از 08:00 تا 10:00,163 - شيراز-ورزشی پیروانی سالن الف,كارشناسي پيوسته,حضوري,ارائه در سطح دانشکده,,گروه آموزشي دروس عمومي(7116399),163 - شيراز(163),163 - شيراز(71163),71 - فارس(71)
99062,ورزش 1,عملي,0,1,11,خواهران,يكشنبه از 12:00 تا 13:30,نسیبه کاظمی,,18,,1405/03/16 از 08:00 تا 10:00,163 - شيراز-ورزشی پیروانی سالن الف,كارشناسي پيوسته,حضوري,ارائه در سطح دانشکده,,گروه آموزشي دروس عمومي(7116399),163 - شيراز(163),163 - شيراز(71163),71 - فارس(71)
99062,ورزش 1,عملي,0,1,10,خواهران,يكشنبه از 10:30 تا 12:00,نسیبه کاظمی,,18,,1405/03/16 از 08:00 تا 10:00,163 - شيراز-ورزشی پیروانی سالن الف,كارشناسي پيوسته,حضوري,ارائه در سطح دانشکده,,گروه آموزشي دروس عمومي(7116399),163 - شيراز(163),163 - شيراز(71163),71 - فارس(71)
99062,ورزش 1,عملي,0,1,09,خواهران,يكشنبه از 09:00 تا 10:30,نسیبه کاظمی,,18,,1405/03/16 از 08:00 تا 10:00,163 - شيراز-ورزشی پیروانی سالن الف,كارشناسي پيوسته,حضوري,ارائه در سطح دانشکده,,گروه آموزشي دروس عمومي(7116399),163 - شيراز(163),163 - شيراز(71163),71 - فارس(71)
99062,ورزش 1,عملي,0,1,08,خواهران,يكشنبه از 07:30 تا 09:00,نسیبه کاظمی,,18,,1405/03/16 از 08:00 تا 10:00,163 - شيراز-ورزشی پیروانی سالن الف,كارشناسي پيوسته,حضوري,ارائه در سطح دانشکده,,گروه آموزشي دروس عمومي(7116399),163 - شيراز(163),163 - شيراز(71163),71 - فارس(71)
7000035438,علوم و معارف دفاع مقدس و مقاومت,نظري,2,0,163811260,خواهران,چهارشنبه از 11:00 تا 12:00 چهارشنبه از ...,امیرعلی بنی احمد,,45,,1405/04/14 از 16:30 تا 18:00,اقتصاد ومدیریت-006,كارشناسي پيوسته,حضوري,ارائه در سطح دانشکده,,گروه آموزشي دروس عمومي(7116399),163 - شيراز(163),163 - شيراز(71163),71 - فارس(71)
99062,ورزش 1,عملي,0,1,06,برادران,شنبه از 16:30 تا 18:00,محمد یزدان پناه,,18,,1405/03/17 از 08:00 تا 10:00,163 - شيراز- ورزشی توانا سالن ب,كارشناسي پيوسته,حضوري,ارائه در سطح دانشکده,,گروه آموزشي دروس عمومي(7116399),163 - شيراز(163),163 - شيراز(71163),71 - فارس(71)
99062,ورزش 1,عملي,0,1,05,برادران,شنبه از 15:00 تا 16:30,محمد یزدان پناه,,18,,1405/03/17 از 08:00 تا 10:00,163 - شيراز- ورزشی توانا سالن ب,كارشناسي پيوسته,حضوري,ارائه در سطح دانشکده,,گروه آموزشي دروس عمومي(7116399),163 - شيراز(163),163 - شيراز(71163),71 - فارس(71)
99062,ورزش 1,عملي,0,1,04,برادران,شنبه از 13:30 تا 15:00,محمد یزدان پناه,,18,,1405/03/17 از 08:00 تا 10:00,163 - شيراز- ورزشی توانا سالن ب,كارشناسي پيوسته,حضوري,ارائه در سطح دانشکده,,گروه آموزشي دروس عمومي(7116399),163 - شيراز(163),163 - شيراز(71163),71 - فارس(71)
99062,ورزش 1,عملي,0,1,03,خواهران,شنبه از 10:30 تا 12:00,نسترن تاجديني,,18,,1405/03/17 از 08:00 تا 10:00,163 - شيراز- ورزشی توانا سالن ب,كارشناسي پيوسته,حضوري,ارائه در سطح دانشکده,,گروه آموزشي دروس عمومي(7116399),163 - شيراز(163),163 - شيراز(71163),71 - فارس(71)
99062,ورزش 1,عملي,0,1,02,خواهران,شنبه از 09:00 تا 10:30,نسترن تاجديني,,18,,1405/03/17 از 08:00 تا 10:00,163 - شيراز- ورزشی توانا سالن ب,كارشناسي پيوسته,حضوري,ارائه در سطح دانشکده,,گروه آموزشي دروس عمومي(7116399),163 - شيراز(163),163 - شيراز(71163),71 - فارس(71)
99062,ورزش 1,عملي,0,1,01,خواهران,شنبه از 07:30 تا 09:00,نسترن تاجديني,,18,,1405/03/17 از 08:00 تا 10:00,163 - شيراز- ورزشی توانا سالن ب,كارشناسي پيوسته,حضوري,ارائه در سطح دانشکده,,گروه آموزشي دروس عمومي(7116399),163 - شيراز(163),163 - شيراز(71163),71 - فارس(71)
90610,اندیشه اسلامی 1 (مبدا ومعاد),نظري,2,0,1639061042,برادران- استاد نعمت الهی,چهارشنبه از 09:15 تا 11:00,اسداله مصطفی پور,,45,,1405/04/15 از 16:30 تا 18:00,مهندسی یک-319,كارشناسي پيوسته,حضوري,ارائه در سطح دانشکده,,گروه آموزشي دروس عمومي(7116399),163 - شيراز(163),163 - شيراز(71163),71 - فارس(71)
90610,اندیشه اسلامی 1 (مبدا ومعاد),نظري,2,0,1639061041,برادران-استاد نعمت الهی,چهارشنبه از 07:30 تا 09:15,اسداله مصطفی پور,,45,,1405/04/15 از 16:30 تا 18:00,مهندسی یک-319,كارشناسي پيوسته,حضوري,ارائه در سطح دانشکده,,گروه آموزشي دروس عمومي(7116399),163 - شيراز(163),163 - شيراز(71163),71 - فارس(71)
90763,تفسیر موضوعی قرآن,نظري,2,0,1639076327,خواهران - استاد نعمت الهی,پنج شنبه از 11:00 تا 12:00 پنج شنبه از ...,عبدالحمید فرزانه,,45,,1405/04/09 از 16:30 تا 18:00,مهندسی یک-115,كارشناسي پيوسته,حضوري,ارائه در سطح دانشکده,,گروه آموزشي دروس عمومي(7116399),163 - شيراز(163),163 - شيراز(71163),71 - فارس(71)
90763,تفسیر موضوعی قرآن,نظري,2,0,1639076326,برادران-استاد نعمت الهی,پنج شنبه از 09:15 تا 11:00,عبدالحمید فرزانه,,45,,1405/04/09 از 16:30 تا 18:00,مهندسی یک-115,كارشناسي پيوسته,حضوري,ارائه در سطح دانشکده,,گروه آموزشي دروس عمومي(7116399),163 - شيراز(163),163 - شيراز(71163),71 - فارس(71)
90763,تفسیر موضوعی قرآن,نظري,2,0,1639076325,برادران- استاد نعمت الهی,پنج شنبه از 07:30 تا 09:15,عبدالحمید فرزانه,,45,,1405/04/09 از 16:30 تا 18:00,مهندسی یک-217,كارشناسي پيوسته,حضوري,ارائه در سطح دانشکده,,گروه آموزشي دروس عمومي(7116399),163 - شيراز(163),163 - شيراز(71163),71 - فارس(71)
7000035438,علوم و معارف دفاع مقدس و مقاومت,نظري,2,0,163811244,برادران,يكشنبه از 09:15 تا 11:00,ناصر جوکار,,45,,1405/04/14 از 16:30 تا 18:00,مهندسی دو-20,كارشناسي پيوسته,حضوري,ارائه در سطح دانشکده,,گروه آموزشي دروس عمومي(7116399),163 - شيراز(163),163 - شيراز(71163),71 - فارس(71)
7000035438,علوم و معارف دفاع مقدس و مقاومت,نظري,2,0,163811243,خواهران,يكشنبه از 07:30 تا 09:15,ناصر جوکار,,45,,1405/04/14 از 16:30 تا 18:00,مهندسی دو-20,كارشناسي پيوسته,حضوري,ارائه در سطح دانشکده,,گروه آموزشي دروس عمومي(7116399),163 - شيراز(163),163 - شيراز(71163),71 - فارس(71)
7000035438,علوم و معارف دفاع مقدس و مقاومت,نظري,2,0,163811241,خواهران,سه شنبه از 16:45 تا 18:30,مسيح گلکاري,,47,,1405/04/14 از 16:30 تا 18:00,مهندسی یک-319,كارشناسي پيوسته,حضوري,ارائه در سطح دانشکده,,گروه آموزشي دروس عمومي(7116399),163 - شيراز(163),163 - شيراز(71163),71 - فارس(71)
7000035438,علوم و معارف دفاع مقدس و مقاومت,نظري,2,0,163163811240,خواهران,سه شنبه از 15:00 تا 16:45,مسيح گلکاري,,45,,1405/04/14 از 16:30 تا 18:00,مهندسی یک-319,كارشناسي پيوسته,حضوري,ارائه در سطح دانشکده,,گروه آموزشي دروس عمومي(7116399),163 - شيراز(163),163 - شيراز(71163),71 - فارس(71)
90128,دانش خانواده و جمعیت,نظري,2,0,1639012834,خواهران,يكشنبه از 16:45 تا 18:30,ژاله سلطانی سروستانی,,0,,1405/04/17 از 16:30 تا 18:00,اقتصاد ومدیریت-007,كارشناسي پيوسته,حضوري,ارائه در سطح دانشکده,,گروه آموزشي دروس عمومي(7116399),163 - شيراز(163),163 - شيراز(71163),71 - فارس(71)
90128,دانش خانواده و جمعیت,نظري,2,0,1639012833,خواهران,يكشنبه از 15:00 تا 16:45,ژاله سلطانی سروستانی,,0,,1405/04/17 از 16:30 تا 18:00,اقتصاد ومدیریت-007,كارشناسي پيوسته,حضوري,ارائه در سطح دانشکده,,گروه آموزشي دروس عمومي(7116399),163 - شيراز(163),163 - شيراز(71163),71 - فارس(71)
90128,دانش خانواده و جمعیت,نظري,2,0,1639012831,خواهران,پنج شنبه از 13:15 تا 15:00,ژاله سلطانی سروستانی,,0,,1405/04/17 از 16:30 تا 18:00,علوم انسانی-5,كارشناسي پيوسته,حضوري,ارائه در سطح دانشکده,,گروه آموزشي دروس عمومي(7116399),163 - شيراز(163),163 - شيراز(71163),71 - فارس(71)
90128,دانش خانواده و جمعیت,نظري,2,0,1639012830,خواهران,پنج شنبه از 11:00 تا 12:00 پنج شنبه از ...,ژاله سلطانی سروستانی,,0,,1405/04/17 از 16:30 تا 18:00,علوم انسانی-5,كارشناسي پيوسته,حضوري,ارائه در سطح دانشکده,,گروه آموزشي دروس عمومي(7116399),163 - شيراز(163),163 - شيراز(71163),71 - فارس(71)
90128,دانش خانواده و جمعیت,نظري,2,0,1639012829,خواهران,پنج شنبه از 09:15 تا 11:00,ژاله سلطانی سروستانی,,45,,1405/04/17 از 16:30 تا 18:00,علوم انسانی-5,كارشناسي پيوسته,حضوري,ارائه در سطح دانشکده,,گروه آموزشي دروس عمومي(7116399),163 - شيراز(163),163 - شيراز(71163),71 - فارس(71)
90128,دانش خانواده و جمعیت,نظري,2,0,1639012828,خواهران,پنج شنبه از 07:30 تا 09:15,ژاله سلطانی سروستانی,,49,,1405/04/17 از 16:30 تا 18:00,علوم انسانی-5,كارشناسي پيوسته,حضوري,ارائه در سطح دانشکده,,گروه آموزشي دروس عمومي(7116399),163 - شيراز(163),163 - شيراز(71163),71 - فارس(71)
99079,تربیت بدنی,نظري_عملي,0.50,0.50,58,برادران,پنج شنبه از 15:00 تا 16:30,صمصام شامحمدی,,18,,1405/03/09 از 08:00 تا 10:00,163 - شيراز- ورزشی توانا سالن الف,كارشناسي پيوسته,حضوري,ارائه در سطح دانشکده,,گروه آموزشي دروس عمومي(7116399),163 - شيراز(163),163 - شيراز(71163),71 - فارس(71)
99079,تربیت بدنی,نظري_عملي,0.50,0.50,57,برادران,پنج شنبه از 13:30 تا 15:00,صمصام شامحمدی,,18,,1405/03/09 از 08:00 تا 10:00,163 - شيراز- ورزشی توانا سالن الف,كارشناسي پيوسته,حضوري,ارائه در سطح دانشکده,,گروه آموزشي دروس عمومي(7116399),163 - شيراز(163),163 - شيراز(71163),71 - فارس(71)
99079,تربیت بدنی,نظري_عملي,0.50,0.50,56,برادران,پنج شنبه از 12:00 تا 13:30,صمصام شامحمدی,,18,,1405/03/09 از 08:00 تا 10:00,163 - شيراز- ورزشی توانا سالن الف,كارشناسي پيوسته,حضوري,ارائه در سطح دانشکده,,گروه آموزشي دروس عمومي(7116399),163 - شيراز(163),163 - شيراز(71163),71 - فارس(71)
99079,تربیت بدنی,نظري_عملي,0.50,0.50,55,برادران,پنج شنبه از 10:30 تا 12:00,صمصام شامحمدی,,18,,1405/03/09 از 08:00 تا 10:00,163 - شيراز- ورزشی توانا سالن الف,كارشناسي پيوسته,حضوري,ارائه در سطح دانشکده,,گروه آموزشي دروس عمومي(7116399),163 - شيراز(163),163 - شيراز(71163),71 - فارس(71)
99079,تربیت بدنی,نظري_عملي,0.50,0.50,54,برادران,پنج شنبه از 09:00 تا 10:30,صمصام شامحمدی,,20,,1405/03/09 از 08:00 تا 10:00,163 - شيراز- ورزشی توانا سالن الف,كارشناسي پيوسته,حضوري,ارائه در سطح دانشکده,,گروه آموزشي دروس عمومي(7116399),163 - شيراز(163),163 - شيراز(71163),71 - فارس(71)
99079,تربیت بدنی,نظري_عملي,0.50,0.50,53,برادران,پنج شنبه از 07:30 تا 09:00,صمصام شامحمدی,,18,,1405/03/09 از 08:00 تا 10:00,163 - شيراز- ورزشی توانا سالن الف,كارشناسي پيوسته,حضوري,ارائه در سطح دانشکده,,گروه آموزشي دروس عمومي(7116399),163 - شيراز(163),163 - شيراز(71163),71 - فارس(71)
99079,تربیت بدنی,نظري_عملي,0.50,0.50,52,برادران,سه شنبه از 18:00 تا 19:30,محمد یزدان پناه,,18,,1405/03/09 از 08:00 تا 10:00,163 - شيراز-ورزشی پیروانی سالن الف,كارشناسي پيوسته,حضوري,ارائه در سطح دانشکده,,گروه آموزشي دروس عمومي(7116399),163 - شيراز(163),163 - شيراز(71163),71 - فارس(71)
99079,تربیت بدنی,نظري_عملي,0.50,0.50,51,برادران,چهارشنبه از 16:30 تا 18:00,محمد یزدان پناه,,18,,1405/03/09 از 08:00 تا 10:00,163 - شيراز-ورزشی پیروانی سالن الف,كارشناسي پيوسته,حضوري,ارائه در سطح دانشکده,,گروه آموزشي دروس عمومي(7116399),163 - شيراز(163),163 - شيراز(71163),71 - فارس(71)
99079,تربیت بدنی,نظري_عملي,0.50,0.50,50,برادران,چهارشنبه از 15:00 تا 16:30,محمد یزدان پناه,,18,,1405/03/09 از 08:00 تا 10:00,163 - شيراز-ورزشی پیروانی سالن الف,كارشناسي پيوسته,حضوري,ارائه در سطح دانشکده,,گروه آموزشي دروس عمومي(7116399),163 - شيراز(163),163 - شيراز(71163),71 - فارس(71)
99079,تربیت بدنی,نظري_عملي,0.50,0.50,49,برادران,سه شنبه از 18:00 تا 19:30,عباس غلامپور,,18,,1405/03/09 از 08:00 تا 10:00,163 - شيراز- ورزشی توانا سالن الف,كارشناسي پيوسته,حضوري,ارائه در سطح دانشکده,,گروه آموزشي دروس عمومي(7116399),163 - شيراز(163),163 - شيراز(71163),71 - فارس(71)
99079,تربیت بدنی,نظري_عملي,0.50,0.50,48,برادران,سه شنبه از 16:30 تا 18:00,عباس غلامپور,,18,,1405/03/09 از 08:00 تا 10:00,163 - شيراز- ورزشی توانا سالن الف,كارشناسي پيوسته,حضوري,ارائه در سطح دانشکده,,گروه آموزشي دروس عمومي(7116399),163 - شيراز(163),163 - شيراز(71163),71 - فارس(71)
99079,تربیت بدنی,نظري_عملي,0.50,0.50,47,برادران,سه شنبه از 15:00 تا 16:30,عباس غلامپور,,18,,1405/03/09 از 08:00 تا 10:00,163 - شيراز- ورزشی توانا سالن الف,كارشناسي پيوسته,حضوري,ارائه در سطح دانشکده,,گروه آموزشي دروس عمومي(7116399),163 - شيراز(163),163 - شيراز(71163),71 - فارس(71)
99079,تربیت بدنی,نظري_عملي,0.50,0.50,46,برادران,سه شنبه از 13:30 تا 15:00,عباس غلامپور,,18,,1405/03/09 از 08:00 تا 10:00,163 - شيراز- ورزشی توانا سالن الف,كارشناسي پيوسته,حضوري,ارائه در سطح دانشکده,,گروه آموزشي دروس عمومي(7116399),163 - شيراز(163),163 - شيراز(71163),71 - فارس(71)
99079,تربیت بدنی,نظري_عملي,0.50,0.50,44,خواهران,چهارشنبه از 09:00 تا 10:30,سمیه رحیمی,,18,,1405/03/09 از 08:00 تا 10:00,163 - شيراز-ورزشی پیروانی سالن ب,كارشناسي پيوسته,حضوري,ارائه در سطح دانشکده,,گروه آموزشي دروس عمومي(7116399),163 - شيراز(163),163 - شيراز(71163),71 - فارس(71)
99079,تربیت بدنی,نظري_عملي,0.50,0.50,45,خواهران,چهارشنبه از 12:00 تا 13:30,سمیه رحیمی,,20,,1405/03/09 از 08:00 تا 10:00,163 - شيراز-ورزشی پیروانی سالن ب,كارشناسي پيوسته,حضوري,ارائه در سطح دانشکده,,گروه آموزشي دروس عمومي(7116399),163 - شيراز(163),163 - شيراز(71163),71 - فارس(71)
99079,تربیت بدنی,نظري_عملي,0.50,0.50,43,خواهران,چهارشنبه از 10:30 تا 12:00,سمیه رحیمی,,20,,1405/03/09 از 08:00 تا 10:00,163 - شيراز-ورزشی پیروانی سالن ب,كارشناسي پيوسته,حضوري,ارائه در سطح دانشکده,,گروه آموزشي دروس عمومي(7116399),163 - شيراز(163),163 - شيراز(71163),71 - فارس(71)
99079,تربیت بدنی,نظري_عملي,0.50,0.50,42,خواهران,چهارشنبه از 07:30 تا 09:00,سمیه رحیمی,,23,,1405/03/09 از 08:00 تا 12:00,163 - شيراز-ورزشی پیروانی سالن ب,كارشناسي پيوسته,حضوري,ارائه در سطح دانشکده,,گروه آموزشي دروس عمومي(7116399),163 - شيراز(163),163 - شيراز(71163),71 - فارس(71)
99079,تربیت بدنی,نظري_عملي,0.50,0.50,41,خواهران,چهارشنبه از 12:00 تا 13:30,نسترن تاجديني,,20,,1405/03/09 از 08:00 تا 10:00,163 - شيراز- ورزشی توانا سالن ب,كارشناسي پيوسته,حضوري,ارائه در سطح دانشکده,,گروه آموزشي دروس عمومي(7116399),163 - شيراز(163),163 - شيراز(71163),71 - فارس(71)
99079,تربیت بدنی,نظري_عملي,0.50,0.50,40,خواهران,چهارشنبه از 10:30 تا 12:00,نسترن تاجديني,,20,,1405/03/09 از 08:00 تا 10:00,163 - شيراز- ورزشی توانا سالن ب,كارشناسي پيوسته,حضوري,ارائه در سطح دانشکده,,گروه آموزشي دروس عمومي(7116399),163 - شيراز(163),163 - شيراز(71163),71 - فارس(71)
99079,تربیت بدنی,نظري_عملي,0.50,0.50,39,خواهران,چهارشنبه از 09:00 تا 10:30,نسترن تاجديني,,20,,1405/03/09 از 08:00 تا 10:00,163 - شيراز- ورزشی توانا سالن ب,كارشناسي پيوسته,حضوري,ارائه در سطح دانشکده,,گروه آموزشي دروس عمومي(7116399),163 - شيراز(163),163 - شيراز(71163),71 - فارس(71)
99079,تربیت بدنی,نظري_عملي,0.50,0.50,38,خواهران,چهارشنبه از 07:30 تا 09:00,نسترن تاجديني,,22,,1405/03/09 از 08:00 تا 10:00,163 - شيراز- ورزشی توانا سالن ب,كارشناسي پيوسته,حضوري,ارائه در سطح دانشکده,,گروه آموزشي دروس عمومي(7116399),163 - شيراز(163),163 - شيراز(71163),71 - فارس(71)
99079,تربیت بدنی,نظري_عملي,0.50,0.50,35,خواهران,سه شنبه از 09:00 تا 10:30,مريم تعقل,,20,,1405/03/09 از 08:00 تا 10:00,163 - شيراز- ورزشی توانا سالن ب,كارشناسي پيوسته,حضوري,ارائه در سطح دانشکده,,گروه آموزشي دروس عمومي(7116399),163 - شيراز(163),163 - شيراز(71163),71 - فارس(71)
99079,تربیت بدنی,نظري_عملي,0.50,0.50,34,خواهران,سه شنبه از 07:30 تا 09:00,مريم تعقل,,20,,1405/03/09 از 08:00 تا 10:00,163 - شيراز- ورزشی توانا سالن ب,كارشناسي پيوسته,حضوري,ارائه در سطح دانشکده,,گروه آموزشي دروس عمومي(7116399),163 - شيراز(163),163 - شيراز(71163),71 - فارس(71)
99079,تربیت بدنی,نظري_عملي,0.50,0.50,32,خواهران,سه شنبه از 12:00 تا 13:30,فاطمه حميدي داليني,,20,,1405/03/09 از 08:00 تا 10:00,163 - شيراز- ورزشی توانا سالن الف,كارشناسي پيوسته,حضوري,ارائه در سطح دانشکده,,گروه آموزشي دروس عمومي(7116399),163 - شيراز(163),163 - شيراز(71163),71 - فارس(71)
99079,تربیت بدنی,نظري_عملي,0.50,0.50,33,خواهران,سه شنبه از 10:30 تا 12:00,فاطمه حميدي داليني,,20,,1405/03/09 از 08:00 تا 10:00,163 - شيراز- ورزشی توانا سالن الف,كارشناسي پيوسته,حضوري,ارائه در سطح دانشکده,,گروه آموزشي دروس عمومي(7116399),163 - شيراز(163),163 - شيراز(71163),71 - فارس(71)
99079,تربیت بدنی,نظري_عملي,0.50,0.50,31,خواهران,سه شنبه از 09:00 تا 10:30,فاطمه حميدي داليني,,20,,1405/03/09 از 08:00 تا 10:00,163 - شيراز- ورزشی توانا سالن الف,كارشناسي پيوسته,حضوري,ارائه در سطح دانشکده,,گروه آموزشي دروس عمومي(7116399),163 - شيراز(163),163 - شيراز(71163),71 - فارس(71)
99079,تربیت بدنی,نظري_عملي,0.50,0.50,30,خواهران,سه شنبه از 07:30 تا 09:00,فاطمه حميدي داليني,,20,,1405/03/09 از 08:00 تا 10:00,163 - شيراز- ورزشی توانا سالن الف,كارشناسي پيوسته,حضوري,ارائه در سطح دانشکده,,گروه آموزشي دروس عمومي(7116399),163 - شيراز(163),163 - شيراز(71163),71 - فارس(71)
99079,تربیت بدنی,نظري_عملي,0.50,0.50,29,خواهران,دوشنبه از 13:30 تا 15:00,نسیبه کاظمی,,20,,1405/03/09 از 08:00 تا 10:00,163 - شيراز-ورزشی پیروانی سالن ب,كارشناسي پيوسته,حضوري,ارائه در سطح دانشکده,,گروه آموزشي دروس عمومي(7116399),163 - شيراز(163),163 - شيراز(71163),71 - فارس(71)
99079,تربیت بدنی,نظري_عملي,0.50,0.50,28,خواهران,دوشنبه از 12:00 تا 13:30,معصومه بگياسا,,20,,1405/03/16 از 08:00 تا 10:00,163 - شيراز-ورزشی پیروانی سالن الف,كارشناسي پيوسته,حضوري,ارائه در سطح دانشکده,,گروه آموزشي دروس عمومي(7116399),163 - شيراز(163),163 - شيراز(71163),71 - فارس(71)
99079,تربیت بدنی,نظري_عملي,0.50,0.50,27,خواهران,دوشنبه از 10:30 تا 12:00,معصومه بگياسا,,20,,1405/03/09 از 08:00 تا 10:00,163 - شيراز-ورزشی پیروانی سالن الف,كارشناسي پيوسته,حضوري,ارائه در سطح دانشکده,,گروه آموزشي دروس عمومي(7116399),163 - شيراز(163),163 - شيراز(71163),71 - فارس(71)
99079,تربیت بدنی,نظري_عملي,0.50,0.50,26,خواهران,دوشنبه از 09:00 تا 10:30,معصومه بگياسا,,20,,1405/03/09 از 08:00 تا 10:00,163 - شيراز-ورزشی پیروانی سالن الف,كارشناسي پيوسته,حضوري,ارائه در سطح دانشکده,,گروه آموزشي دروس عمومي(7116399),163 - شيراز(163),163 - شيراز(71163),71 - فارس(71)
99079,تربیت بدنی,نظري_عملي,0.50,0.50,25,خواهران,دوشنبه از 07:30 تا 09:00,معصومه بگياسا,,20,,1405/03/09 از 08:00 تا 10:00,163 - شيراز-ورزشی پیروانی سالن الف,كارشناسي پيوسته,حضوري,ارائه در سطح دانشکده,,گروه آموزشي دروس عمومي(7116399),163 - شيراز(163),163 - شيراز(71163),71 - فارس(71)
99079,تربیت بدنی,نظري_عملي,0.50,0.50,24,خواهران,دوشنبه از 12:00 تا 13:30,مهناز فیروزی,,20,,1405/03/09 از 08:00 تا 10:00,163 - شيراز- ورزشی توانا سالن الف,كارشناسي پيوسته,حضوري,ارائه در سطح دانشکده,,گروه آموزشي دروس عمومي(7116399),163 - شيراز(163),163 - شيراز(71163),71 - فارس(71)
99079,تربیت بدنی,نظري_عملي,0.50,0.50,23,خواهران,دوشنبه از 10:30 تا 12:00,طاهره کهن,,20,,1405/03/09 از 08:00 تا 10:00,163 - شيراز- ورزشی توانا سالن الف,كارشناسي پيوسته,حضوري,ارائه در سطح دانشکده,,گروه آموزشي دروس عمومي(7116399),163 - شيراز(163),163 - شيراز(71163),71 - فارس(71)
99079,تربیت بدنی,نظري_عملي,0.50,0.50,22,خواهران,دوشنبه از 09:00 تا 10:30,طاهره کهن,,20,,1405/03/09 از 08:00 تا 10:00,163 - شيراز- ورزشی توانا سالن الف,كارشناسي پيوسته,حضوري,ارائه در سطح دانشکده,,گروه آموزشي دروس عمومي(7116399),163 - شيراز(163),163 - شيراز(71163),71 - فارس(71)
99079,تربیت بدنی,نظري_عملي,0.50,0.50,21,خواهران,يكشنبه از 13:30 تا 15:00,مهناز فیروزی,,20,,1405/03/09 از 08:00 تا 10:00,163 - شيراز- ورزشی توانا سالن ب,كارشناسي پيوسته,حضوري,ارائه در سطح دانشکده,,گروه آموزشي دروس عمومي(7116399),163 - شيراز(163),163 - شيراز(71163),71 - فارس(71)
99079,تربیت بدنی,نظري_عملي,0.50,0.50,20,خواهران,يكشنبه از 12:00 تا 13:30,مهناز فیروزی,,20,,1405/03/09 از 08:00 تا 10:00,163 - شيراز- ورزشی توانا سالن ب,كارشناسي پيوسته,حضوري,ارائه در سطح دانشکده,,گروه آموزشي دروس عمومي(7116399),163 - شيراز(163),163 - شيراز(71163),71 - فارس(71)
99079,تربیت بدنی,نظري_عملي,0.50,0.50,19,خواهران,يكشنبه از 10:30 تا 12:00,مهناز فیروزی,,20,,1405/03/09 از 08:00 تا 10:00,163 - شيراز- ورزشی توانا سالن ب,كارشناسي پيوسته,حضوري,ارائه در سطح دانشکده,,گروه آموزشي دروس عمومي(7116399),163 - شيراز(163),163 - شيراز(71163),71 - فارس(71)
99079,تربیت بدنی,نظري_عملي,0.50,0.50,18,خواهران,يكشنبه از 09:00 تا 10:30,مهناز فیروزی,,20,,1405/03/09 از 08:00 تا 10:00,163 - شيراز- ورزشی توانا سالن ب,كارشناسي پيوسته,حضوري,ارائه در سطح دانشکده,,گروه آموزشي دروس عمومي(7116399),163 - شيراز(163),163 - شيراز(71163),71 - فارس(71)
99079,تربیت بدنی,نظري_عملي,0.50,0.50,17,خواهران,يكشنبه از 13:30 تا 15:00,عظما صفری,,20,,1405/03/09 از 08:00 تا 10:00,163 - شيراز- ورزشی توانا سالن الف,كارشناسي پيوسته,حضوري,ارائه در سطح دانشکده,,گروه آموزشي دروس عمومي(7116399),163 - شيراز(163),163 - شيراز(71163),71 - فارس(71)
90755,انقلاب اسلامی ایران,نظري,2,0,1639075561,خواهران - پیشقدم,چهارشنبه از 15:00 تا 16:45,حمید محمودیان عطاآبادی,,45,,1405/04/07 از 16:30 تا 18:00,علوم انسانی-8,كارشناسي پيوسته,حضوري,ارائه در سطح دانشکده,,گروه آموزشي دروس عمومي(7116399),163 - شيراز(163),163 - شيراز(71163),71 - فارس(71)
99041,تاریخ تحلیلی صدر اسلام‌,نظري,2,0,1639904137,برادران,يكشنبه از 09:15 تا 11:00,حمید محمودیان عطاآبادی,,0,,1405/04/11 از 16:30 تا 18:00,,كارشناسي پيوسته,حضوري,ارائه در سطح دانشکده,,گروه آموزشي دروس عمومي(7116399),163 - شيراز(163),163 - شيراز(71163),71 - فارس(71)
99041,تاریخ تحلیلی صدر اسلام‌,نظري,2,0,1639904136,برادران - دکتر عابدی,يكشنبه از 07:30 تا 09:15,عبدالحمید فرزانه,,0,,1405/04/11 از 16:30 تا 18:00,اقتصاد ومدیریت-005,كارشناسي پيوسته,حضوري,ارائه در سطح دانشکده,,گروه آموزشي دروس عمومي(7116399),163 - شيراز(163),163 - شيراز(71163),71 - فارس(71)
99041,تاریخ تحلیلی صدر اسلام‌,نظري,2,0,1639904135,برادران- دکتر عابدی,چهارشنبه از 07:30 تا 09:15,عبدالحمید فرزانه,,0,,1405/04/11 از 16:30 تا 18:00,اقتصاد ومدیریت-007,كارشناسي پيوسته,حضوري,ارائه در سطح دانشکده,,گروه آموزشي دروس عمومي(7116399),163 - شيراز(163),163 - شيراز(71163),71 - فارس(71)
90755,انقلاب اسلامی ایران,نظري,2,0,1639075557,خواهران- مهارتی,پنج شنبه از 13:15 تا 15:00,سيد حسين حقايقي,,0,,1405/04/07 از 16:30 تا 18:00,,كارشناسي پيوسته,حضوري,ارائه در سطح دانشکده,,گروه آموزشي دروس عمومي(7116399),163 - شيراز(163),163 - شيراز(71163),71 - فارس(71)
90755,انقلاب اسلامی ایران,نظري,2,0,1639075558,خواهران- مهارتی,پنج شنبه از 11:00 تا 12:00 پنج شنبه از ...,سيد حسين حقايقي,,0,,1405/04/07 از 16:30 تا 18:00,,كارشناسي پيوسته,حضوري,ارائه در سطح دانشکده,,گروه آموزشي دروس عمومي(7116399),163 - شيراز(163),163 - شيراز(71163),71 - فارس(71)
90755,انقلاب اسلامی ایران,نظري,2,0,1639075559,برادران- مهارتی,پنج شنبه از 09:15 تا 11:00,سيد حسين حقايقي,,0,,1405/04/07 از 16:30 تا 18:00,,كارشناسي پيوسته,حضوري,ارائه در سطح دانشکده,,گروه آموزشي دروس عمومي(7116399),163 - شيراز(163),163 - شيراز(71163),71 - فارس(71)
90755,انقلاب اسلامی ایران,نظري,2,0,1639075556,برادران - مهارتی,پنج شنبه از 07:30 تا 09:15,سيد حسين حقايقي,,0,,1405/04/07 از 16:30 تا 18:00,,كارشناسي پيوسته,حضوري,ارائه در سطح دانشکده,,گروه آموزشي دروس عمومي(7116399),163 - شيراز(163),163 - شيراز(71163),71 - فارس(71)
98961,اخلاق اسلامی (مبانی و مفاهیم),نظري,2,0,1639896135,دانشجویان دام پزشکی و پرستاری,چهارشنبه از 15:00 تا 16:45,سیدمحمدحسین معزی,,0,,1405/04/15 از 16:30 تا 18:00,پرستاری-205,كارشناسي پيوسته,حضوري,ارائه در سطح دانشکده,,گروه آموزشي دروس عمومي(7116399),163 - شيراز(163),163 - شيراز(71163),71 - فارس(71)
98961,اخلاق اسلامی (مبانی و مفاهیم),نظري,2,0,1639896138,برادران- استاد خنشا-مهارتی,پنج شنبه از 13:15 تا 15:00,فرخ حبیبی مهکویه,,0,,1405/04/15 از 16:30 تا 18:00,,كارشناسي پيوسته,حضوري,ارائه در سطح دانشکده,,گروه آموزشي دروس عمومي(7116399),163 - شيراز(163),163 - شيراز(71163),71 - فارس(71)
98961,اخلاق اسلامی (مبانی و مفاهیم),نظري,2,0,1639896137,خواهران- استاد خنشا -مهارتی,پنج شنبه از 11:00 تا 12:00 پنج شنبه از ...,فرخ حبیبی مهکویه,,0,,1405/04/15 از 16:30 تا 18:00,,كارشناسي پيوسته,حضوري,ارائه در سطح دانشکده,,گروه آموزشي دروس عمومي(7116399),163 - شيراز(163),163 - شيراز(71163),71 - فارس(71)
90128,دانش خانواده و جمعیت,نظري,2,0,1639012843,خواهران- استاد خنشا -مهارتی,پنج شنبه از 09:15 تا 11:00,عبدالعلی تجرد,,0,,1405/04/17 از 16:30 تا 18:00,,كارشناسي پيوسته,حضوري,ارائه در سطح دانشکده,,گروه آموزشي دروس عمومي(7116399),163 - شيراز(163),163 - شيراز(71163),71 - فارس(71)
90128,دانش خانواده و جمعیت,نظري,2,0,1639012839,برادران- استاد خنشا - مهارتی,پنج شنبه از 07:30 تا 09:15,عبدالعلی تجرد,,0,,1405/04/17 از 16:30 تا 18:00,,كارشناسي پيوسته,حضوري,ارائه در سطح دانشکده,,گروه آموزشي دروس عمومي(7116399),163 - شيراز(163),163 - شيراز(71163),71 - فارس(71)
90128,دانش خانواده و جمعیت,نظري,2,0,1639012836,برادران- استاد خنشا,سه شنبه از 13:15 تا 15:00,حمید محمودیان عطاآبادی,,45,,1405/04/17 از 16:30 تا 18:00,هنر و معماری- 1,كارشناسي پيوسته,حضوري,ارائه در سطح دانشکده,,گروه آموزشي دروس عمومي(7116399),163 - شيراز(163),163 - شيراز(71163),71 - فارس(71)
90128,دانش خانواده و جمعیت,نظري,2,0,1639012835,برادران- استاد خنشا,سه شنبه از 11:00 تا 12:00 سه شنبه از ...,حمید محمودیان عطاآبادی,,45,,1405/04/17 از 16:30 تا 18:00,هنر و معماری- 1,كارشناسي پيوسته,حضوري,ارائه در سطح دانشکده,,گروه آموزشي دروس عمومي(7116399),163 - شيراز(163),163 - شيراز(71163),71 - فارس(71)
98961,اخلاق اسلامی (مبانی و مفاهیم),نظري,2,0,1639896141,برادران- استاد خنشا,سه شنبه از 16:45 تا 18:30,حمید محمودیان عطاآبادی,,45,,1405/04/15 از 16:30 تا 18:00,هنر و معماری- 1,كارشناسي پيوسته,حضوري,ارائه در سطح دانشکده,,گروه آموزشي دروس عمومي(7116399),163 - شيراز(163),163 - شيراز(71163),71 - فارس(71)
98961,اخلاق اسلامی (مبانی و مفاهیم),نظري,2,0,1639896140,برادران- استاد خنشا,سه شنبه از 15:00 تا 16:45,حمید محمودیان عطاآبادی,,45,,1405/04/15 از 16:30 تا 18:00,هنر و معماری- 1,كارشناسي پيوسته,حضوري,ارائه در سطح دانشکده,,گروه آموزشي دروس عمومي(7116399),163 - شيراز(163),163 - شيراز(71163),71 - فارس(71)
99073,اندیشه های امامین انقلاب اسلامی و وصایای حضرت امام خمینی(ره),نظري,1,0,1639907363,خواهران,چهارشنبه از 11:00 تا 12:00 چهارشنبه از ...,حامد باقري,,0,,1405/04/13 از 16:30 تا 18:00,مهندسی یک-319,كارشناسي پيوسته,حضوري,ارائه در سطح دانشکده,,گروه آموزشي دروس عمومي(7116399),163 - شيراز(163),163 - شيراز(71163),71 - فارس(71)
99073,اندیشه های امامین انقلاب اسلامی و وصایای حضرت امام خمینی(ره),نظري,1,0,1639907392,خواهران,چهارشنبه از 13:15 تا 15:00,حامد باقري,,0,,1405/04/13 از 16:30 تا 18:00,,كارشناسي پيوسته,حضوري,ارائه در سطح دانشکده,,گروه آموزشي دروس عمومي(7116399),163 - شيراز(163),163 - شيراز(71163),71 - فارس(71)
99073,اندیشه های امامین انقلاب اسلامی و وصایای حضرت امام خمینی(ره),نظري,1,0,1639907362,برادران,چهارشنبه از 15:00 تا 16:45,حامد باقري,,45,,1405/04/13 از 16:30 تا 18:00,مهندسی یک-115,كارشناسي پيوسته,حضوري,ارائه در سطح دانشکده,,گروه آموزشي دروس عمومي(7116399),163 - شيراز(163),163 - شيراز(71163),71 - فارس(71)
99073,اندیشه های امامین انقلاب اسلامی و وصایای حضرت امام خمینی(ره),نظري,1,0,1639907361,خواهران,چهارشنبه از 16:45 تا 18:30,حامد باقري,,0,,1405/04/13 از 16:30 تا 18:00,مهندسی یک-319,كارشناسي پيوسته,حضوري,ارائه در سطح دانشکده,,گروه آموزشي دروس عمومي(7116399),163 - شيراز(163),163 - شيراز(71163),71 - فارس(71)
55006,زبان فارسی (پیش نیاز دانشگاهی),نظري,2,0,16310000000000001664,,سه شنبه از 16:00 تا 17:30,شیما گیل,,55,,1405/04/10 از 09:00 تا 10:00,,كارشناسي پيوسته,حضوري,ارائه در سطح دانشکده,,گروه آموزشي دروس عمومي(7116399),163 - شيراز(163),163 - شيراز(71163),71 - فارس(71)
99092,زبان انگلیسی عمومی-ترکیبی(3),نظري,1,0,4042032,,يكشنبه از 13:30 تا 14:30,وفا شجاع منش,,100,,1405/04/20 از 10:00 تا 12:00,,كارشناسي پيوسته,حضوري,ارائه در سطح دانشکده,,گروه آموزشي دروس عمومي(7116399),163 - شيراز(163),163 - شيراز(71163),71 - فارس(71)
90029,فارسی,نظري,3,0,16310000000000001587,,يكشنبه از 13:15 تا 15:45,محمدرضا اصل مشتاقي,,55,,1405/04/11 از 09:00 تا 10:00,,كارشناسي پيوسته,حضوري,ارائه در سطح دانشکده,,گروه آموزشي دروس عمومي(7116399),163 - شيراز(163),163 - شيراز(71163),71 - فارس(71)
55006,زبان فارسی (پیش نیاز دانشگاهی),نظري,2,0,16310000000000001586,,يكشنبه از 10:30 تا 12:00,محمدرضا اصل مشتاقي,,55,,1405/04/10 از 09:00 تا 10:00,,كارشناسي پيوسته,حضوري,ارائه در سطح دانشکده,,گروه آموزشي دروس عمومي(7116399),163 - شيراز(163),163 - شيراز(71163),71 - فارس(71)
90029,فارسی,نظري,3,0,16310000000000001585,,يكشنبه از 07:30 تا 10:15,محمدرضا اصل مشتاقي,,55,,1405/04/11 از 09:00 تا 10:00,,كارشناسي پيوسته,حضوري,ارائه در سطح دانشکده,,گروه آموزشي دروس عمومي(7116399),163 - شيراز(163),163 - شيراز(71163),71 - فارس(71)
90029,فارسی,نظري,3,0,16310000000000001584,,سه شنبه از 13:15 تا 15:45,شیما گیل,,55,,1405/04/11 از 09:00 تا 10:00,,كارشناسي پيوسته,حضوري,ارائه در سطح دانشکده,,گروه آموزشي دروس عمومي(7116399),163 - شيراز(163),163 - شيراز(71163),71 - فارس(71)
90029,فارسی,نظري,3,0,16310000000000001583,,دوشنبه از 15:45 تا 18:30,شیما گیل,,55,,1405/04/11 از 09:00 تا 10:00,,كارشناسي پيوسته,حضوري,ارائه در سطح دانشکده,,گروه آموزشي دروس عمومي(7116399),163 - شيراز(163),163 - شيراز(71163),71 - فارس(71)
55006,زبان فارسی (پیش نیاز دانشگاهی),نظري,2,0,16310000000000001582,,دوشنبه از 14:00 تا 15:30,شیما گیل,,55,,1405/04/10 از 09:00 تا 10:00,,كارشناسي پيوسته,حضوري,ارائه در سطح دانشکده,,گروه آموزشي دروس عمومي(7116399),163 - شيراز(163),163 - شيراز(71163),71 - فارس(71)
55006,زبان فارسی (پیش نیاز دانشگاهی),نظري,2,0,16310000000000001581,,دوشنبه از 12:30 تا 14:00,شیما گیل,,55,,1405/04/10 از 09:00 تا 10:00,,كارشناسي پيوسته,حضوري,ارائه در سطح دانشکده,,گروه آموزشي دروس عمومي(7116399),163 - شيراز(163),163 - شيراز(71163),71 - فارس(71)
90763,تفسیر موضوعی قرآن,نظري,2,0,1639076333,خواهران,چهارشنبه از 16:45 تا 18:30,احمد جعفري,,45,,1405/04/09 از 16:30 تا 18:00,اقتصاد ومدیریت-006,كارشناسي پيوسته,حضوري,ارائه در سطح دانشکده,,گروه آموزشي دروس عمومي(7116399),163 - شيراز(163),163 - شيراز(71163),71 - فارس(71)
90029,فارسی,نظري,3,0,16310000000000001575,,چهارشنبه از 15:45 تا 18:30,شهرناز نجاتي,,55,,1405/04/11 از 09:00 تا 10:00,,كارشناسي پيوسته,حضوري,ارائه در سطح دانشکده,,گروه آموزشي دروس عمومي(7116399),163 - شيراز(163),163 - شيراز(71163),71 - فارس(71)
90763,تفسیر موضوعی قرآن,نظري,2,0,1639076332,برادران,يكشنبه از 16:45 تا 18:30,سید مسعود زبرجد,,45,,1405/04/09 از 16:30 تا 18:00,مهندسی یک-319,كارشناسي پيوسته,حضوري,ارائه در سطح دانشکده,,گروه آموزشي دروس عمومي(7116399),163 - شيراز(163),163 - شيراز(71163),71 - فارس(71)
90763,تفسیر موضوعی قرآن,نظري,2,0,1639076331,برادران,يكشنبه از 15:00 تا 16:45,سید مسعود زبرجد,,45,,1405/04/09 از 16:30 تا 18:00,مهندسی یک-319,كارشناسي پيوسته,حضوري,ارائه در سطح دانشکده,,گروه آموزشي دروس عمومي(7116399),163 - شيراز(163),163 - شيراز(71163),71 - فارس(71)
90763,تفسیر موضوعی قرآن,نظري,2,0,1639076330,خواهران,يكشنبه از 13:15 تا 15:00,سید مسعود زبرجد,,0,,1405/04/09 از 16:30 تا 18:00,,كارشناسي پيوسته,حضوري,ارائه در سطح دانشکده,,گروه آموزشي دروس عمومي(7116399),163 - شيراز(163),163 - شيراز(71163),71 - فارس(71)
99062,ورزش 1,عملي,0,1,65,برادران,يكشنبه از 18:00 تا 19:30,قباد حسن پور,,18,,1405/03/16 از 08:00 تا 10:00,163 - شيراز-سالن ورزشی هنر و معماری 1,كارشناسي پيوسته,حضوري,ارائه در سطح دانشکده,,گروه آموزشي دروس عمومي(7116399),163 - شيراز(163),163 - شيراز(71163),71 - فارس(71)
99062,ورزش 1,عملي,0,1,64,برادران,يكشنبه از 16:30 تا 18:00,قباد حسن پور,,18,,1405/03/16 از 08:00 تا 10:00,163 - شيراز-سالن ورزشی هنر و معماری 1,كارشناسي پيوسته,حضوري,ارائه در سطح دانشکده,,گروه آموزشي دروس عمومي(7116399),163 - شيراز(163),163 - شيراز(71163),71 - فارس(71)
99079,تربیت بدنی,نظري_عملي,0.50,0.50,68,برادران,يكشنبه از 11:00 تا 12:30,وحید رفیعی ده بیدی,,18,,1405/03/09 از 08:00 تا 10:00,163 - شيراز-سالن ورزشی هنر و معماری 1,كارشناسي پيوسته,حضوري,ارائه در سطح دانشکده,,گروه آموزشي دروس عمومي(7116399),163 - شيراز(163),163 - شيراز(71163),71 - فارس(71)
99079,تربیت بدنی,نظري_عملي,0.50,0.50,67,برادران,يكشنبه از 15:00 تا 16:30,قباد حسن پور,,18,,1405/03/09 از 08:00 تا 10:00,163 - شيراز-سالن ورزشی هنر و معماری 1,كارشناسي پيوسته,حضوري,ارائه در سطح دانشکده,,گروه آموزشي دروس عمومي(7116399),163 - شيراز(163),163 - شيراز(71163),71 - فارس(71)
99079,تربیت بدنی,نظري_عملي,0.50,0.50,66,برادران,يكشنبه از 13:30 تا 15:00,قباد حسن پور,,18,,1405/03/09 از 08:00 تا 10:00,163 - شيراز-سالن ورزشی هنر و معماری 1,كارشناسي پيوسته,حضوري,ارائه در سطح دانشکده,,گروه آموزشي دروس عمومي(7116399),163 - شيراز(163),163 - شيراز(71163),71 - فارس(71)
90029,فارسی,نظري,3,0,16310000000000001376,,يكشنبه از 13:15 تا 15:45,زینت نوروز نژاد فرد,,55,,1405/04/11 از 09:00 تا 10:00,,كارشناسي پيوسته,حضوري,ارائه در سطح دانشکده,,گروه آموزشي دروس عمومي(7116399),163 - شيراز(163),163 - شيراز(71163),71 - فارس(71)
55006,زبان فارسی (پیش نیاز دانشگاهی),نظري,2,0,16310000000000001375,,يكشنبه از 10:30 تا 11:45,زینت نوروز نژاد فرد,,55,,1405/04/10 از 09:00 تا 10:00,,كارشناسي پيوسته,حضوري,ارائه در سطح دانشکده,,گروه آموزشي دروس عمومي(7116399),163 - شيراز(163),163 - شيراز(71163),71 - فارس(71)
55006,زبان فارسی (پیش نیاز دانشگاهی),نظري,2,0,16310000000000001374,,يكشنبه از 09:00 تا 10:30,زینت نوروز نژاد فرد,,55,,1405/04/10 از 09:00 تا 10:00,,كارشناسي پيوسته,حضوري,ارائه در سطح دانشکده,,گروه آموزشي دروس عمومي(7116399),163 - شيراز(163),163 - شيراز(71163),71 - فارس(71)
55006,زبان فارسی (پیش نیاز دانشگاهی),نظري,2,0,16310000000000001373,,يكشنبه از 07:30 تا 09:00,زینت نوروز نژاد فرد,,55,,1405/04/10 از 09:00 تا 10:00,,كارشناسي پيوسته,حضوري,ارائه در سطح دانشکده,,گروه آموزشي دروس عمومي(7116399),163 - شيراز(163),163 - شيراز(71163),71 - فارس(71)
90029,فارسی,نظري,3,0,16310000000000001372,,دوشنبه از 10:15 تا 11:45 دوشنبه از از ...,فريده مرعشي,,55,,1405/04/11 از 09:00 تا 10:00,,كارشناسي پيوسته,حضوري,ارائه در سطح دانشکده,,گروه آموزشي دروس عمومي(7116399),163 - شيراز(163),163 - شيراز(71163),71 - فارس(71)
90029,فارسی,نظري,3,0,16310000000000001371,,دوشنبه از 07:30 تا 10:15,فريده مرعشي,,55,,1405/04/11 از 09:00 تا 10:00,,كارشناسي پيوسته,حضوري,ارائه در سطح دانشکده,,گروه آموزشي دروس عمومي(7116399),163 - شيراز(163),163 - شيراز(71163),71 - فارس(71)
90029,فارسی,نظري,3,0,16310000000000001370,,يكشنبه از 13:15 تا 15:45,زهرا لطیفی,,55,,1405/04/11 از 09:00 تا 10:00,,كارشناسي پيوسته,حضوري,ارائه در سطح دانشکده,,گروه آموزشي دروس عمومي(7116399),163 - شيراز(163),163 - شيراز(71163),71 - فارس(71)
90029,فارسی,نظري,3,0,16310000000000001369,,يكشنبه از 10:15 تا 11:45 يكشنبه از از ...,زهرا لطیفی,,55,,1405/04/11 از 09:00 تا 10:00,,كارشناسي پيوسته,حضوري,ارائه در سطح دانشکده,,گروه آموزشي دروس عمومي(7116399),163 - شيراز(163),163 - شيراز(71163),71 - فارس(71)
90029,فارسی,نظري,3,0,16310000000000001368,,يكشنبه از 07:30 تا 10:15,زهرا لطیفی,,55,,1405/04/11 از 09:00 تا 10:00,,كارشناسي پيوسته,حضوري,ارائه در سطح دانشکده,,گروه آموزشي دروس عمومي(7116399),163 - شيراز(163),163 - شيراز(71163),71 - فارس(71)
90029,فارسی,نظري,3,0,16310000000000001366,,شنبه از 10:15 تا 11:45 شنبه از از ...,شهره خادمی,,55,,1405/04/11 از 09:00 تا 10:00,,كارشناسي پيوسته,حضوري,ارائه در سطح دانشکده,,گروه آموزشي دروس عمومي(7116399),163 - شيراز(163),163 - شيراز(71163),71 - فارس(71)
90029,فارسی,نظري,3,0,16310000000000001365,,شنبه از 07:30 تا 10:15,شهره خادمی,,55,,1405/04/11 از 09:00 تا 10:00,,كارشناسي پيوسته,حضوري,ارائه در سطح دانشکده,,گروه آموزشي دروس عمومي(7116399),163 - شيراز(163),163 - شيراز(71163),71 - فارس(71)
99062,ورزش 1,عملي,0,1,63,خواهران,چهارشنبه از 12:00 تا 13:30,ازيتا بردبار,,18,,1405/03/16 از 08:00 تا 10:00,,كارشناسي پيوسته,حضوري,ارائه در سطح دانشکده,,گروه آموزشي دروس عمومي(7116399),163 - شيراز(163),163 - شيراز(71163),71 - فارس(71)
99062,ورزش 1,عملي,0,1,62,خواهران,چهارشنبه از 10:30 تا 12:00,ازيتا بردبار,,18,,1405/03/16 از 08:00 تا 10:00,163 - شيراز-ورزشی پیروانی سالن الف,كارشناسي پيوسته,حضوري,ارائه در سطح دانشکده,,گروه آموزشي دروس عمومي(7116399),163 - شيراز(163),163 - شيراز(71163),71 - فارس(71)
99062,ورزش 1,عملي,0,1,61,خواهران,چهارشنبه از 09:00 تا 10:30,ازيتا بردبار,,18,,1405/03/16 از 08:00 تا 10:00,163 - شيراز-ورزشی پیروانی سالن الف,كارشناسي پيوسته,حضوري,ارائه در سطح دانشکده,,گروه آموزشي دروس عمومي(7116399),163 - شيراز(163),163 - شيراز(71163),71 - فارس(71)
99062,ورزش 1,عملي,0,1,60,خواهران,چهارشنبه از 07:30 تا 09:00,ازيتا بردبار,,18,,1405/03/16 از 08:00 تا 10:00,163 - شيراز-ورزشی پیروانی سالن الف,كارشناسي پيوسته,حضوري,ارائه در سطح دانشکده,,گروه آموزشي دروس عمومي(7116399),163 - شيراز(163),163 - شيراز(71163),71 - فارس(71)
99062,ورزش 1,عملي,0,1,4559,خواهران,شنبه از 12:00 تا 13:30,سعيده فروغي رودبالي,,18,,1405/03/16 از 08:00 تا 10:00,163 - شيراز-ورزشی پیروانی سالن ب,كارشناسي پيوسته,حضوري,ارائه در سطح دانشکده,,گروه آموزشي دروس عمومي(7116399),163 - شيراز(163),163 - شيراز(71163),71 - فارس(71)
99062,ورزش 1,عملي,0,1,58,خواهران,شنبه از 10:30 تا 12:00,سعيده فروغي رودبالي,,18,,1405/03/16 از 08:00 تا 10:00,163 - شيراز-ورزشی پیروانی سالن ب,كارشناسي پيوسته,حضوري,ارائه در سطح دانشکده,,گروه آموزشي دروس عمومي(7116399),163 - شيراز(163),163 - شيراز(71163),71 - فارس(71)
99062,ورزش 1,عملي,0,1,57,خواهران,شنبه از 09:00 تا 10:30,سعيده فروغي رودبالي,,18,,1405/03/16 از 08:00 تا 10:00,163 - شيراز-ورزشی پیروانی سالن ب,كارشناسي پيوسته,حضوري,ارائه در سطح دانشکده,,گروه آموزشي دروس عمومي(7116399),163 - شيراز(163),163 - شيراز(71163),71 - فارس(71)
99062,ورزش 1,عملي,0,1,56,خواهران,شنبه از 07:30 تا 09:00,سعيده فروغي رودبالي,,18,,1405/03/16 از 08:00 تا 10:00,163 - شيراز-ورزشی پیروانی سالن ب,كارشناسي پيوسته,حضوري,ارائه در سطح دانشکده,,گروه آموزشي دروس عمومي(7116399),163 - شيراز(163),163 - شيراز(71163),71 - فارس(71)
99079,تربیت بدنی,نظري_عملي,0.50,0.50,65,خواهران,شنبه از 12:00 تا 13:30,نيلوفر سخنداني,,18,,1405/03/09 از 08:00 تا 10:00,163 - شيراز-ورزشی پیروانی سالن الف,كارشناسي پيوسته,حضوري,ارائه در سطح دانشکده,,گروه آموزشي دروس عمومي(7116399),163 - شيراز(163),163 - شيراز(71163),71 - فارس(71)
99079,تربیت بدنی,نظري_عملي,0.50,0.50,64,خواهران,شنبه از 10:30 تا 12:00,نيلوفر سخنداني,,18,,1405/03/09 از 08:00 تا 10:00,163 - شيراز-ورزشی پیروانی سالن الف,كارشناسي پيوسته,حضوري,ارائه در سطح دانشکده,,گروه آموزشي دروس عمومي(7116399),163 - شيراز(163),163 - شيراز(71163),71 - فارس(71)
99079,تربیت بدنی,نظري_عملي,0.50,0.50,63,خواهران,شنبه از 09:00 تا 10:30,نيلوفر سخنداني,,18,,1405/03/09 از 08:00 تا 10:00,163 - شيراز-ورزشی پیروانی سالن الف,كارشناسي پيوسته,حضوري,ارائه در سطح دانشکده,,گروه آموزشي دروس عمومي(7116399),163 - شيراز(163),163 - شيراز(71163),71 - فارس(71)
99079,تربیت بدنی,نظري_عملي,0.50,0.50,62,خواهران,شنبه از 07:30 تا 09:00,نيلوفر سخنداني,,18,,1405/03/09 از 08:00 تا 10:00,163 - شيراز-ورزشی پیروانی سالن الف,كارشناسي پيوسته,حضوري,ارائه در سطح دانشکده,,گروه آموزشي دروس عمومي(7116399),163 - شيراز(163),163 - شيراز(71163),71 - فارس(71)
99062,ورزش 1,عملي,0,1,55,خواهران,چهارشنبه از 12:00 تا 13:30,نيلوفر سخنداني,,18,,1405/03/16 از 08:00 تا 10:00,163 - شيراز-ورزشی پیروانی سالن الف,كارشناسي پيوسته,حضوري,ارائه در سطح دانشکده,,گروه آموزشي دروس عمومي(7116399),163 - شيراز(163),163 - شيراز(71163),71 - فارس(71)
99062,ورزش 1,عملي,0,1,48,خواهران,چهارشنبه از 10:30 تا 11:00,نيلوفر سخنداني,,18,,1405/03/16 از 08:00 تا 10:00,163 - شيراز- ورزشی توانا سالن الف,كارشناسي پيوسته,حضوري,ارائه در سطح دانشکده,,گروه آموزشي دروس عمومي(7116399),163 - شيراز(163),163 - شيراز(71163),71 - فارس(71)
99062,ورزش 1,عملي,0,1,46,خواهران,چهارشنبه از 09:00 تا 10:30,نيلوفر سخنداني,,18,,1405/03/16 از 08:00 تا 10:00,163 - شيراز- ورزشی توانا سالن الف,كارشناسي پيوسته,حضوري,ارائه در سطح دانشکده,,گروه آموزشي دروس عمومي(7116399),163 - شيراز(163),163 - شيراز(71163),71 - فارس(71)
99062,ورزش 1,عملي,0,1,45,خواهران,چهارشنبه از 07:30 تا 09:00,نيلوفر سخنداني,,18,,1405/03/16 از 08:00 تا 10:00,163 - شيراز- ورزشی توانا سالن الف,كارشناسي پيوسته,حضوري,ارائه در سطح دانشکده,,گروه آموزشي دروس عمومي(7116399),163 - شيراز(163),163 - شيراز(71163),71 - فارس(71)
98961,اخلاق اسلامی (مبانی و مفاهیم),نظري,2,0,1639896112,خواهران- موسوی زاده,دوشنبه از 13:15 تا 15:00,ژيلا عباسي,,45,,1405/04/15 از 13:30 تا 15:00,,كارشناسي پيوسته,حضوري,ارائه در سطح دانشکده,,گروه آموزشي دروس عمومي(7116399),163 - شيراز(163),163 - شيراز(71163),71 - فارس(71)
98961,اخلاق اسلامی (مبانی و مفاهیم),نظري,2,0,1639896111,خواهران-موسوی زاده,دوشنبه از 15:00 تا 16:45,سیده فاطمه موسوی,,46,,1405/04/15 از 16:30 تا 18:00,علوم انسانی-9,كارشناسي پيوسته,حضوري,ارائه در سطح دانشکده,,گروه آموزشي دروس عمومي(7116399),163 - شيراز(163),163 - شيراز(71163),71 - فارس(71)
98961,اخلاق اسلامی (مبانی و مفاهیم),نظري,2,0,1639896110,خواهران - موسوی زاده,دوشنبه از 16:45 تا 18:30,سیده فاطمه موسوی,,45,,1405/04/15 از 16:30 تا 18:00,علوم انسانی-9,كارشناسي پيوسته,حضوري,ارائه در سطح دانشکده,,گروه آموزشي دروس عمومي(7116399),163 - شيراز(163),163 - شيراز(71163),71 - فارس(71)
99073,اندیشه های امامین انقلاب اسلامی و وصایای حضرت امام خمینی(ره),نظري,1,0,1639907353,برادران - حق پرست اردکانی,,محمدمهدی محمدی,,0,,1405/04/13 از 16:30 تا 18:00,مهندسی یک-115,كارشناسي پيوسته,حضوري,ارائه در سطح دانشکده,,گروه آموزشي دروس عمومي(7116399),163 - شيراز(163),163 - شيراز(71163),71 - فارس(71)
99090,زبان انگلیسی عمومی-ترکیبی(1),نظري,1,0,4042133,,يكشنبه از 19:00 تا 20:00,فاطمه شريف زاده,,100,,1405/04/21 از 13:00 تا 15:00,,كارشناسي پيوسته,حضوري,ارائه در سطح دانشکده,,گروه آموزشي دروس عمومي(7116399),163 - شيراز(163),163 - شيراز(71163),71 - فارس(71)
99090,زبان انگلیسی عمومی-ترکیبی(1),نظري,1,0,4042132,,يكشنبه از 18:00 تا 19:00,فاطمه شريف زاده,,100,,1405/04/21 از 13:00 تا 15:00,,كارشناسي پيوسته,ارائه ترکیبی در واحد منتخب,ارائه در سطح دانشکده,,گروه آموزشي دروس عمومي(7116399),163 - شيراز(163),163 - شيراز(71163),71 - فارس(71)
99090,زبان انگلیسی عمومی-ترکیبی(1),نظري,1,0,4042131,,شنبه از 19:00 تا 20:00,فاطمه شريف زاده,,100,,1405/04/21 از 13:00 تا 15:00,,كارشناسي پيوسته,ارائه ترکیبی در واحد منتخب,ارائه در سطح دانشکده,,گروه آموزشي دروس عمومي(7116399),163 - شيراز(163),163 - شيراز(71163),71 - فارس(71)
99090,زبان انگلیسی عمومی-ترکیبی(1),نظري,1,0,4042130,,شنبه از 18:00 تا 19:00,فاطمه شريف زاده,,100,,1405/04/21 از 13:00 تا 15:00,,كارشناسي پيوسته,ارائه ترکیبی در واحد منتخب,ارائه در سطح دانشکده,,گروه آموزشي دروس عمومي(7116399),163 - شيراز(163),163 - شيراز(71163),71 - فارس(71)
99092,زبان انگلیسی عمومی-ترکیبی(3),نظري,1,0,4042031,,چهارشنبه از 08:30 تا 09:30,فاطمه شريف زاده,,100,,1405/04/21 از 10:00 تا 12:00,,كارشناسي پيوسته,ارائه ترکیبی در واحد منتخب,ارائه در سطح دانشکده,,گروه آموزشي دروس عمومي(7116399),163 - شيراز(163),163 - شيراز(71163),71 - فارس(71)
99092,زبان انگلیسی عمومی-ترکیبی(3),نظري,1,0,4042030,,چهارشنبه از 15:00 تا 16:00,فاطمه شريف زاده,,100,,1405/04/21 از 10:00 تا 12:00,,كارشناسي پيوسته,ارائه ترکیبی در واحد منتخب,ارائه در سطح دانشکده,,گروه آموزشي دروس عمومي(7116399),163 - شيراز(163),163 - شيراز(71163),71 - فارس(71)
99092,زبان انگلیسی عمومی-ترکیبی(3),نظري,1,0,4042029,,چهارشنبه از 14:00 تا 15:00,فاطمه شريف زاده,,102,,1405/04/21 از 10:00 تا 12:00,,كارشناسي پيوسته,ارائه ترکیبی در واحد منتخب,ارائه در سطح دانشکده,,گروه آموزشي دروس عمومي(7116399),163 - شيراز(163),163 - شيراز(71163),71 - فارس(71)
99092,زبان انگلیسی عمومی-ترکیبی(3),نظري,1,0,4042028,,چهارشنبه از 07:30 تا 08:30,فاطمه شريف زاده,,100,,1405/04/21 از 10:00 تا 12:00,,كارشناسي پيوسته,ارائه ترکیبی در واحد منتخب,ارائه در سطح دانشکده,,گروه آموزشي دروس عمومي(7116399),163 - شيراز(163),163 - شيراز(71163),71 - فارس(71)
98841,اندیشه اسلامی 2‌ (نبوت و امامت),نظري,2,0,1639884140,خواهران,چهارشنبه از 07:30 تا 09:15,مرتضی حق شناس,,45,,1405/04/10 از 16:30 تا 18:00,اقتصاد ومدیریت-006,كارشناسي پيوسته,حضوري,ارائه در سطح دانشکده,,گروه آموزشي دروس عمومي(7116399),163 - شيراز(163),163 - شيراز(71163),71 - فارس(71)
99073,اندیشه های امامین انقلاب اسلامی و وصایای حضرت امام خمینی(ره),نظري,1,0,1639907359,خواهران- انتخاب واحد نشود . اسد زاده,يكشنبه از 09:15 تا 11:00,محمدمهدی محمدی,,0,,1405/04/13 از 16:30 تا 18:00,,كارشناسي پيوسته,حضوري,ارائه در سطح دانشکده,,گروه آموزشي دروس عمومي(7116399),163 - شيراز(163),163 - شيراز(71163),71 - فارس(71)
99073,اندیشه های امامین انقلاب اسلامی و وصایای حضرت امام خمینی(ره),نظري,1,0,1639907360,خواهران- انتخاب واحد نشود - اسد زاده,يكشنبه از 07:30 تا 09:15,محمدمهدی محمدی,,0,,1405/04/13 از 16:30 تا 18:00,,كارشناسي پيوسته,حضوري,ارائه در سطح دانشکده,,گروه آموزشي دروس عمومي(7116399),163 - شيراز(163),163 - شيراز(71163),71 - فارس(71)
99083,انس با قرآن کریم,نظري,1,0,163811074,,يكشنبه از 11:00 تا 12:00 يكشنبه از از ...,عبدالرسول خسروبیگ,,30,,1405/04/06 از 16:30 تا 18:00,علوم انسانی-317,كارشناسي پيوسته,حضوري,ارائه در سطح دانشکده,,گروه آموزشي دروس عمومي(7116399),163 - شيراز(163),163 - شيراز(71163),71 - فارس(71)
99083,انس با قرآن کریم,نظري,1,0,163811073,,يكشنبه از 09:15 تا 11:00,عبدالرسول خسروبیگ,,30,,1405/04/06 از 16:30 تا 18:00,,كارشناسي پيوسته,حضوري,ارائه در سطح دانشکده,,گروه آموزشي دروس عمومي(7116399),163 - شيراز(163),163 - شيراز(71163),71 - فارس(71)
99083,انس با قرآن کریم,نظري,1,0,163811072,,يكشنبه از 07:30 تا 09:15,عبدالرسول خسروبیگ,,30,,1405/04/06 از 16:30 تا 18:00,,كارشناسي پيوسته,حضوري,ارائه در سطح دانشکده,,گروه آموزشي دروس عمومي(7116399),163 - شيراز(163),163 - شيراز(71163),71 - فارس(71)
98841,اندیشه اسلامی 2‌ (نبوت و امامت),نظري,2,0,1639884129,خواهران - استاد عباس زاده,پنج شنبه از 13:15 تا 15:00,علی نیکویی,,45,,1405/04/10 از 16:30 تا 18:00,مهندسی یک-319,كارشناسي پيوسته,حضوري,ارائه در سطح دانشکده,,گروه آموزشي دروس عمومي(7116399),163 - شيراز(163),163 - شيراز(71163),71 - فارس(71)
98841,اندیشه اسلامی 2‌ (نبوت و امامت),نظري,2,0,1639884128,خواهران - استاد عباس زاده,پنج شنبه از 11:00 تا 12:00 پنج شنبه از ...,علی نیکویی,,45,,1405/04/10 از 16:30 تا 18:00,مهندسی یک-319,كارشناسي پيوسته,حضوري,ارائه در سطح دانشکده,,گروه آموزشي دروس عمومي(7116399),163 - شيراز(163),163 - شيراز(71163),71 - فارس(71)
98841,اندیشه اسلامی 2‌ (نبوت و امامت),نظري,2,0,1639884120,برادران- استاد عباس زاده,پنج شنبه از 09:15 تا 11:00,علی نیکویی,,45,,1405/04/10 از 16:30 تا 18:00,مهندسی یک-319,كارشناسي پيوسته,حضوري,ارائه در سطح دانشکده,,گروه آموزشي دروس عمومي(7116399),163 - شيراز(163),163 - شيراز(71163),71 - فارس(71)
7000035438,علوم و معارف دفاع مقدس و مقاومت,نظري,2,0,163811247,برادران - استاد مرتضی زارع,يكشنبه از 16:45 تا 18:30,محمد آزاد,,50,,1405/04/14 از 16:30 تا 18:00,مهندسی دو-20,كارشناسي پيوسته,حضوري,ارائه در سطح دانشکده,,گروه آموزشي دروس عمومي(7116399),163 - شيراز(163),163 - شيراز(71163),71 - فارس(71)
7000035438,علوم و معارف دفاع مقدس و مقاومت,نظري,2,0,163811246,برادران - استاد مرتضی زارع,يكشنبه از 15:00 تا 16:45,محمد آزاد,,45,,1405/04/14 از 16:30 تا 18:00,مهندسی دو-20,كارشناسي پيوسته,حضوري,ارائه در سطح دانشکده,,گروه آموزشي دروس عمومي(7116399),163 - شيراز(163),163 - شيراز(71163),71 - فارس(71)
7000035438,علوم و معارف دفاع مقدس و مقاومت,نظري,2,0,163811245,برادران - استاد مرتضی زارع,يكشنبه از 13:15 تا 15:00,محمد آزاد,,45,,1405/04/14 از 16:30 تا 18:00,مهندسی دو-20,كارشناسي پيوسته,حضوري,ارائه در سطح دانشکده,,گروه آموزشي دروس عمومي(7116399),163 - شيراز(163),163 - شيراز(71163),71 - فارس(71)
92381,تاریخ فرهنگ و تمدن اسلام و ایران,نظري,2,0,1639238136,خواهران - استاد عمادی,پنج شنبه از 13:15 تا 15:00,نرجس نصرالهی,,45,,1405/04/18 از 16:30 تا 18:00,مهندسی دو-19,كارشناسي پيوسته,حضوري,ارائه در سطح دانشکده,,گروه آموزشي دروس عمومي(7116399),163 - شيراز(163),163 - شيراز(71163),71 - فارس(71)
92381,تاریخ فرهنگ و تمدن اسلام و ایران,نظري,2,0,1639238134,خواهران-حسابداری,پنج شنبه از 09:15 تا 11:00,مهسا عمادي,,0,,1405/04/18 از 16:30 تا 18:00,مهندسی دو-19,كارشناسي پيوسته,حضوري,ارائه در سطح دانشکده,,گروه آموزشي دروس عمومي(7116399),163 - شيراز(163),163 - شيراز(71163),71 - فارس(71)
92381,تاریخ فرهنگ و تمدن اسلام و ایران,نظري,2,0,1639238135,خواهران-حسابداری,پنج شنبه از 07:30 تا 09:15,مهسا عمادي,,0,,1405/04/18 از 16:30 تا 18:00,مهندسی دو-19,كارشناسي پيوسته,حضوري,ارائه در سطح دانشکده,,گروه آموزشي دروس عمومي(7116399),163 - شيراز(163),163 - شيراز(71163),71 - فارس(71)
99062,ورزش 1,عملي,0,1,54,برادران,چهارشنبه از 18:00 تا 19:30,هيبت اله رحيمي مهکويه,,18,,1405/03/16 از 08:00 تا 10:00,163 - شيراز-ورزشی پیروانی سالن ب,كارشناسي پيوسته,حضوري,ارائه در سطح دانشکده,,گروه آموزشي دروس عمومي(7116399),163 - شيراز(163),163 - شيراز(71163),71 - فارس(71)
99062,ورزش 1,عملي,0,1,53,برادران,چهارشنبه از 16:30 تا 18:00,هيبت اله رحيمي مهکويه,,18,,1405/03/16 از 08:00 تا 10:00,163 - شيراز-ورزشی پیروانی سالن ب,كارشناسي پيوسته,حضوري,ارائه در سطح دانشکده,,گروه آموزشي دروس عمومي(7116399),163 - شيراز(163),163 - شيراز(71163),71 - فارس(71)
99062,ورزش 1,عملي,0,1,52,برادران,چهارشنبه از 15:00 تا 16:30,هيبت اله رحيمي مهکويه,,18,,1405/03/16 از 08:00 تا 10:00,163 - شيراز-ورزشی پیروانی سالن ب,كارشناسي پيوسته,حضوري,ارائه در سطح دانشکده,,گروه آموزشي دروس عمومي(7116399),163 - شيراز(163),163 - شيراز(71163),71 - فارس(71)
99079,تربیت بدنی,نظري_عملي,0.50,0.50,61,برادران,سه شنبه از 16:30 تا 18:00,هيبت اله رحيمي مهکويه,,18,,1405/03/09 از 08:00 تا 10:00,163 - شيراز-ورزشی پیروانی سالن ب,كارشناسي پيوسته,حضوري,ارائه در سطح دانشکده,,گروه آموزشي دروس عمومي(7116399),163 - شيراز(163),163 - شيراز(71163),71 - فارس(71)
99079,تربیت بدنی,نظري_عملي,0.50,0.50,60,برادران,سه شنبه از 15:00 تا 16:30,هيبت اله رحيمي مهکويه,,18,,1405/03/09 از 08:00 تا 10:00,163 - شيراز-ورزشی پیروانی سالن ب,كارشناسي پيوسته,حضوري,ارائه در سطح دانشکده,,گروه آموزشي دروس عمومي(7116399),163 - شيراز(163),163 - شيراز(71163),71 - فارس(71)
99079,تربیت بدنی,نظري_عملي,0.50,0.50,59,برادران,سه شنبه از 13:30 تا 15:00,هيبت اله رحيمي مهکويه,,18,,1405/03/09 از 08:00 تا 10:00,163 - شيراز-ورزشی پیروانی سالن ب,كارشناسي پيوسته,حضوري,ارائه در سطح دانشکده,,گروه آموزشي دروس عمومي(7116399),163 - شيراز(163),163 - شيراز(71163),71 - فارس(71)
55001,ریاضیات پایه(پیش نیاز دانشگاهی),نظري,2,0,851-201,,,,,50,,1405/03/31 از 08:00 تا 10:00,,کاردانی پیوسته,حضوري,ارائه در سطح دانشکده,,گروه آموزشي عمران(7116322),163 - شيراز(163),163 - شيراز(71163),71 - فارس(71)
55194,ریاضی پیش دانشگاهی,نظري,2,0,881-201,,,,,50,,1405/03/26 از 08:00 تا 10:00,,کاردانی پیوسته,حضوري,ارائه در سطح دانشکده,,گروه آموزشي عمران(7116322),163 - شيراز(163),163 - شيراز(71163),71 - فارس(71)
55194,ریاضی پیش دانشگاهی,نظري,2,0,100-45,,,,,50,,1405/03/31 از 08:00 تا 10:00,,کاردانی پیوسته,حضوري,ارائه در سطح دانشکده,,گروه آموزشي عمران(7116322),163 - شيراز(163),163 - شيراز(71163),71 - فارس(71)
55194,ریاضی پیش دانشگاهی,نظري,2,0,100-44,,,,,50,,1405/03/26 از 08:00 تا 10:00,,کاردانی پیوسته,حضوري,ارائه در سطح دانشکده,,گروه آموزشي عمران(7116322),163 - شيراز(163),163 - شيراز(71163),71 - فارس(71)
55194,ریاضی پیش دانشگاهی,نظري,2,0,300-63,,,,,50,,1405/03/31 از 08:00 تا 10:00,,کاردانی پیوسته,حضوري,ارائه در سطح دانشکده,,گروه آموزشي عمران(7116322),163 - شيراز(163),163 - شيراز(71163),71 - فارس(71)
55194,ریاضی پیش دانشگاهی,نظري,2,0,300-62,,,,,50,,1405/03/26 از 08:00 تا 10:00,,کاردانی پیوسته,حضوري,ارائه در سطح دانشکده,,گروه آموزشي عمران(7116322),163 - شيراز(163),163 - شيراز(71163),71 - فارس(71)
55194,ریاضی پیش دانشگاهی,نظري,2,0,200-63,,پنج شنبه از 12:45 تا 14:30,پیمان قطعی,,50,,1405/03/31 از 08:00 تا 10:00,مهارتی -202,کاردانی پیوسته,حضوري,ارائه در سطح دانشکده,,گروه آموزشي عمران(7116322),163 - شيراز(163),163 - شيراز(71163),71 - فارس(71)
55194,ریاضی پیش دانشگاهی,نظري,2,0,200-62,,پنج شنبه از 11:00 تا 12:45,پیمان قطعی,,50,,1405/03/26 از 08:00 تا 10:00,مهارتی -سوزن دوزی,کاردانی پیوسته,حضوري,ارائه در سطح دانشکده,,گروه آموزشي عمران(7116322),163 - شيراز(163),163 - شيراز(71163),71 - فارس(71)
55229,مبانی برنامه نویسی و کامپیوتر,نظري,2,0,851-204,,,,,25,,1405/04/09 از 08:00 تا 10:00,,کاردانی پیوسته,حضوري,ارائه در سطح دانشکده,,گروه آموزشي عمران(7116322),163 - شيراز(163),163 - شيراز(71163),71 - فارس(71)
55229,مبانی برنامه نویسی و کامپیوتر,نظري,2,0,851-203,,,,,25,,1405/04/28 از 08:00 تا 10:00,,کاردانی پیوسته,حضوري,ارائه در سطح دانشکده,,گروه آموزشي عمران(7116322),163 - شيراز(163),163 - شيراز(71163),71 - فارس(71)
7000005275,مبانی برنامه نویسی و کامپیوتر,نظري,2,0,881-203,,,,,25,,1405/04/09 از 08:00 تا 10:00,,کاردانی پیوسته,حضوري,ارائه در سطح دانشکده,,گروه آموزشي عمران(7116322),163 - شيراز(163),163 - شيراز(71163),71 - فارس(71)
55229,مبانی برنامه نویسی و کامپیوتر,نظري,2,0,300-60,,,,,25,,1405/04/28 از 08:00 تا 10:00,,کاردانی پیوسته,حضوري,ارائه در سطح دانشکده,,گروه آموزشي عمران(7116322),163 - شيراز(163),163 - شيراز(71163),71 - فارس(71)
6004206933,مبانی عمومی رایانه,كارگاهي,1,1,300-59,,,,,25,,1405/04/25 از 08:00 تا 10:00,,کاردانی پیوسته,حضوري,ارائه در سطح دانشکده,,گروه آموزشي عمران(7116322),163 - شيراز(163),163 - شيراز(71163),71 - فارس(71)
1506145923,مبانی کامپیوتر برنامه نویسی,نظري,2,0,841-13,,,,,25,,1405/04/25 از 08:00 تا 10:00,,کارداني ناپیوسته,حضوري,ارائه در سطح دانشکده,,گروه آموزشي عمران(7116322),163 - شيراز(163),163 - شيراز(71163),71 - فارس(71)
1506145923,مبانی کامپیوتر برنامه نویسی,نظري,2,0,841-12,,,,,25,,1405/04/09 از 08:00 تا 10:00,,کارداني ناپیوسته,حضوري,ارائه در سطح دانشکده,,گروه آموزشي عمران(7116322),163 - شيراز(163),163 - شيراز(71163),71 - فارس(71)
1058346,ریاضی عمومی,نظري,2,0,530-15,,,,,50,,1405/04/18 از 08:00 تا 10:00,,کارداني ناپیوسته,حضوري,ارائه در سطح دانشکده,,گروه آموزشي عمران(7116322),163 - شيراز(163),163 - شيراز(71163),71 - فارس(71)
55229,مبانی برنامه نویسی و کامپیوتر,نظري,2,0,200-61,,يكشنبه از 12:45 تا 14:30,پیمان قطعی,,20,,1405/03/19 از 08:00 تا 10:00,مهارتی -کامپیوتر1,کاردانی پیوسته,حضوري,ارائه در سطح دانشکده,,گروه آموزشي عمران(7116322),163 - شيراز(163),163 - شيراز(71163),71 - فارس(71)
55229,مبانی برنامه نویسی و کامپیوتر,نظري,2,0,200-60,,دوشنبه از 14:30 تا 16:15,محمدرضا زارع,,20,,1405/04/28 از 08:00 تا 10:00,مهارتی -کامپیوتر1,کاردانی پیوسته,حضوري,ارائه در سطح دانشکده,,گروه آموزشي عمران(7116322),163 - شيراز(163),163 - شيراز(71163),71 - فارس(71)
55229,مبانی برنامه نویسی و کامپیوتر,نظري,2,0,200-59,,دوشنبه از 16:15 تا 18:00,محمدرضا زارع,,20,,1405/04/25 از 08:00 تا 10:00,مهارتی -کامپیوتر1,کاردانی پیوسته,حضوري,ارائه در سطح دانشکده,,گروه آموزشي عمران(7116322),163 - شيراز(163),163 - شيراز(71163),71 - فارس(71)
55229,مبانی برنامه نویسی و کامپیوتر,نظري,2,0,200-58,,دوشنبه از 18:00 تا 19:45,محمدرضا زارع,,20,,1405/04/09 از 08:00 تا 10:00,مهارتی -کامپیوتر1,کاردانی پیوسته,حضوري,ارائه در سطح دانشکده,,گروه آموزشي عمران(7116322),163 - شيراز(163),163 - شيراز(71163),71 - فارس(71)
55229,مبانی برنامه نویسی و کامپیوتر,نظري,2,0,851-202,,,,,50,,1405/04/06 از 08:00 تا 10:00,,کاردانی پیوسته,حضوري,ارائه در سطح دانشکده,,گروه آموزشي عمران(7116322),163 - شيراز(163),163 - شيراز(71163),71 - فارس(71)
7000005275,مبانی برنامه نویسی و کامپیوتر,نظري,2,0,881-202,,,,,50,,1405/03/03 از 08:00 تا 10:00,,کاردانی پیوسته,حضوري,ارائه در سطح دانشکده,,گروه آموزشي عمران(7116322),163 - شيراز(163),163 - شيراز(71163),71 - فارس(71)
55223,فیزیک پیش دانشگاهی,نظري,2,0,851-201,,,,,50,,1405/03/19 از 08:00 تا 10:00,,کاردانی پیوسته,حضوري,ارائه در سطح دانشکده,,گروه آموزشي عمران(7116322),163 - شيراز(163),163 - شيراز(71163),71 - فارس(71)
55223,فیزیک پیش دانشگاهی,نظري,2,0,881-201,,,,,50,,1405/04/24 از 08:00 تا 10:00,,کاردانی پیوسته,حضوري,ارائه در سطح دانشکده,,گروه آموزشي عمران(7116322),163 - شيراز(163),163 - شيراز(71163),71 - فارس(71)
55001,ریاضیات پایه(پیش نیاز دانشگاهی),نظري,2,0,851-200,,,,,50,,1405/03/27 از 08:00 تا 10:00,,کاردانی پیوسته,حضوري,ارائه در سطح دانشکده,,گروه آموزشي عمران(7116322),163 - شيراز(163),163 - شيراز(71163),71 - فارس(71)
55194,ریاضی پیش دانشگاهی,نظري,2,0,881-200,,,,,50,,1405/03/02 از 08:00 تا 10:00,,کاردانی پیوسته,حضوري,ارائه در سطح دانشکده,,گروه آموزشي عمران(7116322),163 - شيراز(163),163 - شيراز(71163),71 - فارس(71)
5903130047,ریاضی عمومی,نظري,3,0,200-57,,شنبه از 18:00 تا 19:45,امین کلانترزاده,,50,,1405/04/22 از 08:00 تا 10:00,مهارتی -202,کاردانی پیوسته,حضوري,ارائه در سطح دانشکده,,گروه آموزشي عمران(7116322),163 - شيراز(163),163 - شيراز(71163),71 - فارس(71)
55229,مبانی برنامه نویسی و کامپیوتر,نظري,2,0,100-43,,,,,25,,1405/03/03 از 08:00 تا 10:00,,کاردانی پیوسته,حضوري,ارائه در سطح دانشکده,,گروه آموزشي عمران(7116322),163 - شيراز(163),163 - شيراز(71163),71 - فارس(71)
55194,ریاضی پیش دانشگاهی,نظري,2,0,100-42,,,,,50,,1405/03/27 از 08:00 تا 10:00,,کاردانی پیوسته,حضوري,ارائه در سطح دانشکده,,گروه آموزشي عمران(7116322),163 - شيراز(163),163 - شيراز(71163),71 - فارس(71)
55223,فیزیک پیش دانشگاهی,نظري,2,0,200-56,,شنبه از 12:45 تا 14:30,مصطفي كرهاني شيرازي,,50,,1405/03/19 از 08:00 تا 10:00,مهارتی -202,کاردانی پیوسته,حضوري,ارائه در سطح دانشکده,,گروه آموزشي عمران(7116322),163 - شيراز(163),163 - شيراز(71163),71 - فارس(71)
55194,ریاضی پیش دانشگاهی,نظري,2,0,200-55,,شنبه از 09:15 تا 11:00,مصطفي كرهاني شيرازي,,50,,1405/03/27 از 08:00 تا 10:00,مهارتی -202,کاردانی پیوسته,حضوري,ارائه در سطح دانشکده,,گروه آموزشي عمران(7116322),163 - شيراز(163),163 - شيراز(71163),71 - فارس(71)
55229,مبانی برنامه نویسی و کامپیوتر,نظري,2,0,200-54,,شنبه از 09:15 تا 11:00,ياشار ارگيو,,20,,1405/04/06 از 08:00 تا 10:00,مهارتی -کامپیوتر1,کاردانی پیوسته,حضوري,ارائه در سطح دانشکده,,گروه آموزشي عمران(7116322),163 - شيراز(163),163 - شيراز(71163),71 - فارس(71)
55229,مبانی برنامه نویسی و کامپیوتر,نظري,2,0,200-53,,شنبه از 11:00 تا 12:45,ياشار ارگيو,,20,,1405/04/06 از 08:00 تا 10:00,مهارتی -کامپیوتر1,کاردانی پیوسته,حضوري,ارائه در سطح دانشکده,,گروه آموزشي عمران(7116322),163 - شيراز(163),163 - شيراز(71163),71 - فارس(71)
3804130047,ریاضی عمومی,نظري,3,0,881-07,,,,,50,,1405/04/18 از 08:00 تا 10:00,,کاردانی پیوسته,حضوري,ارائه در سطح دانشکده,,گروه آموزشي عمران(7116322),163 - شيراز(163),163 - شيراز(71163),71 - فارس(71)
2248165140,ریاضی عمومی1,نظري,3,0,851-34,,,,,50,,1405/04/22 از 08:00 تا 10:00,,کاردانی پیوسته,حضوري,ارائه در سطح دانشکده,,گروه آموزشي عمران(7116322),163 - شيراز(163),163 - شيراز(71163),71 - فارس(71)
90321,ریاضی عمومی,نظري,2,0,100-41,,,,,50,,1405/04/22 از 08:00 تا 10:00,,کاردانی پیوسته,حضوري,ارائه در سطح دانشکده,,گروه آموزشي عمران(7116322),163 - شيراز(163),163 - شيراز(71163),71 - فارس(71)
55194,ریاضی پیش دانشگاهی,نظري,2,0,100-32,,,,,50,,1405/03/02 از 08:00 تا 10:00,,کاردانی پیوسته,حضوري,ارائه در سطح دانشکده,,گروه آموزشي عمران(7116322),163 - شيراز(163),163 - شيراز(71163),71 - فارس(71)
1164129692,ریاضی‌ کاربردی‌,نظري,2,0,100-31,,,,,50,,1405/04/22 از 08:00 تا 10:00,,کاردانی پیوسته,حضوري,ارائه در سطح دانشکده,,گروه آموزشي عمران(7116322),163 - شيراز(163),163 - شيراز(71163),71 - فارس(71)
55229,مبانی برنامه نویسی و کامپیوتر,نظري,2,0,100-29,,,,,50,,1405/04/06 از 08:00 تا 10:00,,کاردانی پیوسته,حضوري,ارائه در سطح دانشکده,,گروه آموزشي عمران(7116322),163 - شيراز(163),163 - شيراز(71163),71 - فارس(71)
1164129692,ریاضی‌ کاربردی‌,نظري,2,0,100-28,,,,,50,,1405/04/18 از 08:00 تا 10:00,,کاردانی پیوسته,حضوري,ارائه در سطح دانشکده,,گروه آموزشي عمران(7116322),163 - شيراز(163),163 - شيراز(71163),71 - فارس(71)
55103,فناوری ساختمان های فلزی (جبرانی),نظري,1,0,200-52,,,,,50,,1405/03/21 از 08:00 تا 10:00,,کاردانی پیوسته,حضوري,ارائه در سطح دانشکده,,گروه آموزشي عمران(7116322),163 - شيراز(163),163 - شيراز(71163),71 - فارس(71)
55036,فناوری ساختمان های فلزی و بتنی (جبرانی),نظري,2,0,200-51,,چهارشنبه از 11:00 تا 12:45,علي گودرزي,,50,,1405/04/28 از 08:00 تا 10:00,مهارتی -202,کاردانی پیوسته,حضوري,ارائه در سطح دانشکده,,گروه آموزشي عمران(7116322),163 - شيراز(163),163 - شيراز(71163),71 - فارس(71)
55252,نقشه برداری ساختمان (جبرانی),نظري,2,0,200-50,,,,,50,,,,کاردانی پیوسته,حضوري,ارائه در سطح دانشکده,,گروه آموزشي عمران(7116322),163 - شيراز(163),163 - شيراز(71163),71 - فارس(71)
55264,کارگاه سفت کاری (جبرانی),نظري,1,0,200-49,,دوشنبه از 16:15 تا 18:00,علي گودرزي,,50,,1405/04/24 از 08:00 تا 10:00,مهارتی -202,کاردانی پیوسته,حضوري,ارائه در سطح دانشکده,,گروه آموزشي عمران(7116322),163 - شيراز(163),163 - شيراز(71163),71 - فارس(71)
55223,فیزیک پیش دانشگاهی,نظري,2,0,200-48,,شنبه از 11:00 تا 12:45,مصطفي كرهاني شيرازي,,50,,1405/04/24 از 08:00 تا 10:00,مهارتی -202,کاردانی پیوسته,حضوري,ارائه در سطح دانشکده,,گروه آموزشي عمران(7116322),163 - شيراز(163),163 - شيراز(71163),71 - فارس(71)
55160,ایستایی ساختمان (جبرانی),نظري,2,0,200-47,,يكشنبه از 12:45 تا 14:30,سيدمحمدحسين قاسمي,,50,,1405/04/22 از 08:00 تا 10:00,مهارتی -202,کاردانی پیوسته,حضوري,ارائه در سطح دانشکده,,گروه آموزشي عمران(7116322),163 - شيراز(163),163 - شيراز(71163),71 - فارس(71)
5903156372,کارآموزی,كارآموزي,0,2,200-46,,,محمد امیر شرافتی,,50,,1405/04/20 از 08:00 تا 10:00,,کاردانی پیوسته,حضوري,ارائه در سطح دانشکده,,گروه آموزشي عمران(7116322),163 - شيراز(163),163 - شيراز(71163),71 - فارس(71)
55048,نقشه کشی ساختمان (جبرانی),نظري,2,1,200-45,,شنبه از 14:30 تا 17:00,رضا جمشيدي,,50,,1405/03/17 از 08:00 تا 10:00,مهارتی -کامپیوتر1,کاردانی پیوسته,حضوري,ارائه در سطح دانشکده,,گروه آموزشي عمران(7116322),163 - شيراز(163),163 - شيراز(71163),71 - فارس(71)
5903130047,ریاضی عمومی,نظري,3,0,200-44,,شنبه از 16:15 تا 18:00,امین کلانترزاده,,50,,1405/04/18 از 08:00 تا 10:00,مهارتی -202,کاردانی پیوسته,حضوري,ارائه در سطح دانشکده,,گروه آموزشي عمران(7116322),163 - شيراز(163),163 - شيراز(71163),71 - فارس(71)
55241,محاسبات فنی (جبرانی),نظري,2,0,200-41,,,,,50,,1405/04/22 از 08:00 تا 10:00,,کاردانی پیوسته,حضوري,ارائه در سطح دانشکده,,گروه آموزشي عمران(7116322),163 - شيراز(163),163 - شيراز(71163),71 - فارس(71)
5903206896,نقشه کشی بتنی و رایانه,نظري_عملي,1,1,200-40,,شنبه از 17:00 تا 20:00,رضا جمشيدي,,50,,1405/04/07 از 08:00 تا 10:00,مهارتی -کامپیوتر1,کاردانی پیوسته,حضوري,ارائه در سطح دانشکده,,گروه آموزشي عمران(7116322),163 - شيراز(163),163 - شيراز(71163),71 - فارس(71)
5903206895,مدلسازی اطلاعات ساختمان (BIM),نظري_عملي,1,1,200-39,,يكشنبه از 07:30 تا 10:00,اميرعباس حسني ازاد,,50,,1405/04/06 از 08:00 تا 10:00,مهارتی -کامپیوتر1,کاردانی پیوسته,حضوري,ارائه در سطح دانشکده,,گروه آموزشي عمران(7116322),163 - شيراز(163),163 - شيراز(71163),71 - فارس(71)
5903206894,مدیریت ماشین آلات عمرانی,نظري,2,0,200-38,,سه شنبه از 07:30 تا 09:15,پیمان قطعی,,50,,1405/04/04 از 08:00 تا 10:00,مهارتی -202,کاردانی پیوسته,حضوري,ارائه در سطح دانشکده,,گروه آموزشي عمران(7116322),163 - شيراز(163),163 - شيراز(71163),71 - فارس(71)
5903104454,آشنایی با نرم افزارهای کاربردی کامپیوتر,نظري_عملي,1,1,200-37,,شنبه از 12:45 تا 14:30,ياشار ارگيو,,50,,1405/04/06 از 08:00 تا 10:00,مهارتی -کامپیوتر1,کاردانی پیوسته,حضوري,ارائه در سطح دانشکده,,گروه آموزشي عمران(7116322),163 - شيراز(163),163 - شيراز(71163),71 - فارس(71)
5903106453,اصول و فنون مذاکره,نظري,2,0,200-36,,چهارشنبه از 07:30 تا 09:15,محمد امیر شرافتی,,50,,1405/04/03 از 08:00 تا 10:00,مهارتی -202,کاردانی پیوسته,حضوري,ارائه در سطح دانشکده,,گروه آموزشي عمران(7116322),163 - شيراز(163),163 - شيراز(71163),71 - فارس(71)
5903206893,کارگاه تزیینات داخلی,كارگاهي,0,1,200-35,,يكشنبه از 11:00 تا 12:45,امین کلانترزاده,,50,,,مهارتی -202,کاردانی پیوسته,حضوري,ارائه در سطح دانشکده,,گروه آموزشي عمران(7116322),163 - شيراز(163),163 - شيراز(71163),71 - فارس(71)
5903206892,فناوری بتن,نظري,2,0,200-34,,دوشنبه از 07:30 تا 09:15,اميرعباس حسني ازاد,,50,,1405/04/01 از 08:00 تا 10:00,مهارتی -202,کاردانی پیوسته,حضوري,ارائه در سطح دانشکده,,گروه آموزشي عمران(7116322),163 - شيراز(163),163 - شيراز(71163),71 - فارس(71)
5903206891,محاسبه و اجرای قالب,نظري_عملي,1,1,200-33,,يكشنبه از 18:00 تا 20:00,سيدمحمدحسين قاسمي,,50,,1405/03/30 از 08:00 تا 10:00,مهارتی -202,کاردانی پیوسته,حضوري,ارائه در سطح دانشکده,,گروه آموزشي عمران(7116322),163 - شيراز(163),163 - شيراز(71163),71 - فارس(71)
5903101506,آزمایشگاه مکانیک‌ خاک‌,عملي,0,1,200-32,,سه شنبه از 17:00 تا 19:45,محمدرضا زارع,,50,,1405/03/28 از 08:00 تا 10:00,163 - شيراز-404 آزمایشگاه بتن و مصالح ساختمانی سوله شماره 4 مجتمع آزمایشگاهی و کارگاهی دکتر محمود حسابی,کاردانی پیوسته,حضوري,ارائه در سطح دانشکده,,گروه آموزشي عمران(7116322),163 - شيراز(163),163 - شيراز(71163),71 - فارس(71)
5903131569,زمین‌ شناسی‌ کاربردی‌,نظري,2,0,200-31,,سه شنبه از 09:15 تا 11:00,پیمان قطعی,,50,,1405/03/27 از 08:00 تا 10:00,مهارتی -202,کاردانی پیوسته,حضوري,ارائه در سطح دانشکده,,گروه آموزشي عمران(7116322),163 - شيراز(163),163 - شيراز(71163),71 - فارس(71)
5903206890,آنالیز بها و پروژه,نظري_عملي,1,1,200-30,,دوشنبه از 18:00 تا 20:00,علي گودرزي,,50,,1405/03/28 از 08:00 تا 10:00,مهارتی -202,کاردانی پیوسته,حضوري,ارائه در سطح دانشکده,,گروه آموزشي عمران(7116322),163 - شيراز(163),163 - شيراز(71163),71 - فارس(71)
5903206889,آزمایشگاه فناوری بتن,عملي,0,1,200-29,,سه شنبه از 14:30 تا 17:00,محمدرضا زارع,,50,,1405/03/27 از 08:00 تا 10:00,163 - شيراز-404 آزمایشگاه بتن و مصالح ساختمانی سوله شماره 4 مجتمع آزمایشگاهی و کارگاهی دکتر محمود حسابی,کاردانی پیوسته,حضوري,ارائه در سطح دانشکده,,گروه آموزشي عمران(7116322),163 - شيراز(163),163 - شيراز(71163),71 - فارس(71)
5903206888,ایمنی (hse) و پروژه,نظري,2,0,200-28,,يكشنبه از 16:15 تا 18:00,سيدمحمدحسين قاسمي,,50,,1405/03/25 از 08:00 تا 10:00,مهارتی -202,کاردانی پیوسته,حضوري,ارائه در سطح دانشکده,,گروه آموزشي عمران(7116322),163 - شيراز(163),163 - شيراز(71163),71 - فارس(71)
5903178270,مقاومت مصالح,نظري,3,0,200-27,,چهارشنبه از 16:15 تا 19:00,ایمان سلطانی,,50,,1405/03/24 از 08:00 تا 10:00,مهارتی -202,کاردانی پیوسته,حضوري,ارائه در سطح دانشکده,,گروه آموزشي عمران(7116322),163 - شيراز(163),163 - شيراز(71163),71 - فارس(71)
5903147561,محوطه سازی و پروژه,نظری-کارگاهی,1,1,200-26,,سه شنبه از 11:00 تا 12:45,پیمان قطعی,,50,,1405/03/23 از 08:00 تا 10:00,مهارتی -202,کاردانی پیوسته,حضوري,ارائه در سطح دانشکده,,گروه آموزشي عمران(7116322),163 - شيراز(163),163 - شيراز(71163),71 - فارس(71)
5903206887,اجرای سازه های فولادی,نظري,2,0,200-25,,سه شنبه از 12:45 تا 14:30,پیمان قطعی,,50,,1405/03/21 از 08:00 تا 10:00,مهارتی -202,کاردانی پیوسته,حضوري,ارائه در سطح دانشکده,,گروه آموزشي عمران(7116322),163 - شيراز(163),163 - شيراز(71163),71 - فارس(71)
5903175606,کارگاه تاسیسات برقی,كارگاهي,0,1,200-24,,چهارشنبه از 12:45 تا 14:30,مجتبي فلاحي,,50,,,163 - شيراز-104کارگاه برق و ماشین های الکتریکی سوله شماره 1 مجتمع آزمایشگاهی و کارگاهی دکتر محمود حسابی,کاردانی پیوسته,حضوري,ارائه در سطح دانشکده,,گروه آموزشي عمران(7116322),163 - شيراز(163),163 - شيراز(71163),71 - فارس(71)
5903130423,زبان‌ فنی‌,نظري,2,0,200-23,,پنج شنبه از 09:15 تا 11:00,پیمان قطعی,,50,,1405/03/19 از 08:00 تا 10:00,مهارتی -202,کاردانی پیوسته,حضوري,ارائه در سطح دانشکده,,گروه آموزشي عمران(7116322),163 - شيراز(163),163 - شيراز(71163),71 - فارس(71)
5903119191,تعمیر و نگهداری ساختمان,نظري,2,0,200-22,,دوشنبه از 14:30 تا 16:15,علي گودرزي,,50,,1405/03/19 از 08:00 تا 10:00,مهارتی -202,کاردانی پیوسته,حضوري,ارائه در سطح دانشکده,,گروه آموزشي عمران(7116322),163 - شيراز(163),163 - شيراز(71163),71 - فارس(71)
5903139221,عناصر و جزییات ساختمان,نظري_عملي,1,1,200-21,,دوشنبه از 11:00 تا 12:45,اميرعباس حسني ازاد,,50,,1405/03/17 از 08:00 تا 10:00,مهارتی -202,کاردانی پیوسته,حضوري,ارائه در سطح دانشکده,,گروه آموزشي عمران(7116322),163 - شيراز(163),163 - شيراز(71163),71 - فارس(71)
5903117211,تجهیز و اداره کارگاه,نظري,2,0,200-20,,دوشنبه از 12:45 تا 14:30,علي گودرزي,,50,,1405/03/16 از 08:00 تا 10:00,مهارتی -202,کاردانی پیوسته,حضوري,ارائه در سطح دانشکده,,گروه آموزشي عمران(7116322),163 - شيراز(163),163 - شيراز(71163),71 - فارس(71)
5903159571,کارگاه جوشکاری,عملي,0,1,200-19,,چهارشنبه از 11:00 تا 12:45,مجتبي فلاحي,,50,,,163 - شيراز-202کارگاه جوشکاری و ورقکاری سوله شماره 2 مجتمع آزمایشگاهی و کارگاهی دکتر محمود حسابی,کاردانی پیوسته,حضوري,ارائه در سطح دانشکده,,گروه آموزشي عمران(7116322),163 - شيراز(163),163 - شيراز(71163),71 - فارس(71)
5903159037,کارگاه‌ تاسیسات‌ مکانیکی‌,عملي,0,1,200-18,,چهارشنبه از 09:15 تا 11:00,محمد امیر شرافتی,,50,,,مهارتی -202,کاردانی پیوسته,حضوري,ارائه در سطح دانشکده,,گروه آموزشي عمران(7116322),163 - شيراز(163),163 - شيراز(71163),71 - فارس(71)
5903100471,اجرای سازه‌های بتنی,نظري,2,0,200-17,,دوشنبه از 09:15 تا 11:00,اميرعباس حسني ازاد,,50,,1405/03/13 از 08:00 تا 10:00,مهارتی -202,کاردانی پیوسته,حضوري,ارائه در سطح دانشکده,,گروه آموزشي عمران(7116322),163 - شيراز(163),163 - شيراز(71163),71 - فارس(71)
5903158141,کاربرد رایانه در نقشه برداری,عملي,0,1,200-16,,يكشنبه از 10:00 تا 12:45,اميرعباس حسني ازاد,,50,,,مهارتی -کامپیوتر1,کاردانی پیوسته,حضوري,ارائه در سطح دانشکده,,گروه آموزشي عمران(7116322),163 - شيراز(163),163 - شيراز(71163),71 - فارس(71)
5903152393,مکانیک خاک,نظري,2,0,200-15,,پنج شنبه از 07:30 تا 09:15,پیمان قطعی,,50,,1405/03/14 از 08:00 تا 10:00,مهارتی -202,کاردانی پیوسته,حضوري,ارائه در سطح دانشکده,,گروه آموزشي عمران(7116322),163 - شيراز(163),163 - شيراز(71163),71 - فارس(71)
5903154613,نقشه برداری عمومی,عملي,0,1,200-14,,چهارشنبه از 07:30 تا 11:00,مجتبي فلاحي,,50,,,163 - شيراز-403 کارگاه نقشه برداری و سنجش از راه دور سوله شماره 4 مجتمع آزمایشگاهی و کارگاهی دکتر محمود حسابی,کاردانی پیوسته,حضوري,ارائه در سطح دانشکده,,گروه آموزشي عمران(7116322),163 - شيراز(163),163 - شيراز(71163),71 - فارس(71)
5903150150,مصالح ساختمانی,نظري,2,0,200-13,,چهارشنبه از 14:30 تا 16:15,مجتبي فلاحي,,50,,1405/03/12 از 08:00 تا 10:00,مهارتی -202,کاردانی پیوسته,حضوري,ارائه در سطح دانشکده,,گروه آموزشي عمران(7116322),163 - شيراز(163),163 - شيراز(71163),71 - فارس(71)
5903118044,تحلیل مقدماتی سازه‌ها,نظري,2,0,200-12,,پنج شنبه از 11:00 تا 12:45,محمد امیر شرافتی,,50,,1405/03/11 از 08:00 تا 10:00,مهارتی -202,کاردانی پیوسته,حضوري,ارائه در سطح دانشکده,,گروه آموزشي عمران(7116322),163 - شيراز(163),163 - شيراز(71163),71 - فارس(71)
5903103341,استاتیک,نظري,2,0,200-11,,چهارشنبه از 12:45 تا 14:30,علي گودرزي,,50,,1405/03/10 از 08:00 تا 10:00,مهارتی -202,کاردانی پیوسته,حضوري,ارائه در سطح دانشکده,,گروه آموزشي عمران(7116322),163 - شيراز(163),163 - شيراز(71163),71 - فارس(71)
5903114691,پروژه,عملي,0,1,200-10,,,محمد امیر شرافتی,,50,,,,کاردانی پیوسته,حضوري,ارائه در سطح دانشکده,,گروه آموزشي عمران(7116322),163 - شيراز(163),163 - شيراز(71163),71 - فارس(71)
5903206897,دوام سازه های بتنی,نظري,2,0,200-9,,يكشنبه از 07:30 تا 09:15,مصطفي كرهاني شيرازي,,50,,1405/03/09 از 08:00 تا 10:00,مهارتی -202,کاردانی پیوسته,حضوري,ارائه در سطح دانشکده,,گروه آموزشي عمران(7116322),163 - شيراز(163),163 - شيراز(71163),71 - فارس(71)
5903110923,بتن پیش‌ساخته و پیش تنیده,نظري,2,0,200-8,,يكشنبه از 09:15 تا 11:00,مصطفي كرهاني شيرازي,,50,,1405/03/14 از 08:00 تا 10:00,مهارتی -سوزن دوزی,کاردانی پیوسته,حضوري,ارائه در سطح دانشکده,,گروه آموزشي عمران(7116322),163 - شيراز(163),163 - شيراز(71163),71 - فارس(71)
5903111660,برنامه‌ریزی و کنترل پروژه,نظري,2,0,200-7,,يكشنبه از 14:30 تا 16:15,سيدمحمدحسين قاسمي,,50,,1405/03/06 از 08:00 تا 10:00,مهارتی -202,کاردانی پیوسته,حضوري,ارائه در سطح دانشکده,,گروه آموزشي عمران(7116322),163 - شيراز(163),163 - شيراز(71163),71 - فارس(71)
100000,کارآموزی طرح پویش (1) کاردانی و کارشناسی,طرح پویش,0,2,200-6,,,محمد امیر شرافتی,,100,,,,کاردانی پیوسته,حضوري,ارائه در سطح دانشکده,,گروه آموزشي عمران(7116322),163 - شيراز(163),163 - شيراز(71163),71 - فارس(71)
100002,کارآموزی طرح پویش (3) کاردانی و کارشناسی,طرح پویش,0,2,200-5,,,محمد امیر شرافتی,,100,,1405/03/12 از 08:00 تا 10:00,,کاردانی پیوسته,حضوري,ارائه در سطح دانشکده,,گروه آموزشي عمران(7116322),163 - شيراز(163),163 - شيراز(71163),71 - فارس(71)
100001,کارآموزی طرح پویش (2) کاردانی و کارشناسی,طرح پویش,0,2,200-4,,,محمد امیر شرافتی,,100,,,,کاردانی پیوسته,حضوري,ارائه در سطح دانشکده,,گروه آموزشي عمران(7116322),163 - شيراز(163),163 - شيراز(71163),71 - فارس(71)
5903141458,فیزیک ‌مکانیک‌,نظري,2,0,200-3,,شنبه از 14:30 تا 16:15,امین کلانترزاده,,50,,1405/03/11 از 08:00 تا 10:00,مهارتی -202,کاردانی پیوسته,حضوري,ارائه در سطح دانشکده,,گروه آموزشي عمران(7116322),163 - شيراز(163),163 - شيراز(71163),71 - فارس(71)
55229,مبانی برنامه نویسی و کامپیوتر,نظري,2,0,200-2,,شنبه از 07:30 تا 09:15,ياشار ارگيو,,20,,1405/03/03 از 08:00 تا 10:00,مهارتی -کامپیوتر1,کاردانی پیوسته,حضوري,ارائه در سطح دانشکده,,گروه آموزشي عمران(7116322),163 - شيراز(163),163 - شيراز(71163),71 - فارس(71)
55194,ریاضی پیش دانشگاهی,نظري,2,0,200-1,,شنبه از 07:30 تا 09:15,مصطفي كرهاني شيرازي,,50,,1405/03/02 از 08:00 تا 10:00,مهارتی -202,کاردانی پیوسته,حضوري,ارائه در سطح دانشکده,,گروه آموزشي عمران(7116322),163 - شيراز(163),163 - شيراز(71163),71 - فارس(71)
1050130047,ریاضی عمومی,نظري,3,0,300-49,,,,,50,,1405/04/22 از 08:00 تا 10:00,,کاردانی پیوسته,حضوري,ارائه در سطح دانشکده,,گروه آموزشي عمران(7116322),163 - شيراز(163),163 - شيراز(71163),71 - فارس(71)
55229,مبانی برنامه نویسی و کامپیوتر,نظري,2,0,300-38,,,,,50,,1405/04/06 از 08:00 تا 10:00,,کاردانی پیوسته,حضوري,ارائه در سطح دانشکده,,گروه آموزشي عمران(7116322),163 - شيراز(163),163 - شيراز(71163),71 - فارس(71)
55229,مبانی برنامه نویسی و کامپیوتر,نظري,2,0,300-37,,,,,50,,1405/04/06 از 08:00 تا 10:00,,کاردانی پیوسته,حضوري,ارائه در سطح دانشکده,,گروه آموزشي عمران(7116322),163 - شيراز(163),163 - شيراز(71163),71 - فارس(71)
6004130047,ریاضی عمومی,نظري,3,0,300-36,,,,,50,,1405/04/18 از 08:00 تا 10:00,,کاردانی پیوسته,حضوري,ارائه در سطح دانشکده,,گروه آموزشي عمران(7116322),163 - شيراز(163),163 - شيراز(71163),71 - فارس(71)
55194,ریاضی پیش دانشگاهی,نظري,2,0,300-35,,,,,50,,1405/03/27 از 08:00 تا 10:00,,کاردانی پیوسته,حضوري,ارائه در سطح دانشکده,,گروه آموزشي عمران(7116322),163 - شيراز(163),163 - شيراز(71163),71 - فارس(71)
55194,ریاضی پیش دانشگاهی,نظري,2,0,300-34,,,,,50,,1405/03/02 از 08:00 تا 10:00,,کاردانی پیوسته,حضوري,ارائه در سطح دانشکده,,گروه آموزشي عمران(7116322),163 - شيراز(163),163 - شيراز(71163),71 - فارس(71)
6004206933,مبانی عمومی رایانه,كارگاهي,1,1,300-31,,,,,50,,1405/03/03 از 08:00 تا 10:00,,کاردانی پیوسته,حضوري,ارائه در سطح دانشکده,,گروه آموزشي عمران(7116322),163 - شيراز(163),163 - شيراز(71163),71 - فارس(71)
6004206933,مبانی عمومی رایانه,كارگاهي,1,1,300-30,,,,,50,,1405/04/06 از 08:00 تا 10:00,,کاردانی پیوسته,حضوري,ارائه در سطح دانشکده,,گروه آموزشي عمران(7116322),163 - شيراز(163),163 - شيراز(71163),71 - فارس(71)
1939129685,ریاضی‌عمومی‌ 2,نظري,3,0,300-25,,,,,50,,1405/04/22 از 08:00 تا 10:00,,کاردانی پیوسته,حضوري,ارائه در سطح دانشکده,,گروه آموزشي عمران(7116322),163 - شيراز(163),163 - شيراز(71163),71 - فارس(71)
1939129685,ریاضی‌عمومی‌ 2,نظري,3,0,300-24,,,,,50,,1405/04/18 از 08:00 تا 10:00,,کاردانی پیوسته,حضوري,ارائه در سطح دانشکده,,گروه آموزشي عمران(7116322),163 - شيراز(163),163 - شيراز(71163),71 - فارس(71)
7000031531,فیزیک 1,نظري,3,0,1634254729,,,,,25,,1405/04/16 از 10:00 تا 12:00,,كارشناسي پيوسته,حضوري,ارائه در سطح گروه آموزشی,,گروه آموزشي فيزيک(7116358),163 - شيراز(163),163 - شيراز(71163),71 - فارس(71)
7000031531,فیزیک 1,نظري,3,0,1634254728,,,,,30,,1405/04/16 از 10:00 تا 12:00,,كارشناسي پيوسته,حضوري,ارائه در سطح گروه آموزشی,,گروه آموزشي فيزيک(7116358),163 - شيراز(163),163 - شيراز(71163),71 - فارس(71)
7000031531,فیزیک 1,نظري,3,0,1634254727,,,,,15,,1405/04/16 از 10:00 تا 12:00,,كارشناسي پيوسته,حضوري,ارائه در سطح گروه آموزشی,,گروه آموزشي فيزيک(7116358),163 - شيراز(163),163 - شيراز(71163),71 - فارس(71)
7000031531,فیزیک 1,نظري,3,0,1634254726,,,,,15,,1405/04/16 از 10:00 تا 12:00,,كارشناسي پيوسته,حضوري,ارائه در سطح گروه آموزشی,,گروه آموزشي فيزيک(7116358),163 - شيراز(163),163 - شيراز(71163),71 - فارس(71)
7000031531,فیزیک 1,نظري,3,0,1634254725,,,,,15,,1405/04/16 از 10:00 تا 12:00,,كارشناسي پيوسته,حضوري,ارائه در سطح گروه آموزشی,,گروه آموزشي فيزيک(7116358),163 - شيراز(163),163 - شيراز(71163),71 - فارس(71)
7000031531,فیزیک 1,نظري,3,0,1634254724,,,,,15,,1405/04/16 از 10:00 تا 12:00,,كارشناسي پيوسته,حضوري,ارائه در سطح گروه آموزشی,,گروه آموزشي فيزيک(7116358),163 - شيراز(163),163 - شيراز(71163),71 - فارس(71)
7000031531,فیزیک 1,نظري,3,0,1634254723,,,,,25,,1405/04/16 از 10:00 تا 12:00,,كارشناسي پيوسته,حضوري,ارائه در سطح گروه آموزشی,,گروه آموزشي فيزيک(7116358),163 - شيراز(163),163 - شيراز(71163),71 - فارس(71)
7000031531,فیزیک 1,نظري,3,0,1634254722,,,,,30,,1405/04/16 از 10:00 تا 12:00,,كارشناسي پيوسته,حضوري,ارائه در سطح گروه آموزشی,,گروه آموزشي فيزيک(7116358),163 - شيراز(163),163 - شيراز(71163),71 - فارس(71)
7000031531,فیزیک 1,نظري,3,0,1634254721,,,,,25,,1405/04/16 از 10:00 تا 12:00,,كارشناسي پيوسته,حضوري,ارائه در سطح گروه آموزشی,,گروه آموزشي فيزيک(7116358),163 - شيراز(163),163 - شيراز(71163),71 - فارس(71)
7000031531,فیزیک 1,نظري,3,0,1634254720,,,,,25,,1405/04/16 از 10:00 تا 12:00,,كارشناسي پيوسته,حضوري,ارائه در سطح گروه آموزشی,,گروه آموزشي فيزيک(7116358),163 - شيراز(163),163 - شيراز(71163),71 - فارس(71)
4628141460,فیزیک 1,نظري,3,0,1634254719,,,,,5,,1405/04/16 از 10:00 تا 12:00,,كارشناسي پيوسته,حضوري,ارائه در سطح گروه آموزشی,,گروه آموزشي فيزيک(7116358),163 - شيراز(163),163 - شيراز(71163),71 - فارس(71)
4628141460,فیزیک 1,نظري,3,0,1634254718,,,,,10,,1405/04/16 از 10:00 تا 12:00,,كارشناسي پيوسته,حضوري,ارائه در سطح گروه آموزشی,,گروه آموزشي فيزيک(7116358),163 - شيراز(163),163 - شيراز(71163),71 - فارس(71)
4628141460,فیزیک 1,نظري,3,0,1634254717,,,,,10,,1405/04/16 از 10:00 تا 12:00,,كارشناسي پيوسته,حضوري,ارائه در سطح گروه آموزشی,,گروه آموزشي فيزيک(7116358),163 - شيراز(163),163 - شيراز(71163),71 - فارس(71)
4628141460,فیزیک 1,نظري,3,0,1634254716,,,,,10,,1405/04/16 از 10:00 تا 12:00,,كارشناسي پيوسته,حضوري,ارائه در سطح گروه آموزشی,,گروه آموزشي فيزيک(7116358),163 - شيراز(163),163 - شيراز(71163),71 - فارس(71)
4628141460,فیزیک 1,نظري,3,0,1634254715,,,,,10,,1405/04/16 از 10:00 تا 12:00,,كارشناسي پيوسته,حضوري,ارائه در سطح گروه آموزشی,,گروه آموزشي فيزيک(7116358),163 - شيراز(163),163 - شيراز(71163),71 - فارس(71)
4628141492,فیزیک 2,نظري,3,0,1634254714,,,,,10,,1405/04/15 از 10:00 تا 12:00,,كارشناسي پيوسته,حضوري,ارائه در سطح گروه آموزشی,,گروه آموزشي فيزيک(7116358),163 - شيراز(163),163 - شيراز(71163),71 - فارس(71)
4628141492,فیزیک 2,نظري,3,0,1634254713,,,,,10,,1405/04/15 از 10:00 تا 12:00,,كارشناسي پيوسته,حضوري,ارائه در سطح گروه آموزشی,,گروه آموزشي فيزيک(7116358),163 - شيراز(163),163 - شيراز(71163),71 - فارس(71)
4628141492,فیزیک 2,نظري,3,0,1634254712,,,,,10,,1405/04/15 از 10:00 تا 12:00,,كارشناسي پيوسته,حضوري,ارائه در سطح گروه آموزشی,,گروه آموزشي فيزيک(7116358),163 - شيراز(163),163 - شيراز(71163),71 - فارس(71)
4628141492,فیزیک 2,نظري,3,0,1634254711,,,,,10,,1405/04/15 از 10:00 تا 12:00,,كارشناسي پيوسته,حضوري,ارائه در سطح گروه آموزشی,,گروه آموزشي فيزيک(7116358),163 - شيراز(163),163 - شيراز(71163),71 - فارس(71)
4628141492,فیزیک 2,نظري,3,0,1634254710,,,,,10,,1405/04/15 از 10:00 تا 12:00,,كارشناسي پيوسته,حضوري,ارائه در سطح گروه آموزشی,,گروه آموزشي فيزيک(7116358),163 - شيراز(163),163 - شيراز(71163),71 - فارس(71)
4628102515,آزمایشگاه فیزیک 2,عملي,0,1,1634254696,,,,,2,,,,كارشناسي پيوسته,حضوري,ارائه در سطح گروه آموزشی,,گروه آموزشي فيزيک(7116358),163 - شيراز(163),163 - شيراز(71163),71 - فارس(71)
4628102515,آزمایشگاه فیزیک 2,عملي,0,1,1634254695,,,,,2,,,,كارشناسي پيوسته,حضوري,ارائه در سطح گروه آموزشی,,گروه آموزشي فيزيک(7116358),163 - شيراز(163),163 - شيراز(71163),71 - فارس(71)
4628102515,آزمایشگاه فیزیک 2,عملي,0,1,1634254694,,,,,2,,,,كارشناسي پيوسته,حضوري,ارائه در سطح گروه آموزشی,,گروه آموزشي فيزيک(7116358),163 - شيراز(163),163 - شيراز(71163),71 - فارس(71)
4628102515,آزمایشگاه فیزیک 2,عملي,0,1,1634254693,,,,,2,,,,كارشناسي پيوسته,حضوري,ارائه در سطح گروه آموزشی,,گروه آموزشي فيزيک(7116358),163 - شيراز(163),163 - شيراز(71163),71 - فارس(71)
4628102515,آزمایشگاه فیزیک 2,عملي,0,1,1634254692,,,,,2,,,,كارشناسي پيوسته,حضوري,ارائه در سطح گروه آموزشی,,گروه آموزشي فيزيک(7116358),163 - شيراز(163),163 - شيراز(71163),71 - فارس(71)
4628102515,آزمایشگاه فیزیک 2,عملي,0,1,1634254691,,,,,3,,,,كارشناسي پيوسته,حضوري,ارائه در سطح گروه آموزشی,,گروه آموزشي فيزيک(7116358),163 - شيراز(163),163 - شيراز(71163),71 - فارس(71)
4628102515,آزمایشگاه فیزیک 2,عملي,0,1,1634254690,,,,,3,,,,كارشناسي پيوسته,حضوري,ارائه در سطح گروه آموزشی,,گروه آموزشي فيزيک(7116358),163 - شيراز(163),163 - شيراز(71163),71 - فارس(71)
4628102515,آزمایشگاه فیزیک 2,عملي,0,1,1634254689,,,,,3,,,,كارشناسي پيوسته,حضوري,ارائه در سطح گروه آموزشی,,گروه آموزشي فيزيک(7116358),163 - شيراز(163),163 - شيراز(71163),71 - فارس(71)
4628102515,آزمایشگاه فیزیک 2,عملي,0,1,1634254688,,,,,3,,,,كارشناسي پيوسته,حضوري,ارائه در سطح گروه آموزشی,,گروه آموزشي فيزيک(7116358),163 - شيراز(163),163 - شيراز(71163),71 - فارس(71)
4628102515,آزمایشگاه فیزیک 2,عملي,0,1,1634254687,,,,,3,,,,كارشناسي پيوسته,حضوري,ارائه در سطح گروه آموزشی,,گروه آموزشي فيزيک(7116358),163 - شيراز(163),163 - شيراز(71163),71 - فارس(71)
4628102515,آزمایشگاه فیزیک 2,عملي,0,1,1634254686,,,,,3,,,,كارشناسي پيوسته,حضوري,ارائه در سطح گروه آموزشی,,گروه آموزشي فيزيک(7116358),163 - شيراز(163),163 - شيراز(71163),71 - فارس(71)
4628102515,آزمایشگاه فیزیک 2,عملي,0,1,1634254685,,,,,3,,,,كارشناسي پيوسته,حضوري,ارائه در سطح گروه آموزشی,,گروه آموزشي فيزيک(7116358),163 - شيراز(163),163 - شيراز(71163),71 - فارس(71)
4628102515,آزمایشگاه فیزیک 2,عملي,0,1,1634254684,,,,,3,,,,كارشناسي پيوسته,حضوري,ارائه در سطح گروه آموزشی,,گروه آموزشي فيزيک(7116358),163 - شيراز(163),163 - شيراز(71163),71 - فارس(71)
4628102515,آزمایشگاه فیزیک 2,عملي,0,1,1634254683,,,,,3,,,,كارشناسي پيوسته,حضوري,ارائه در سطح گروه آموزشی,,گروه آموزشي فيزيک(7116358),163 - شيراز(163),163 - شيراز(71163),71 - فارس(71)
4628102515,آزمایشگاه فیزیک 2,عملي,0,1,1634254682,,,,,3,,,,كارشناسي پيوسته,حضوري,ارائه در سطح گروه آموزشی,,گروه آموزشي فيزيک(7116358),163 - شيراز(163),163 - شيراز(71163),71 - فارس(71)
4628102515,آزمایشگاه فیزیک 2,عملي,0,1,1634254681,,,,,5,,,,كارشناسي پيوسته,حضوري,ارائه در سطح گروه آموزشی,,گروه آموزشي فيزيک(7116358),163 - شيراز(163),163 - شيراز(71163),71 - فارس(71)
4628102515,آزمایشگاه فیزیک 2,عملي,0,1,1634254680,,,,,5,,,,كارشناسي پيوسته,حضوري,ارائه در سطح گروه آموزشی,,گروه آموزشي فيزيک(7116358),163 - شيراز(163),163 - شيراز(71163),71 - فارس(71)
4628102515,آزمایشگاه فیزیک 2,عملي,0,1,1634254679,,,,,4,,,,كارشناسي پيوسته,حضوري,ارائه در سطح گروه آموزشی,,گروه آموزشي فيزيک(7116358),163 - شيراز(163),163 - شيراز(71163),71 - فارس(71)
4628102515,آزمایشگاه فیزیک 2,عملي,0,1,1634254678,,,,,4,,,,كارشناسي پيوسته,حضوري,ارائه در سطح گروه آموزشی,,گروه آموزشي فيزيک(7116358),163 - شيراز(163),163 - شيراز(71163),71 - فارس(71)
4628102515,آزمایشگاه فیزیک 2,عملي,0,1,1634254677,,,,,4,,,,كارشناسي پيوسته,حضوري,ارائه در سطح گروه آموزشی,,گروه آموزشي فيزيک(7116358),163 - شيراز(163),163 - شيراز(71163),71 - فارس(71)
7000031533,آزمایشگاه فیزیک 2,عملي,0,1,1634254612,,,,,5,,,,كارشناسي پيوسته,حضوري,ارائه در سطح گروه آموزشی,,گروه آموزشي فيزيک(7116358),163 - شيراز(163),163 - شيراز(71163),71 - فارس(71)
7000031533,آزمایشگاه فیزیک 2,عملي,0,1,1634254611,,,,,5,,,,كارشناسي پيوسته,حضوري,ارائه در سطح گروه آموزشی,,گروه آموزشي فيزيک(7116358),163 - شيراز(163),163 - شيراز(71163),71 - فارس(71)
7000031533,آزمایشگاه فیزیک 2,عملي,0,1,1634254610,,,,,5,,,,كارشناسي پيوسته,حضوري,ارائه در سطح گروه آموزشی,,گروه آموزشي فيزيک(7116358),163 - شيراز(163),163 - شيراز(71163),71 - فارس(71)
7000031533,آزمایشگاه فیزیک 2,عملي,0,1,1634254609,,,,,5,,,,كارشناسي پيوسته,حضوري,ارائه در سطح گروه آموزشی,,گروه آموزشي فيزيک(7116358),163 - شيراز(163),163 - شيراز(71163),71 - فارس(71)
7000031533,آزمایشگاه فیزیک 2,عملي,0,1,1634254608,,,,,5,,,,كارشناسي پيوسته,حضوري,ارائه در سطح گروه آموزشی,,گروه آموزشي فيزيک(7116358),163 - شيراز(163),163 - شيراز(71163),71 - فارس(71)
7000031533,آزمایشگاه فیزیک 2,عملي,0,1,1634254607,,,,,5,,,,كارشناسي پيوسته,حضوري,ارائه در سطح گروه آموزشی,,گروه آموزشي فيزيک(7116358),163 - شيراز(163),163 - شيراز(71163),71 - فارس(71)
7000031533,آزمایشگاه فیزیک 2,عملي,0,1,1634254606,,,,,5,,,,كارشناسي پيوسته,حضوري,ارائه در سطح گروه آموزشی,,گروه آموزشي فيزيک(7116358),163 - شيراز(163),163 - شيراز(71163),71 - فارس(71)
7000031533,آزمایشگاه فیزیک 2,عملي,0,1,1634254605,,,,,5,,,,كارشناسي پيوسته,حضوري,ارائه در سطح گروه آموزشی,,گروه آموزشي فيزيک(7116358),163 - شيراز(163),163 - شيراز(71163),71 - فارس(71)
7000031533,آزمایشگاه فیزیک 2,عملي,0,1,1634254604,,,,,5,,,,كارشناسي پيوسته,حضوري,ارائه در سطح گروه آموزشی,,گروه آموزشي فيزيک(7116358),163 - شيراز(163),163 - شيراز(71163),71 - فارس(71)
7000031533,آزمایشگاه فیزیک 2,عملي,0,1,1634254603,,,,,5,,,,كارشناسي پيوسته,حضوري,ارائه در سطح گروه آموزشی,,گروه آموزشي فيزيک(7116358),163 - شيراز(163),163 - شيراز(71163),71 - فارس(71)
7000031533,آزمایشگاه فیزیک 2,عملي,0,1,1634254602,,,,,6,,,,كارشناسي پيوسته,حضوري,ارائه در سطح گروه آموزشی,,گروه آموزشي فيزيک(7116358),163 - شيراز(163),163 - شيراز(71163),71 - فارس(71)
7000031533,آزمایشگاه فیزیک 2,عملي,0,1,1634254601,,,,,6,,,,كارشناسي پيوسته,حضوري,ارائه در سطح گروه آموزشی,,گروه آموزشي فيزيک(7116358),163 - شيراز(163),163 - شيراز(71163),71 - فارس(71)
7000031533,آزمایشگاه فیزیک 2,عملي,0,1,1634254600,,,,,6,,,,كارشناسي پيوسته,حضوري,ارائه در سطح گروه آموزشی,,گروه آموزشي فيزيک(7116358),163 - شيراز(163),163 - شيراز(71163),71 - فارس(71)
7000031533,آزمایشگاه فیزیک 2,عملي,0,1,1634254599,,,,,6,,,,كارشناسي پيوسته,حضوري,ارائه در سطح گروه آموزشی,,گروه آموزشي فيزيک(7116358),163 - شيراز(163),163 - شيراز(71163),71 - فارس(71)
7000031533,آزمایشگاه فیزیک 2,عملي,0,1,1634254598,,,,,6,,,,كارشناسي پيوسته,حضوري,ارائه در سطح گروه آموزشی,,گروه آموزشي فيزيک(7116358),163 - شيراز(163),163 - شيراز(71163),71 - فارس(71)
7000031533,آزمایشگاه فیزیک 2,عملي,0,1,1634254597,,,,,8,,,,كارشناسي پيوسته,حضوري,ارائه در سطح گروه آموزشی,,گروه آموزشي فيزيک(7116358),163 - شيراز(163),163 - شيراز(71163),71 - فارس(71)
7000031533,آزمایشگاه فیزیک 2,عملي,0,1,1634254596,,,,,8,,,,كارشناسي پيوسته,حضوري,ارائه در سطح گروه آموزشی,,گروه آموزشي فيزيک(7116358),163 - شيراز(163),163 - شيراز(71163),71 - فارس(71)
7000031533,آزمایشگاه فیزیک 2,عملي,0,1,1634254595,,,,,8,,,,كارشناسي پيوسته,حضوري,ارائه در سطح گروه آموزشی,,گروه آموزشي فيزيک(7116358),163 - شيراز(163),163 - شيراز(71163),71 - فارس(71)
7000031533,آزمایشگاه فیزیک 2,عملي,0,1,1634254594,,,,,8,,,,كارشناسي پيوسته,حضوري,ارائه در سطح گروه آموزشی,,گروه آموزشي فيزيک(7116358),163 - شيراز(163),163 - شيراز(71163),71 - فارس(71)
7000031533,آزمایشگاه فیزیک 2,عملي,0,1,1634254593,,,,,7,,,,كارشناسي پيوسته,حضوري,ارائه در سطح گروه آموزشی,,گروه آموزشي فيزيک(7116358),163 - شيراز(163),163 - شيراز(71163),71 - فارس(71)
7000031532,فیزیک 2,نظري,3,0,1634254592,,,,,25,,1405/04/15 از 10:00 تا 12:00,,كارشناسي پيوسته,حضوري,ارائه در سطح گروه آموزشی,,گروه آموزشي فيزيک(7116358),163 - شيراز(163),163 - شيراز(71163),71 - فارس(71)
7000031532,فیزیک 2,نظري,3,0,1634254591,,,,,30,,1405/04/15 از 10:00 تا 12:00,,كارشناسي پيوسته,حضوري,ارائه در سطح گروه آموزشی,,گروه آموزشي فيزيک(7116358),163 - شيراز(163),163 - شيراز(71163),71 - فارس(71)
7000031532,فیزیک 2,نظري,3,0,1634254590,,,,,15,,1405/04/15 از 10:00 تا 12:00,,كارشناسي پيوسته,حضوري,ارائه در سطح گروه آموزشی,,گروه آموزشي فيزيک(7116358),163 - شيراز(163),163 - شيراز(71163),71 - فارس(71)
7000031532,فیزیک 2,نظري,3,0,1634254589,,,,,30,,1405/04/15 از 10:00 تا 12:00,,كارشناسي پيوسته,حضوري,ارائه در سطح گروه آموزشی,,گروه آموزشي فيزيک(7116358),163 - شيراز(163),163 - شيراز(71163),71 - فارس(71)
7000031532,فیزیک 2,نظري,3,0,1634254588,,,,,35,,1405/04/15 از 10:00 تا 12:00,,كارشناسي پيوسته,حضوري,ارائه در سطح گروه آموزشی,,گروه آموزشي فيزيک(7116358),163 - شيراز(163),163 - شيراز(71163),71 - فارس(71)
7000031532,فیزیک 2,نظري,3,0,1634254587,,,,,30,,1405/04/15 از 10:00 تا 12:00,,كارشناسي پيوسته,حضوري,ارائه در سطح گروه آموزشی,,گروه آموزشي فيزيک(7116358),163 - شيراز(163),163 - شيراز(71163),71 - فارس(71)
7000031532,فیزیک 2,نظري,3,0,1634254586,,,,,35,,1405/04/15 از 10:00 تا 12:00,,كارشناسي پيوسته,حضوري,ارائه در سطح گروه آموزشی,,گروه آموزشي فيزيک(7116358),163 - شيراز(163),163 - شيراز(71163),71 - فارس(71)
7000031532,فیزیک 2,نظري,3,0,1634254585,,,,,25,,1405/04/15 از 10:00 تا 12:00,,كارشناسي پيوسته,حضوري,ارائه در سطح گروه آموزشی,,گروه آموزشي فيزيک(7116358),163 - شيراز(163),163 - شيراز(71163),71 - فارس(71)
7000031532,فیزیک 2,نظري,3,0,1634254584,,,,,30,,1405/04/15 از 10:00 تا 12:00,,كارشناسي پيوسته,حضوري,ارائه در سطح گروه آموزشی,,گروه آموزشي فيزيک(7116358),163 - شيراز(163),163 - شيراز(71163),71 - فارس(71)
7000031532,فیزیک 2,نظري,3,0,1634254583,,,,,30,,1405/04/15 از 10:00 تا 12:00,,كارشناسي پيوسته,حضوري,ارائه در سطح گروه آموزشی,,گروه آموزشي فيزيک(7116358),163 - شيراز(163),163 - شيراز(71163),71 - فارس(71)
7000031532,فیزیک 2,نظري,3,0,1634254582,,,,,35,,1405/04/15 از 10:00 تا 12:00,,كارشناسي پيوسته,حضوري,ارائه در سطح گروه آموزشی,,گروه آموزشي فيزيک(7116358),163 - شيراز(163),163 - شيراز(71163),71 - فارس(71)
7000031532,فیزیک 2,نظري,3,0,1634254581,,,,,35,,1405/04/15 از 10:00 تا 12:00,,كارشناسي پيوسته,حضوري,ارائه در سطح گروه آموزشی,,گروه آموزشي فيزيک(7116358),163 - شيراز(163),163 - شيراز(71163),71 - فارس(71)
7000031532,فیزیک 2,نظري,3,0,1634254580,,,,,15,,1405/04/15 از 10:00 تا 12:00,,كارشناسي پيوسته,حضوري,ارائه در سطح گروه آموزشی,,گروه آموزشي فيزيک(7116358),163 - شيراز(163),163 - شيراز(71163),71 - فارس(71)
7000031532,فیزیک 2,نظري,3,0,1634254579,,,,,30,,1405/04/15 از 10:00 تا 12:00,,كارشناسي پيوسته,حضوري,ارائه در سطح گروه آموزشی,,گروه آموزشي فيزيک(7116358),163 - شيراز(163),163 - شيراز(71163),71 - فارس(71)
7000031532,فیزیک 2,نظري,3,0,1634254578,,,,,30,,1405/04/15 از 10:00 تا 12:00,,كارشناسي پيوسته,حضوري,ارائه در سطح گروه آموزشی,,گروه آموزشي فيزيک(7116358),163 - شيراز(163),163 - شيراز(71163),71 - فارس(71)
7000031532,فیزیک 2,نظري,3,0,1634254577,,,,,25,,1405/04/15 از 10:00 تا 12:00,,كارشناسي پيوسته,حضوري,ارائه در سطح گروه آموزشی,,گروه آموزشي فيزيک(7116358),163 - شيراز(163),163 - شيراز(71163),71 - فارس(71)
7000031532,فیزیک 2,نظري,3,0,1634254576,,,,,30,,1405/04/15 از 10:00 تا 12:00,,كارشناسي پيوسته,حضوري,ارائه در سطح گروه آموزشی,,گروه آموزشي فيزيک(7116358),163 - شيراز(163),163 - شيراز(71163),71 - فارس(71)
7000031532,فیزیک 2,نظري,3,0,1634254575,,,,,25,,1405/04/15 از 10:00 تا 12:00,,كارشناسي پيوسته,حضوري,ارائه در سطح گروه آموزشی,,گروه آموزشي فيزيک(7116358),163 - شيراز(163),163 - شيراز(71163),71 - فارس(71)
7000031532,فیزیک 2,نظري,3,0,1634254574,,,,,10,,1405/04/15 از 10:00 تا 12:00,,كارشناسي پيوسته,حضوري,ارائه در سطح گروه آموزشی,,گروه آموزشي فيزيک(7116358),163 - شيراز(163),163 - شيراز(71163),71 - فارس(71)
7000031532,فیزیک 2,نظري,3,0,1634254573,,,,,10,,1405/04/15 از 10:00 تا 12:00,,كارشناسي پيوسته,حضوري,ارائه در سطح گروه آموزشی,,گروه آموزشي فيزيک(7116358),163 - شيراز(163),163 - شيراز(71163),71 - فارس(71)
7000031531,فیزیک 1,نظري,3,0,1634254572,,,,,5,,1405/04/16 از 10:00 تا 12:00,,كارشناسي پيوسته,حضوري,ارائه در سطح گروه آموزشی,,گروه آموزشي فيزيک(7116358),163 - شيراز(163),163 - شيراز(71163),71 - فارس(71)
7000031531,فیزیک 1,نظري,3,0,1634254571,,,,,5,,1405/04/16 از 10:00 تا 12:00,,كارشناسي پيوسته,حضوري,ارائه در سطح گروه آموزشی,,گروه آموزشي فيزيک(7116358),163 - شيراز(163),163 - شيراز(71163),71 - فارس(71)
7000031531,فیزیک 1,نظري,3,0,1634254570,,,,,15,,1405/04/16 از 10:00 تا 12:00,,كارشناسي پيوسته,حضوري,ارائه در سطح گروه آموزشی,,گروه آموزشي فيزيک(7116358),163 - شيراز(163),163 - شيراز(71163),71 - فارس(71)
7000031531,فیزیک 1,نظري,3,0,1634254298,,,,,15,,1405/04/16 از 10:00 تا 12:00,,كارشناسي پيوسته,حضوري,ارائه در سطح گروه آموزشی,,گروه آموزشي فيزيک(7116358),163 - شيراز(163),163 - شيراز(71163),71 - فارس(71)
7000031531,فیزیک 1,نظري,3,0,1634254297,,,,,15,,1405/04/16 از 10:00 تا 12:00,,كارشناسي پيوسته,حضوري,ارائه در سطح گروه آموزشی,,گروه آموزشي فيزيک(7116358),163 - شيراز(163),163 - شيراز(71163),71 - فارس(71)
1292144343,مبانی اقتصاد مهندسی,نظري,3,0,163331645,جبرانی,,,,1,,1405/03/16 از 08:00 تا 10:00,,كارشناسي ارشد ناپيوسته,حضوري,ارائه در سطح گروه آموزشی,,گروه آموزشي صنايع(7116338),163 - شيراز(163),163 - شيراز(71163),71 - فارس(71)
6004156275,کارآفرینی,كارگاهي,1,1,300-65,,,,,50,,1405/03/27 از 10:00 تا 12:00,,کاردانی پیوسته,حضوري,ارائه در سطح دانشکده,,گروه آموزشي صنايع(7116338),163 - شيراز(163),163 - شيراز(71163),71 - فارس(71)
55001,ریاضیات پایه(پیش نیاز دانشگاهی),نظري,2,0,9936,,,,,20,,1405/03/28 از 10:00 تا 12:00,,کاردانی پیوسته,حضوري,ارائه در سطح دانشکده,,گروه آموزشي صنايع(7116338),163 - شيراز(163),163 - شيراز(71163),71 - فارس(71)
7000039351,کارآفرینی و مدیریت کسب و کار,نظري_عملي,1,1,9940,,,,,25,,1405/03/27 از 10:00 تا 12:00,,کاردانی پیوسته,حضوري,ارائه در سطح دانشکده,,گروه آموزشي صنايع(7116338),163 - شيراز(163),163 - شيراز(71163),71 - فارس(71)
7000039351,کارآفرینی و مدیریت کسب و کار,نظري_عملي,1,1,9939,,,,,25,,1405/03/27 از 10:00 تا 12:00,,کاردانی پیوسته,حضوري,ارائه در سطح دانشکده,,گروه آموزشي صنايع(7116338),163 - شيراز(163),163 - شيراز(71163),71 - فارس(71)
7000039351,کارآفرینی و مدیریت کسب و کار,نظري_عملي,1,1,9938,,,,,25,,1405/03/27 از 10:00 تا 12:00,,کاردانی پیوسته,حضوري,ارائه در سطح دانشکده,,گروه آموزشي صنايع(7116338),163 - شيراز(163),163 - شيراز(71163),71 - فارس(71)
7000039351,کارآفرینی و مدیریت کسب و کار,نظري_عملي,1,1,9937,,,,,25,,1405/03/27 از 10:00 تا 12:00,,کاردانی پیوسته,حضوري,ارائه در سطح دانشکده,,گروه آموزشي صنايع(7116338),163 - شيراز(163),163 - شيراز(71163),71 - فارس(71)
5746156275,کارآفرینی,نظري_عملي,2,1,2240,,,,,25,,1405/03/27 از 10:00 تا 12:00,,کاردانی پیوسته,حضوري,ارائه در سطح دانشکده,,گروه آموزشي صنايع(7116338),163 - شيراز(163),163 - شيراز(71163),71 - فارس(71)
5746156275,کارآفرینی,نظري_عملي,2,1,2239,,,,,25,,1405/03/27 از 10:00 تا 12:00,,کاردانی پیوسته,حضوري,ارائه در سطح دانشکده,,گروه آموزشي صنايع(7116338),163 - شيراز(163),163 - شيراز(71163),71 - فارس(71)
5746156275,کارآفرینی,نظري_عملي,2,1,2238,,,,,25,,1405/03/27 از 10:00 تا 12:00,,کاردانی پیوسته,حضوري,ارائه در سطح دانشکده,,گروه آموزشي صنايع(7116338),163 - شيراز(163),163 - شيراز(71163),71 - فارس(71)
5746156275,کارآفرینی,نظري_عملي,2,1,2237,,,,,25,,1405/03/27 از 10:00 تا 12:00,,کاردانی پیوسته,حضوري,ارائه در سطح دانشکده,,گروه آموزشي صنايع(7116338),163 - شيراز(163),163 - شيراز(71163),71 - فارس(71)
55194,ریاضی پیش دانشگاهی,نظري,2,0,2236,,,,,25,,1405/03/28 از 10:00 تا 12:00,,کاردانی پیوسته,حضوري,ارائه در سطح دانشکده,,گروه آموزشي صنايع(7116338),163 - شيراز(163),163 - شيراز(71163),71 - فارس(71)
55139,کارآفرینی,نظري,3,0,3440,,,,,25,,1405/03/27 از 10:00 تا 12:00,,کارداني ناپیوسته,حضوري,ارائه در سطح دانشکده,,گروه آموزشي صنايع(7116338),163 - شيراز(163),163 - شيراز(71163),71 - فارس(71)
55139,کارآفرینی,نظري,3,0,3439,,,,,25,,1405/03/27 از 10:00 تا 12:00,,کارداني ناپیوسته,حضوري,ارائه در سطح دانشکده,,گروه آموزشي صنايع(7116338),163 - شيراز(163),163 - شيراز(71163),71 - فارس(71)
55139,کارآفرینی,نظري,3,0,3438,,,,,35,,1405/03/27 از 10:00 تا 12:00,,کارداني ناپیوسته,حضوري,ارائه در سطح دانشکده,,گروه آموزشي صنايع(7116338),163 - شيراز(163),163 - شيراز(71163),71 - فارس(71)
55139,کارآفرینی,نظري,3,0,3437,,,,,25,,1405/03/27 از 10:00 تا 12:00,,کارداني ناپیوسته,حضوري,ارائه در سطح دانشکده,,گروه آموزشي صنايع(7116338),163 - شيراز(163),163 - شيراز(71163),71 - فارس(71)
55009,ریاضیات و آمار (پیش نیاز دانشگاهی),نظري,2,0,3436,,,,,25,,1405/03/28 از 10:00 تا 12:00,,کارداني ناپیوسته,حضوري,ارائه در سطح دانشکده,,گروه آموزشي صنايع(7116338),163 - شيراز(163),163 - شيراز(71163),71 - فارس(71)
5889156275,کارآفرینی,كارگاهي,1,1,3340,,,,,25,,1405/03/27 از 10:00 تا 12:00,,کاردانی پیوسته,حضوري,ارائه در سطح دانشکده,,گروه آموزشي صنايع(7116338),163 - شيراز(163),163 - شيراز(71163),71 - فارس(71)
5889156275,کارآفرینی,كارگاهي,1,1,3339,,,,,25,,1405/03/27 از 10:00 تا 12:00,,کاردانی پیوسته,حضوري,ارائه در سطح دانشکده,,گروه آموزشي صنايع(7116338),163 - شيراز(163),163 - شيراز(71163),71 - فارس(71)
5889156275,کارآفرینی,كارگاهي,1,1,3338,,,,,25,,1405/03/27 از 10:00 تا 12:00,,کاردانی پیوسته,حضوري,ارائه در سطح دانشکده,,گروه آموزشي صنايع(7116338),163 - شيراز(163),163 - شيراز(71163),71 - فارس(71)
5889156275,کارآفرینی,كارگاهي,1,1,3337,,,,,25,,1405/03/27 از 10:00 تا 12:00,,کاردانی پیوسته,حضوري,ارائه در سطح دانشکده,,گروه آموزشي صنايع(7116338),163 - شيراز(163),163 - شيراز(71163),71 - فارس(71)
55009,ریاضیات و آمار (پیش نیاز دانشگاهی),نظري,2,0,3336,,,,,25,,1405/03/28 از 10:00 تا 12:00,,کاردانی پیوسته,حضوري,ارائه در سطح دانشکده,,گروه آموزشي صنايع(7116338),163 - شيراز(163),163 - شيراز(71163),71 - فارس(71)
1068156275,کارآفرینی,نظري,3,0,6640,,دوشنبه از 10:00 تا 12:30,حمیده ادراکی,,25,,1405/03/27 از 10:00 تا 12:00,,کارداني ناپیوسته,حضوري,ارائه در سطح دانشکده,,گروه آموزشي صنايع(7116338),163 - شيراز(163),163 - شيراز(71163),71 - فارس(71)
1068156275,کارآفرینی,نظري,3,0,6639,,دوشنبه از 07:30 تا 10:00,حمیده ادراکی,,25,,1405/03/27 از 10:00 تا 12:00,,کارداني ناپیوسته,حضوري,ارائه در سطح دانشکده,,گروه آموزشي صنايع(7116338),163 - شيراز(163),163 - شيراز(71163),71 - فارس(71)
1068156275,کارآفرینی,نظري,3,0,6638,,شنبه از 10:00 تا 12:30,حمیده ادراکی,,25,,1405/03/27 از 10:00 تا 12:00,,کارداني ناپیوسته,حضوري,ارائه در سطح دانشکده,,گروه آموزشي صنايع(7116338),163 - شيراز(163),163 - شيراز(71163),71 - فارس(71)
1068156275,کارآفرینی,نظري,3,0,6637,,شنبه از 07:30 تا 10:00,حمیده ادراکی,,25,,1405/03/27 از 10:00 تا 12:00,,کارداني ناپیوسته,حضوري,ارائه در سطح دانشکده,,گروه آموزشي صنايع(7116338),163 - شيراز(163),163 - شيراز(71163),71 - فارس(71)
55001,ریاضیات پایه(پیش نیاز دانشگاهی),نظري,2,0,6636,,يكشنبه از 07:30 تا 09:15,امیر محسنی آهویی,,25,,1405/03/28 از 10:00 تا 12:00,,کارداني ناپیوسته,حضوري,ارائه در سطح دانشکده,,گروه آموزشي صنايع(7116338),163 - شيراز(163),163 - شيراز(71163),71 - فارس(71)
7000005346,کارگاه پایش صحت عملکرد تجهیزات تولید دارویی,عملي,0,1,6618,,شنبه از 11:00 تا 12:45,سید مهدی سعید,,25,,1405/03/26 از 15:00 تا 16:30,,کارداني ناپیوسته,حضوري,ارائه در سطح دانشکده,,گروه آموزشي صنايع(7116338),163 - شيراز(163),163 - شيراز(71163),71 - فارس(71)
7000005344,پایش صحت عملکرد تجهیزات تولید دارویی,نظري,2,0,6617,,سه شنبه از 12:45 تا 14:30,سید مهدی سعید,,25,,1405/03/26 از 13:00 تا 15:00,,کارداني ناپیوسته,حضوري,ارائه در سطح دانشکده,,گروه آموزشي صنايع(7116338),163 - شيراز(163),163 - شيراز(71163),71 - فارس(71)
7000005350,کارگاه بسته بندی محصولات دارویی,عملي,0,1,6616,,شنبه از 09:15 تا 11:00,سید مهدی سعید,,25,,1405/04/01 از 15:00 تا 16:30,,کارداني ناپیوسته,حضوري,ارائه در سطح دانشکده,,گروه آموزشي صنايع(7116338),163 - شيراز(163),163 - شيراز(71163),71 - فارس(71)
7000005349,بسته بندی محصولات دارویی,نظري,2,0,6615,,يكشنبه از 07:30 تا 09:15,سید مهدی سعید,,25,,1405/04/01 از 13:00 تا 15:00,,کارداني ناپیوسته,حضوري,ارائه در سطح دانشکده,,گروه آموزشي صنايع(7116338),163 - شيراز(163),163 - شيراز(71163),71 - فارس(71)
7000005354,آب سازی و تصفیه پساپ دارویی,نظري,2,0,6612,,يكشنبه از 14:30 تا 16:15,امیر محسنی آهویی,,25,,1405/04/06 از 08:00 تا 10:00,,کارداني ناپیوسته,حضوري,ارائه در سطح دانشکده,,گروه آموزشي صنايع(7116338),163 - شيراز(163),163 - شيراز(71163),71 - فارس(71)
7000005340,کارگاه تجهیزات و ماشین آلات دارویی,عملي,0,1,6610,,چهارشنبه از 12:00 تا 14:00,امیر محسنی آهویی,,25,,1405/03/31 از 10:00 تا 12:00,,کارداني ناپیوسته,حضوري,ارائه در سطح دانشکده,,گروه آموزشي صنايع(7116338),163 - شيراز(163),163 - شيراز(71163),71 - فارس(71)
7000005339,تجهیزات و ماشین آلات دارویی,نظري,3,0,6609,,چهارشنبه از 09:15 تا 12:00,امیر محسنی آهویی,,25,,1405/03/31 از 08:00 تا 10:00,,کارداني ناپیوسته,حضوري,ارائه در سطح دانشکده,,گروه آموزشي صنايع(7116338),163 - شيراز(163),163 - شيراز(71163),71 - فارس(71)
7000005338,آزمایشگاه شناخت مواد جانبی و اصلی در ساخت دارو,عملي,0,1,6608,,شنبه از 07:30 تا 09:15,سید مهدی سعید,,25,,1405/03/30 از 10:00 تا 12:00,,کارداني ناپیوسته,حضوري,ارائه در سطح دانشکده,,گروه آموزشي صنايع(7116338),163 - شيراز(163),163 - شيراز(71163),71 - فارس(71)
7000005337,شناخت مواد جانبی و اصلی در ساخت دارو,نظري,3,0,6607,,سه شنبه از 09:15 تا 12:00,سید مهدی سعید,,25,,1405/03/30 از 08:00 تا 10:00,,کارداني ناپیوسته,حضوري,ارائه در سطح دانشکده,,گروه آموزشي صنايع(7116338),163 - شيراز(163),163 - شيراز(71163),71 - فارس(71)
7000005334,اصول کنترل کیفیت و تولید,نظري,2,0,6606,,سه شنبه از 07:30 تا 09:15,سید مهدی سعید,,25,,1405/03/27 از 08:00 تا 10:00,,کارداني ناپیوسته,حضوري,ارائه در سطح دانشکده,,گروه آموزشي صنايع(7116338),163 - شيراز(163),163 - شيراز(71163),71 - فارس(71)
7000005355,اصول معتبر سازی فرآیند تولید,نظري,1,0,6605,,شنبه از 14:30 تا 15:30,سید مهدی سعید,,25,,1405/03/27 از 10:00 تا 12:00,,کارداني ناپیوسته,حضوري,ارائه در سطح دانشکده,,گروه آموزشي صنايع(7116338),163 - شيراز(163),163 - شيراز(71163),71 - فارس(71)
5011136429,شیمی معدنی,نظري,2,0,6601,,سه شنبه از 16:15 تا 18:00,امیر محسنی آهویی,,25,,1405/03/23 از 13:00 تا 15:00,,کارداني ناپیوسته,حضوري,ارائه در سطح دانشکده,,گروه آموزشي صنايع(7116338),163 - شيراز(163),163 - شيراز(71163),71 - فارس(71)
1596136154,شیمی آلی,نظري,2,0,6600,,سه شنبه از 14:30 تا 16:15,امیر محسنی آهویی,,20,,1405/03/23 از 15:00 تا 16:30,,کارداني ناپیوسته,حضوري,ارائه در سطح دانشکده,,گروه آموزشي صنايع(7116338),163 - شيراز(163),163 - شيراز(71163),71 - فارس(71)
5990156275,کارآفرینی,نظري_عملي,1,1,7740,,,,,25,,1405/03/27 از 10:00 تا 12:00,,کاردانی پیوسته,حضوري,ارائه در سطح دانشکده,,گروه آموزشي صنايع(7116338),163 - شيراز(163),163 - شيراز(71163),71 - فارس(71)
5990156275,کارآفرینی,نظري_عملي,1,1,7739,,,,,25,,1405/03/27 از 10:00 تا 12:00,,کاردانی پیوسته,حضوري,ارائه در سطح دانشکده,,گروه آموزشي صنايع(7116338),163 - شيراز(163),163 - شيراز(71163),71 - فارس(71)
5990156275,کارآفرینی,نظري_عملي,1,1,7738,,,,,25,,1405/03/27 از 10:00 تا 12:00,,کاردانی پیوسته,حضوري,ارائه در سطح دانشکده,,گروه آموزشي صنايع(7116338),163 - شيراز(163),163 - شيراز(71163),71 - فارس(71)
5990156275,کارآفرینی,نظري_عملي,1,1,7737,,,,,25,,1405/03/27 از 10:00 تا 12:00,,کاردانی پیوسته,حضوري,ارائه در سطح دانشکده,,گروه آموزشي صنايع(7116338),163 - شيراز(163),163 - شيراز(71163),71 - فارس(71)
55001,ریاضیات پایه(پیش نیاز دانشگاهی),نظري,2,0,7736,,,,,25,,1405/03/28 از 10:00 تا 12:00,,کاردانی پیوسته,حضوري,ارائه در سطح دانشکده,,گروه آموزشي صنايع(7116338),163 - شيراز(163),163 - شيراز(71163),71 - فارس(71)
3804156275,کارآفرینی,نظري_عملي,1,1,881-01,,,,,50,,1405/03/27 از 10:00 تا 12:00,,کاردانی پیوسته,حضوري,ارائه در سطح دانشکده,,گروه آموزشي صنايع(7116338),163 - شيراز(163),163 - شيراز(71163),71 - فارس(71)
3973156275,کارآفرینی,نظري_عملي,1,1,851-02,,,,,50,,1405/03/27 از 10:00 تا 12:00,,کاردانی پیوسته,حضوري,ارائه در سطح دانشکده,,گروه آموزشي صنايع(7116338),163 - شيراز(163),163 - شيراز(71163),71 - فارس(71)
1008156275,کارآفرینی,نظري_عملي,2,1,100-30,,,,,50,,1405/03/27 از 10:00 تا 12:00,,کاردانی پیوسته,حضوري,ارائه در سطح دانشکده,,گروه آموزشي صنايع(7116338),163 - شيراز(163),163 - شيراز(71163),71 - فارس(71)
5903156275,کارآفرینی,نظري_عملي,1,1,200-43,,,,,50,,1405/03/27 از 10:00 تا 12:00,,کاردانی پیوسته,حضوري,ارائه در سطح دانشکده,,گروه آموزشي صنايع(7116338),163 - شيراز(163),163 - شيراز(71163),71 - فارس(71)
5903156275,کارآفرینی,نظري_عملي,1,1,200-42,,,,,50,,1405/03/27 از 10:00 تا 12:00,,کاردانی پیوسته,حضوري,ارائه در سطح دانشکده,,گروه آموزشي صنايع(7116338),163 - شيراز(163),163 - شيراز(71163),71 - فارس(71)
7000039351,کارآفرینی و مدیریت کسب و کار,نظري_عملي,1,1,300-52,,,,,50,,1405/03/27 از 10:00 تا 12:00,,کاردانی پیوسته,حضوري,ارائه در سطح دانشکده,,گروه آموزشي صنايع(7116338),163 - شيراز(163),163 - شيراز(71163),71 - فارس(71)
1939156327,کارآفرینی و پروژه,نظري_عملي,1,1,300-33,,,,,50,,1405/03/27 از 10:00 تا 12:00,,کاردانی پیوسته,حضوري,ارائه در سطح دانشکده,,گروه آموزشي صنايع(7116338),163 - شيراز(163),163 - شيراز(71163),71 - فارس(71)
1939156327,کارآفرینی و پروژه,نظري_عملي,1,1,300-32,,,,,50,,1405/03/27 از 10:00 تا 12:00,,کاردانی پیوسته,حضوري,ارائه در سطح دانشکده,,گروه آموزشي صنايع(7116338),163 - شيراز(163),163 - شيراز(71163),71 - فارس(71)
7000031528,ریاضی عمومی 2,نظري,3,0,1634254634,,,,,57,,1405/04/13 از 10:00 تا 12:00,,كارشناسي پيوسته,حضوري,ارائه در سطح گروه آموزشی,,گروه آموزشي رياضيات و علوم کامپيوتر(7116314),163 - شيراز(163),163 - شيراز(71163),71 - فارس(71)
7000031528,ریاضی عمومی 2,نظري,3,0,1634254633,,,,,57,,1405/04/13 از 10:00 تا 12:00,,كارشناسي پيوسته,حضوري,ارائه در سطح گروه آموزشی,,گروه آموزشي رياضيات و علوم کامپيوتر(7116314),163 - شيراز(163),163 - شيراز(71163),71 - فارس(71)
7000031528,ریاضی عمومی 2,نظري,3,0,1634254632,,,,,57,,1405/04/13 از 10:00 تا 12:00,,كارشناسي پيوسته,حضوري,ارائه در سطح گروه آموزشی,,گروه آموزشي رياضيات و علوم کامپيوتر(7116314),163 - شيراز(163),163 - شيراز(71163),71 - فارس(71)
7000031528,ریاضی عمومی 2,نظري,3,0,1634254631,,,,,35,,1405/04/13 از 10:00 تا 12:00,,كارشناسي پيوسته,حضوري,ارائه در سطح گروه آموزشی,,گروه آموزشي رياضيات و علوم کامپيوتر(7116314),163 - شيراز(163),163 - شيراز(71163),71 - فارس(71)
7000031528,ریاضی عمومی 2,نظري,3,0,1634254629,,,,,35,,1405/04/13 از 10:00 تا 12:00,,كارشناسي پيوسته,حضوري,ارائه در سطح گروه آموزشی,,گروه آموزشي رياضيات و علوم کامپيوتر(7116314),163 - شيراز(163),163 - شيراز(71163),71 - فارس(71)
7000031528,ریاضی عمومی 2,نظري,3,0,1634254628,,,,,57,,1405/04/13 از 10:00 تا 12:00,,كارشناسي پيوسته,حضوري,ارائه در سطح گروه آموزشی,,گروه آموزشي رياضيات و علوم کامپيوتر(7116314),163 - شيراز(163),163 - شيراز(71163),71 - فارس(71)
7000031528,ریاضی عمومی 2,نظري,3,0,1634254627,,,,,50,,1405/04/13 از 10:00 تا 12:00,,كارشناسي پيوسته,حضوري,ارائه در سطح گروه آموزشی,,گروه آموزشي رياضيات و علوم کامپيوتر(7116314),163 - شيراز(163),163 - شيراز(71163),71 - فارس(71)
7000031528,ریاضی عمومی 2,نظري,3,0,1634254626,,,,,40,,1405/04/13 از 10:00 تا 12:00,,كارشناسي پيوسته,حضوري,ارائه در سطح گروه آموزشی,,گروه آموزشي رياضيات و علوم کامپيوتر(7116314),163 - شيراز(163),163 - شيراز(71163),71 - فارس(71)
7000031528,ریاضی عمومی 2,نظري,3,0,1634254625,,,,,40,,1405/04/13 از 10:00 تا 12:00,,كارشناسي پيوسته,حضوري,ارائه در سطح گروه آموزشی,,گروه آموزشي رياضيات و علوم کامپيوتر(7116314),163 - شيراز(163),163 - شيراز(71163),71 - فارس(71)
7000031528,ریاضی عمومی 2,نظري,3,0,1634254624,,,,,40,,1405/04/13 از 10:00 تا 12:00,,كارشناسي پيوسته,حضوري,ارائه در سطح گروه آموزشی,,گروه آموزشي رياضيات و علوم کامپيوتر(7116314),163 - شيراز(163),163 - شيراز(71163),71 - فارس(71)
7000031528,ریاضی عمومی 2,نظري,3,0,1634254623,,,,,57,,1405/04/13 از 10:00 تا 12:00,,كارشناسي پيوسته,حضوري,ارائه در سطح گروه آموزشی,,گروه آموزشي رياضيات و علوم کامپيوتر(7116314),163 - شيراز(163),163 - شيراز(71163),71 - فارس(71)
7000031528,ریاضی عمومی 2,نظري,3,0,1634254622,,,,,40,,1405/04/13 از 10:00 تا 12:00,,كارشناسي پيوسته,حضوري,ارائه در سطح گروه آموزشی,,گروه آموزشي رياضيات و علوم کامپيوتر(7116314),163 - شيراز(163),163 - شيراز(71163),71 - فارس(71)
7000031528,ریاضی عمومی 2,نظري,3,0,1634254621,,,,,35,,1405/04/13 از 10:00 تا 12:00,,كارشناسي پيوسته,حضوري,ارائه در سطح گروه آموزشی,,گروه آموزشي رياضيات و علوم کامپيوتر(7116314),163 - شيراز(163),163 - شيراز(71163),71 - فارس(71)
7000031528,ریاضی عمومی 2,نظري,3,0,1634254620,,سه شنبه از 13:15 تا 15:45,اکبر کلائی,,51,,1405/04/13 از 10:00 تا 12:00,مهندسی دو-207,كارشناسي پيوسته,حضوري,ارائه در سطح گروه آموزشی,,گروه آموزشي رياضيات و علوم کامپيوتر(7116314),163 - شيراز(163),163 - شيراز(71163),71 - فارس(71)
7000031528,ریاضی عمومی 2,نظري,3,0,1634254619,,,,,40,,1405/04/13 از 10:00 تا 12:00,,كارشناسي پيوسته,حضوري,ارائه در سطح گروه آموزشی,,گروه آموزشي رياضيات و علوم کامپيوتر(7116314),163 - شيراز(163),163 - شيراز(71163),71 - فارس(71)
7000031528,ریاضی عمومی 2,نظري,3,0,1634254618,,,,,50,,1405/04/13 از 10:00 تا 12:00,,كارشناسي پيوسته,حضوري,ارائه در سطح گروه آموزشی,,گروه آموزشي رياضيات و علوم کامپيوتر(7116314),163 - شيراز(163),163 - شيراز(71163),71 - فارس(71)
7000031529,معادلات دیفرانسیل,نظري,3,0,1634254432,,,,,30,,1405/04/07 از 10:00 تا 12:00,,كارشناسي پيوسته,حضوري,ارائه در سطح گروه آموزشی,,گروه آموزشي رياضيات و علوم کامپيوتر(7116314),163 - شيراز(163),163 - شيراز(71163),71 - فارس(71)
7000031529,معادلات دیفرانسیل,نظري,3,0,1634254431,,سه شنبه از 10:15 تا 13:15,الهام رحیمی,,30,,1405/04/07 از 10:00 تا 12:00,علوم،کشاورزی و فناوری های نوین-209,كارشناسي پيوسته,حضوري,ارائه در سطح گروه آموزشی,,گروه آموزشي رياضيات و علوم کامپيوتر(7116314),163 - شيراز(163),163 - شيراز(71163),71 - فارس(71)
7000031529,معادلات دیفرانسیل,نظري,3,0,1634254430,,شنبه از 13:15 تا 15:45,وحيد مخبري,,10,,1405/04/07 از 10:00 تا 12:00,مهندسی یک-215,كارشناسي پيوسته,حضوري,ارائه در سطح گروه آموزشی,,گروه آموزشي رياضيات و علوم کامپيوتر(7116314),163 - شيراز(163),163 - شيراز(71163),71 - فارس(71)
7000031529,معادلات دیفرانسیل,نظري,3,0,1634254429,,,,,40,,1405/04/07 از 10:00 تا 12:00,,كارشناسي پيوسته,حضوري,ارائه در سطح گروه آموزشی,,گروه آموزشي رياضيات و علوم کامپيوتر(7116314),163 - شيراز(163),163 - شيراز(71163),71 - فارس(71)
7000031529,معادلات دیفرانسیل,نظري,3,0,1634254428,,,,,40,,1405/04/07 از 10:00 تا 12:00,,كارشناسي پيوسته,حضوري,ارائه در سطح گروه آموزشی,,گروه آموزشي رياضيات و علوم کامپيوتر(7116314),163 - شيراز(163),163 - شيراز(71163),71 - فارس(71)
7000031529,معادلات دیفرانسیل,نظري,3,0,1634254427,,,,,30,,1405/04/07 از 10:00 تا 12:00,,كارشناسي پيوسته,حضوري,ارائه در سطح گروه آموزشی,,گروه آموزشي رياضيات و علوم کامپيوتر(7116314),163 - شيراز(163),163 - شيراز(71163),71 - فارس(71)
7000031529,معادلات دیفرانسیل,نظري,3,0,1634254426,,,,,50,,1405/04/07 از 10:00 تا 12:00,,كارشناسي پيوسته,حضوري,ارائه در سطح گروه آموزشی,,گروه آموزشي رياضيات و علوم کامپيوتر(7116314),163 - شيراز(163),163 - شيراز(71163),71 - فارس(71)
7000031529,معادلات دیفرانسیل,نظري,3,0,1634254425,,,,,30,,1405/04/07 از 10:00 تا 12:00,,كارشناسي پيوسته,حضوري,ارائه در سطح گروه آموزشی,,گروه آموزشي رياضيات و علوم کامپيوتر(7116314),163 - شيراز(163),163 - شيراز(71163),71 - فارس(71)
7000031529,معادلات دیفرانسیل,نظري,3,0,1634254424,,,,,30,,1405/04/07 از 10:00 تا 12:00,,كارشناسي پيوسته,حضوري,ارائه در سطح گروه آموزشی,,گروه آموزشي رياضيات و علوم کامپيوتر(7116314),163 - شيراز(163),163 - شيراز(71163),71 - فارس(71)
7000031529,معادلات دیفرانسیل,نظري,3,0,1634254423,,,,,50,,1405/04/07 از 10:00 تا 12:00,,كارشناسي پيوسته,حضوري,ارائه در سطح گروه آموزشی,,گروه آموزشي رياضيات و علوم کامپيوتر(7116314),163 - شيراز(163),163 - شيراز(71163),71 - فارس(71)
7000031529,معادلات دیفرانسیل,نظري,3,0,1634254422,,,,,40,,1405/04/07 از 10:00 تا 12:00,,كارشناسي پيوسته,حضوري,ارائه در سطح گروه آموزشی,,گروه آموزشي رياضيات و علوم کامپيوتر(7116314),163 - شيراز(163),163 - شيراز(71163),71 - فارس(71)
7000031529,معادلات دیفرانسیل,نظري,3,0,1634254421,,چهارشنبه از 15:45 تا 18:30,مریم سپاسی,,20,,1405/04/07 از 10:00 تا 12:00,مهندسی دو-120,كارشناسي پيوسته,حضوري,ارائه در سطح گروه آموزشی,,گروه آموزشي رياضيات و علوم کامپيوتر(7116314),163 - شيراز(163),163 - شيراز(71163),71 - فارس(71)
7000031529,معادلات دیفرانسیل,نظري,3,0,1634254420,,چهارشنبه از 10:15 تا 13:15,سارا رحیمی,,30,,1405/04/07 از 10:00 تا 12:00,مهندسی یک-116,كارشناسي پيوسته,حضوري,ارائه در سطح گروه آموزشی,,گروه آموزشي رياضيات و علوم کامپيوتر(7116314),163 - شيراز(163),163 - شيراز(71163),71 - فارس(71)
7000031529,معادلات دیفرانسیل,نظري,3,0,1634254419,,,,,40,,1405/04/07 از 10:00 تا 12:00,,كارشناسي پيوسته,حضوري,ارائه در سطح گروه آموزشی,,گروه آموزشي رياضيات و علوم کامپيوتر(7116314),163 - شيراز(163),163 - شيراز(71163),71 - فارس(71)
7000031529,معادلات دیفرانسیل,نظري,3,0,1634254418,,,,,40,,1405/04/07 از 10:00 تا 12:00,,كارشناسي پيوسته,حضوري,ارائه در سطح گروه آموزشی,,گروه آموزشي رياضيات و علوم کامپيوتر(7116314),163 - شيراز(163),163 - شيراز(71163),71 - فارس(71)
4609150360,معادلات دیفرانسل,نظري,2,0,1634254417,,,,,40,,1405/04/07 از 10:00 تا 12:00,,كارشناسي پيوسته,حضوري,ارائه در سطح گروه آموزشی,,گروه آموزشي رياضيات و علوم کامپيوتر(7116314),163 - شيراز(163),163 - شيراز(71163),71 - فارس(71)
4609150360,معادلات دیفرانسل,نظري,2,0,1634254416,,,,,40,,1405/04/07 از 10:00 تا 12:00,,كارشناسي پيوسته,حضوري,ارائه در سطح گروه آموزشی,,گروه آموزشي رياضيات و علوم کامپيوتر(7116314),163 - شيراز(163),163 - شيراز(71163),71 - فارس(71)
4609150360,معادلات دیفرانسل,نظري,2,0,1634254415,,چهارشنبه از 10:15 تا 13:15,سارا رحیمی,,10,,1405/04/07 از 10:00 تا 12:00,مهندسی یک-116,كارشناسي پيوسته,حضوري,ارائه در سطح گروه آموزشی,,گروه آموزشي رياضيات و علوم کامپيوتر(7116314),163 - شيراز(163),163 - شيراز(71163),71 - فارس(71)
4609150360,معادلات دیفرانسل,نظري,2,0,1634254414,,چهارشنبه از 15:45 تا 18:30,مریم سپاسی,,20,,1405/04/07 از 10:00 تا 12:00,مهندسی دو-120,كارشناسي پيوسته,حضوري,ارائه در سطح گروه آموزشی,,گروه آموزشي رياضيات و علوم کامپيوتر(7116314),163 - شيراز(163),163 - شيراز(71163),71 - فارس(71)
4609150360,معادلات دیفرانسل,نظري,2,0,1634254413,,,,,40,,1405/04/07 از 10:00 تا 12:00,,كارشناسي پيوسته,حضوري,ارائه در سطح گروه آموزشی,,گروه آموزشي رياضيات و علوم کامپيوتر(7116314),163 - شيراز(163),163 - شيراز(71163),71 - فارس(71)
4609150360,معادلات دیفرانسل,نظري,2,0,1634254412,,,,,50,,1405/04/07 از 10:00 تا 12:00,,كارشناسي پيوسته,حضوري,ارائه در سطح گروه آموزشی,,گروه آموزشي رياضيات و علوم کامپيوتر(7116314),163 - شيراز(163),163 - شيراز(71163),71 - فارس(71)
4609150360,معادلات دیفرانسل,نظري,2,0,1634254411,,,,,30,,1405/04/07 از 10:00 تا 12:00,,كارشناسي پيوسته,حضوري,ارائه در سطح گروه آموزشی,,گروه آموزشي رياضيات و علوم کامپيوتر(7116314),163 - شيراز(163),163 - شيراز(71163),71 - فارس(71)
4609150360,معادلات دیفرانسل,نظري,2,0,1634254410,,,,,30,,1405/04/07 از 10:00 تا 12:00,,كارشناسي پيوسته,حضوري,ارائه در سطح گروه آموزشی,,گروه آموزشي رياضيات و علوم کامپيوتر(7116314),163 - شيراز(163),163 - شيراز(71163),71 - فارس(71)
4609150360,معادلات دیفرانسل,نظري,2,0,1634254409,,,,,50,,1405/04/07 از 10:00 تا 12:00,,كارشناسي پيوسته,حضوري,ارائه در سطح گروه آموزشی,,گروه آموزشي رياضيات و علوم کامپيوتر(7116314),163 - شيراز(163),163 - شيراز(71163),71 - فارس(71)
4609150360,معادلات دیفرانسل,نظري,2,0,1634254408,,,,,30,,1405/04/07 از 10:00 تا 12:00,,كارشناسي پيوسته,حضوري,ارائه در سطح گروه آموزشی,,گروه آموزشي رياضيات و علوم کامپيوتر(7116314),163 - شيراز(163),163 - شيراز(71163),71 - فارس(71)
4609150360,معادلات دیفرانسل,نظري,2,0,1634254407,,,,,40,,1405/04/07 از 10:00 تا 12:00,,كارشناسي پيوسته,حضوري,ارائه در سطح گروه آموزشی,,گروه آموزشي رياضيات و علوم کامپيوتر(7116314),163 - شيراز(163),163 - شيراز(71163),71 - فارس(71)
4609150360,معادلات دیفرانسل,نظري,2,0,1634254406,,,,,40,,1405/04/07 از 10:00 تا 12:00,,كارشناسي پيوسته,حضوري,ارائه در سطح گروه آموزشی,,گروه آموزشي رياضيات و علوم کامپيوتر(7116314),163 - شيراز(163),163 - شيراز(71163),71 - فارس(71)
4609150360,معادلات دیفرانسل,نظري,2,0,1634254404,,شنبه از 15:45 تا 18:30,وحيد مخبري,,15,,1405/04/07 از 10:00 تا 12:00,مهندسی یک-316,كارشناسي پيوسته,حضوري,ارائه در سطح گروه آموزشی,,گروه آموزشي رياضيات و علوم کامپيوتر(7116314),163 - شيراز(163),163 - شيراز(71163),71 - فارس(71)
4609150360,معادلات دیفرانسل,نظري,2,0,1634254403,,,,,30,,1405/04/07 از 10:00 تا 12:00,,كارشناسي پيوسته,حضوري,ارائه در سطح گروه آموزشی,,گروه آموزشي رياضيات و علوم کامپيوتر(7116314),163 - شيراز(163),163 - شيراز(71163),71 - فارس(71)
55001,ریاضیات پایه(پیش نیاز دانشگاهی),نظري,2,0,1634254201,,,,,55,,1405/04/11 از 10:00 تا 12:00,,كارشناسي پيوسته,حضوري,ارائه در سطح گروه آموزشی,,گروه آموزشي رياضيات و علوم کامپيوتر(7116314),163 - شيراز(163),163 - شيراز(71163),71 - فارس(71)
55001,ریاضیات پایه(پیش نیاز دانشگاهی),نظري,2,0,1634254200,,,,,55,,1405/04/11 از 10:00 تا 12:00,,كارشناسي پيوسته,حضوري,ارائه در سطح گروه آموزشی,,گروه آموزشي رياضيات و علوم کامپيوتر(7116314),163 - شيراز(163),163 - شيراز(71163),71 - فارس(71)
55001,ریاضیات پایه(پیش نیاز دانشگاهی),نظري,2,0,1634254199,,,,,55,,1405/04/11 از 10:00 تا 12:00,,كارشناسي پيوسته,حضوري,ارائه در سطح گروه آموزشی,,گروه آموزشي رياضيات و علوم کامپيوتر(7116314),163 - شيراز(163),163 - شيراز(71163),71 - فارس(71)
55001,ریاضیات پایه(پیش نیاز دانشگاهی),نظري,2,0,1634254197,,,,,0,,1405/04/11 از 10:00 تا 12:00,,كارشناسي پيوسته,حضوري,ارائه در سطح گروه آموزشی,,گروه آموزشي رياضيات و علوم کامپيوتر(7116314),163 - شيراز(163),163 - شيراز(71163),71 - فارس(71)
55001,ریاضیات پایه(پیش نیاز دانشگاهی),نظري,2,0,1634254196,,,,,0,,1405/04/11 از 10:00 تا 12:00,,كارشناسي پيوسته,حضوري,ارائه در سطح گروه آموزشی,,گروه آموزشي رياضيات و علوم کامپيوتر(7116314),163 - شيراز(163),163 - شيراز(71163),71 - فارس(71)
7000031527,ریاضی عمومی 1,نظري,3,0,1634254195,,پنج شنبه از 13:15 تا 15:45,بهرام عزیزی,,50,,1405/04/18 از 10:00 تا 12:00,مهندسی یک-116,كارشناسي پيوسته,حضوري,ارائه در سطح گروه آموزشی,,گروه آموزشي رياضيات و علوم کامپيوتر(7116314),163 - شيراز(163),163 - شيراز(71163),71 - فارس(71)
7000031527,ریاضی عمومی 1,نظري,3,0,1634254194,,يكشنبه از 07:30 تا 10:15,کهیار اسلامی,,40,,1405/04/18 از 10:00 تا 12:00,مهندسی دو-207,كارشناسي پيوسته,حضوري,ارائه در سطح گروه آموزشی,,گروه آموزشي رياضيات و علوم کامپيوتر(7116314),163 - شيراز(163),163 - شيراز(71163),71 - فارس(71)
7000031527,ریاضی عمومی 1,نظري,3,0,1634254193,,يكشنبه از 10:15 تا 13:15,کهیار اسلامی,,40,,1405/04/18 از 10:00 تا 12:00,مهندسی دو-207,كارشناسي پيوسته,حضوري,ارائه در سطح گروه آموزشی,,گروه آموزشي رياضيات و علوم کامپيوتر(7116314),163 - شيراز(163),163 - شيراز(71163),71 - فارس(71)
7000031527,ریاضی عمومی 1,نظري,3,0,1634254191,,,,,0,,1405/04/18 از 10:00 تا 12:00,,كارشناسي پيوسته,حضوري,ارائه در سطح گروه آموزشی,,گروه آموزشي رياضيات و علوم کامپيوتر(7116314),163 - شيراز(163),163 - شيراز(71163),71 - فارس(71)
7000031527,ریاضی عمومی 1,نظري,3,0,1634254190,,,,,0,,1405/04/18 از 10:00 تا 12:00,,كارشناسي پيوسته,حضوري,ارائه در سطح گروه آموزشی,,گروه آموزشي رياضيات و علوم کامپيوتر(7116314),163 - شيراز(163),163 - شيراز(71163),71 - فارس(71)
7000031527,ریاضی عمومی 1,نظري,3,0,1634254189,,,,,50,,1405/04/18 از 10:00 تا 12:00,,كارشناسي پيوسته,حضوري,ارائه در سطح گروه آموزشی,,گروه آموزشي رياضيات و علوم کامپيوتر(7116314),163 - شيراز(163),163 - شيراز(71163),71 - فارس(71)
7000031527,ریاضی عمومی 1,نظري,3,0,1634254188,,,,,50,,1405/04/18 از 10:00 تا 12:00,,كارشناسي پيوسته,حضوري,ارائه در سطح گروه آموزشی,,گروه آموزشي رياضيات و علوم کامپيوتر(7116314),163 - شيراز(163),163 - شيراز(71163),71 - فارس(71)
7000031527,ریاضی عمومی 1,نظري,3,0,1634254187,,,,,30,,1405/04/18 از 10:00 تا 12:00,,كارشناسي پيوسته,حضوري,ارائه در سطح گروه آموزشی,,گروه آموزشي رياضيات و علوم کامپيوتر(7116314),163 - شيراز(163),163 - شيراز(71163),71 - فارس(71)
7000031527,ریاضی عمومی 1,نظري,3,0,1634254186,,,,,35,,1405/04/18 از 10:00 تا 12:00,,كارشناسي پيوسته,حضوري,ارائه در سطح گروه آموزشی,,گروه آموزشي رياضيات و علوم کامپيوتر(7116314),163 - شيراز(163),163 - شيراز(71163),71 - فارس(71)
4628107851,آمار و احتمال مهندسی,نظري,3,0,1634254122,,دوشنبه از 07:30 تا 10:15,محمد کلانتری,,30,,1405/04/17 از 10:00 تا 12:00,مهندسی دو-120,كارشناسي پيوسته,حضوري,ارائه در سطح گروه آموزشی,,گروه آموزشي رياضيات و علوم کامپيوتر(7116314),163 - شيراز(163),163 - شيراز(71163),71 - فارس(71)
4628107851,آمار و احتمال مهندسی,نظري,3,0,1634254121,,,,,20,,1405/04/17 از 10:00 تا 12:00,,كارشناسي پيوسته,حضوري,ارائه در سطح گروه آموزشی,,گروه آموزشي رياضيات و علوم کامپيوتر(7116314),163 - شيراز(163),163 - شيراز(71163),71 - فارس(71)
4628107851,آمار و احتمال مهندسی,نظري,3,0,1634254120,,,,,50,,1405/04/17 از 10:00 تا 12:00,,كارشناسي پيوسته,حضوري,ارائه در سطح گروه آموزشی,,گروه آموزشي رياضيات و علوم کامپيوتر(7116314),163 - شيراز(163),163 - شيراز(71163),71 - فارس(71)
4628107851,آمار و احتمال مهندسی,نظري,3,0,1634254119,,,,,50,,1405/04/17 از 10:00 تا 12:00,,كارشناسي پيوسته,حضوري,ارائه در سطح گروه آموزشی,,گروه آموزشي رياضيات و علوم کامپيوتر(7116314),163 - شيراز(163),163 - شيراز(71163),71 - فارس(71)
4628107851,آمار و احتمال مهندسی,نظري,3,0,1634254118,,,,,50,,1405/04/17 از 10:00 تا 12:00,,كارشناسي پيوسته,حضوري,ارائه در سطح گروه آموزشی,,گروه آموزشي رياضيات و علوم کامپيوتر(7116314),163 - شيراز(163),163 - شيراز(71163),71 - فارس(71)
4628107851,آمار و احتمال مهندسی,نظري,3,0,1634254117,,,,,50,,1405/04/17 از 10:00 تا 12:00,,كارشناسي پيوسته,حضوري,ارائه در سطح گروه آموزشی,,گروه آموزشي رياضيات و علوم کامپيوتر(7116314),163 - شيراز(163),163 - شيراز(71163),71 - فارس(71)
4628107851,آمار و احتمال مهندسی,نظري,3,0,1634254116,,,,,50,,1405/04/17 از 10:00 تا 12:00,,كارشناسي پيوسته,حضوري,ارائه در سطح گروه آموزشی,,گروه آموزشي رياضيات و علوم کامپيوتر(7116314),163 - شيراز(163),163 - شيراز(71163),71 - فارس(71)
4628107851,آمار و احتمال مهندسی,نظري,3,0,1634254115,,,,,50,,1405/04/17 از 10:00 تا 12:00,,كارشناسي پيوسته,حضوري,ارائه در سطح گروه آموزشی,,گروه آموزشي رياضيات و علوم کامپيوتر(7116314),163 - شيراز(163),163 - شيراز(71163),71 - فارس(71)
4628107851,آمار و احتمال مهندسی,نظري,3,0,1634254114,,,,,50,,1405/04/17 از 10:00 تا 12:00,,كارشناسي پيوسته,حضوري,ارائه در سطح گروه آموزشی,,گروه آموزشي رياضيات و علوم کامپيوتر(7116314),163 - شيراز(163),163 - شيراز(71163),71 - فارس(71)
4628107851,آمار و احتمال مهندسی,نظري,3,0,1634254113,,,,,50,,1405/04/17 از 10:00 تا 12:00,,كارشناسي پيوسته,حضوري,ارائه در سطح گروه آموزشی,,گروه آموزشي رياضيات و علوم کامپيوتر(7116314),163 - شيراز(163),163 - شيراز(71163),71 - فارس(71)
7000031530,آمار و احتمال مهندسی,نظري,3,0,1634254111,,دوشنبه از 07:30 تا 10:15,محمد کلانتری,,30,,1405/04/17 از 10:00 تا 12:00,مهندسی دو-120,كارشناسي پيوسته,حضوري,ارائه در سطح گروه آموزشی,,گروه آموزشي رياضيات و علوم کامپيوتر(7116314),163 - شيراز(163),163 - شيراز(71163),71 - فارس(71)
7000031530,آمار و احتمال مهندسی,نظري,3,0,1634254106,,,,,25,,1405/04/17 از 10:00 تا 12:00,,كارشناسي پيوسته,حضوري,ارائه در سطح گروه آموزشی,,گروه آموزشي رياضيات و علوم کامپيوتر(7116314),163 - شيراز(163),163 - شيراز(71163),71 - فارس(71)
7000031530,آمار و احتمال مهندسی,نظري,3,0,1634254105,,,,,50,,1405/04/17 از 10:00 تا 12:00,,كارشناسي پيوسته,حضوري,ارائه در سطح گروه آموزشی,,گروه آموزشي رياضيات و علوم کامپيوتر(7116314),163 - شيراز(163),163 - شيراز(71163),71 - فارس(71)
7000031530,آمار و احتمال مهندسی,نظري,3,0,1634254104,,,,,50,,1405/04/17 از 10:00 تا 12:00,,كارشناسي پيوسته,حضوري,ارائه در سطح گروه آموزشی,,گروه آموزشي رياضيات و علوم کامپيوتر(7116314),163 - شيراز(163),163 - شيراز(71163),71 - فارس(71)
7000031530,آمار و احتمال مهندسی,نظري,3,0,1634254103,,,,,50,,1405/04/17 از 10:00 تا 12:00,,كارشناسي پيوسته,حضوري,ارائه در سطح گروه آموزشی,,گروه آموزشي رياضيات و علوم کامپيوتر(7116314),163 - شيراز(163),163 - شيراز(71163),71 - فارس(71)
7000031530,آمار و احتمال مهندسی,نظري,3,0,1634254102,,,,,50,,1405/04/17 از 10:00 تا 12:00,,كارشناسي پيوسته,حضوري,ارائه در سطح گروه آموزشی,,گروه آموزشي رياضيات و علوم کامپيوتر(7116314),163 - شيراز(163),163 - شيراز(71163),71 - فارس(71)
7000031530,آمار و احتمال مهندسی,نظري,3,0,1634254101,,,,,50,,1405/04/17 از 10:00 تا 12:00,,كارشناسي پيوسته,حضوري,ارائه در سطح گروه آموزشی,,گروه آموزشي رياضيات و علوم کامپيوتر(7116314),163 - شيراز(163),163 - شيراز(71163),71 - فارس(71)
7000031530,آمار و احتمال مهندسی,نظري,3,0,1634254100,,,,,50,,1405/04/17 از 10:00 تا 12:00,,كارشناسي پيوسته,حضوري,ارائه در سطح گروه آموزشی,,گروه آموزشي رياضيات و علوم کامپيوتر(7116314),163 - شيراز(163),163 - شيراز(71163),71 - فارس(71)
7000031530,آمار و احتمال مهندسی,نظري,3,0,1634254099,,,,,50,,1405/04/17 از 10:00 تا 12:00,,كارشناسي پيوسته,حضوري,ارائه در سطح گروه آموزشی,,گروه آموزشي رياضيات و علوم کامپيوتر(7116314),163 - شيراز(163),163 - شيراز(71163),71 - فارس(71)
7000031530,آمار و احتمال مهندسی,نظري,3,0,1634254098,,,,,50,,1405/04/17 از 10:00 تا 12:00,,كارشناسي پيوسته,حضوري,ارائه در سطح گروه آموزشی,,گروه آموزشي رياضيات و علوم کامپيوتر(7116314),163 - شيراز(163),163 - شيراز(71163),71 - فارس(71)
55005,آمار و احتمال (پیش نیاز دانشگاهی),نظري,2,0,1634254096,,,,,40,,1405/04/17 از 10:00 تا 12:00,,كارشناسي پيوسته,حضوري,ارائه در سطح گروه آموزشی,,گروه آموزشي رياضيات و علوم کامپيوتر(7116314),163 - شيراز(163),163 - شيراز(71163),71 - فارس(71)
55005,آمار و احتمال (پیش نیاز دانشگاهی),نظري,2,0,1634254095,,,,,55,,1405/04/17 از 10:00 تا 12:00,,كارشناسي پيوسته,حضوري,ارائه در سطح گروه آموزشی,,گروه آموزشي رياضيات و علوم کامپيوتر(7116314),163 - شيراز(163),163 - شيراز(71163),71 - فارس(71)